panel,county,fips,screening_group,polygon,point,longitude,latitude,value,unit
Physicians,Barnstable,25001,Not selected,,,,,83.45177400216453,"physicians per 100,000"
Poverty,Barnstable,25001,Not selected,,,,,7.4330829116901045,percent
Age,Barnstable,25001,Not selected,,,,,32.26541141289938,percent
Stability,Barnstable,25001,Not selected,,,,,1,of 8 scenarios
Physicians,Berkshire,25003,Not selected,,,,,118.70641248916414,"physicians per 100,000"
Poverty,Berkshire,25003,Not selected,,,,,10.994128200946012,percent
Age,Berkshire,25003,Not selected,,,,,24.621428069380773,percent
Stability,Berkshire,25003,Not selected,,,,,0,of 8 scenarios
Physicians,Bristol,25005,Investigate,,,,,55.14871135268206,"physicians per 100,000"
Poverty,Bristol,25005,Investigate,,,,,11.645687827085077,percent
Age,Bristol,25005,Investigate,,,,,17.422843668098114,percent
Stability,Bristol,25005,Investigate,,,,,7,of 8 scenarios
Physicians,Dukes,25007,Investigate,,,,,67.46662811430774,"physicians per 100,000"
Poverty,Dukes,25007,Investigate,,,,,5.37928341306258,percent
Age,Dukes,25007,Investigate,,,,,25.960194689412557,percent
Stability,Dukes,25007,Investigate,,,,,7,of 8 scenarios
Physicians,Essex,25009,Investigate,,,,,74.20180413201231,"physicians per 100,000"
Poverty,Essex,25009,Investigate,,,,,9.378114826479294,percent
Age,Essex,25009,Investigate,,,,,18.008245195464152,percent
Stability,Essex,25009,Investigate,,,,,6,of 8 scenarios
Physicians,Franklin,25011,Investigate,,,,,60.629987874002424,"physicians per 100,000"
Poverty,Franklin,25011,Investigate,,,,,12.157411905918664,percent
Age,Franklin,25011,Investigate,,,,,23.931925213614957,percent
Stability,Franklin,25011,Investigate,,,,,8,of 8 scenarios
Physicians,Hampden,25013,Investigate,,,,,70.21667786532657,"physicians per 100,000"
Poverty,Hampden,25013,Investigate,,,,,15.714625055222188,percent
Age,Hampden,25013,Investigate,,,,,17.828122535664672,percent
Stability,Hampden,25013,Investigate,,,,,8,of 8 scenarios
Physicians,Hampshire,25015,Not selected,,,,,118.77773875283374,"physicians per 100,000"
Poverty,Hampshire,25015,Not selected,,,,,10.89992758014218,percent
Age,Hampshire,25015,Not selected,,,,,19.330757687027045,percent
Stability,Hampshire,25015,Not selected,,,,,0,of 8 scenarios
Physicians,Middlesex,25017,Not selected,,,,,122.06573927103153,"physicians per 100,000"
Poverty,Middlesex,25017,Not selected,,,,,7.516098290864721,percent
Age,Middlesex,25017,Not selected,,,,,15.995479685697667,percent
Stability,Middlesex,25017,Not selected,,,,,0,of 8 scenarios
Physicians,Nantucket,25019,Not selected,,,,,55.94796838939786,"physicians per 100,000"
Poverty,Nantucket,25019,Not selected,,,,,3.0255902728686555,percent
Age,Nantucket,25019,Not selected,,,,,15.504580739911882,percent
Stability,Nantucket,25019,Not selected,,,,,0,of 8 scenarios
Physicians,Norfolk,25021,Not selected,,,,,121.31835371408066,"physicians per 100,000"
Poverty,Norfolk,25021,Not selected,,,,,6.628655601975898,percent
Age,Norfolk,25021,Not selected,,,,,17.414083418444807,percent
Stability,Norfolk,25021,Not selected,,,,,0,of 8 scenarios
Physicians,Plymouth,25023,Investigate,,,,,62.04302025422598,"physicians per 100,000"
Poverty,Plymouth,25023,Investigate,,,,,7.088959377485602,percent
Age,Plymouth,25023,Investigate,,,,,19.209835134774362,percent
Stability,Plymouth,25023,Investigate,,,,,7,of 8 scenarios
Physicians,Suffolk,25025,Not selected,,,,,167.86589138961762,"physicians per 100,000"
Poverty,Suffolk,25025,Not selected,,,,,16.45692119563017,percent
Age,Suffolk,25025,Not selected,,,,,12.965946109039955,percent
Stability,Suffolk,25025,Not selected,,,,,0,of 8 scenarios
Physicians,Worcester,25027,Not selected,,,,,94.81654101830875,"physicians per 100,000"
Poverty,Worcester,25027,Not selected,,,,,10.332579761638618,percent
Age,Worcester,25027,Not selected,,,,,16.562836558101534,percent
Stability,Worcester,25027,Not selected,,,,,0,of 8 scenarios
Map,Barnstable,25001,Not selected,25001-0,0,-70.686981,41.52949,,boundary vertex
Map,Barnstable,25001,Not selected,25001-0,1,-70.683269,41.5329,,boundary vertex
Map,Barnstable,25001,Not selected,25001-0,2,-70.6805711662669,41.5314746411729,,boundary vertex
Map,Barnstable,25001,Not selected,25001-0,3,-70.679228,41.530765,,boundary vertex
Map,Barnstable,25001,Not selected,25001-0,4,-70.6768683998947,41.5292931456566,,boundary vertex
Map,Barnstable,25001,Not selected,25001-0,5,-70.676376,41.528986,,boundary vertex
Map,Barnstable,25001,Not selected,25001-0,6,-70.672012,41.531779,,boundary vertex
Map,Barnstable,25001,Not selected,25001-0,7,-70.668057,41.5329,,boundary vertex
Map,Barnstable,25001,Not selected,25001-0,8,-70.668555,41.536461,,boundary vertex
Map,Barnstable,25001,Not selected,25001-0,9,-70.666508,41.539958,,boundary vertex
Map,Barnstable,25001,Not selected,25001-0,10,-70.658659,41.543385,,boundary vertex
Map,Barnstable,25001,Not selected,25001-0,11,-70.6566607013382,41.5463849705181,,boundary vertex
Map,Barnstable,25001,Not selected,25001-0,12,-70.654302,41.549926,,boundary vertex
Map,Barnstable,25001,Not selected,25001-0,13,-70.655365,41.557498,,boundary vertex
Map,Barnstable,25001,Not selected,25001-0,14,-70.653899,41.56516,,boundary vertex
Map,Barnstable,25001,Not selected,25001-0,15,-70.649281,41.565807,,boundary vertex
Map,Barnstable,25001,Not selected,25001-0,16,-70.64878,41.56987,,boundary vertex
Map,Barnstable,25001,Not selected,25001-0,17,-70.642748,41.572385,,boundary vertex
Map,Barnstable,25001,Not selected,25001-0,18,-70.6415607866895,41.5756432409744,,boundary vertex
Map,Barnstable,25001,Not selected,25001-0,19,-70.6411970181086,41.5766415836351,,boundary vertex
Map,Barnstable,25001,Not selected,25001-0,20,-70.640948,41.577325,,boundary vertex
Map,Barnstable,25001,Not selected,25001-0,21,-70.64204,41.583066,,boundary vertex
Map,Barnstable,25001,Not selected,25001-0,22,-70.6423112509916,41.5836430565815,,boundary vertex
Map,Barnstable,25001,Not selected,25001-0,23,-70.652449,41.60521,,boundary vertex
Map,Barnstable,25001,Not selected,25001-0,24,-70.6524181744816,41.6055411579446,,boundary vertex
Map,Barnstable,25001,Not selected,25001-0,25,-70.6522993207611,41.6068180011538,,boundary vertex
Map,Barnstable,25001,Not selected,25001-0,26,-70.651986,41.610184,,boundary vertex
Map,Barnstable,25001,Not selected,25001-0,27,-70.646849,41.613502,,boundary vertex
Map,Barnstable,25001,Not selected,25001-0,28,-70.646128,41.619716,,boundary vertex
Map,Barnstable,25001,Not selected,25001-0,29,-70.64094826999,41.623859784008,,boundary vertex
Map,Barnstable,25001,Not selected,25001-0,30,-70.640003,41.624616,,boundary vertex
Map,Barnstable,25001,Not selected,25001-0,31,-70.6400311793113,41.6246913394241,,boundary vertex
Map,Barnstable,25001,Not selected,25001-0,32,-70.641789,41.629391,,boundary vertex
Map,Barnstable,25001,Not selected,25001-0,33,-70.646782,41.635028,,boundary vertex
Map,Barnstable,25001,Not selected,25001-0,34,-70.646267,41.635412,,boundary vertex
Map,Barnstable,25001,Not selected,25001-0,35,-70.643771,41.634816,,boundary vertex
Map,Barnstable,25001,Not selected,25001-0,36,-70.642047,41.635566,,boundary vertex
Map,Barnstable,25001,Not selected,25001-0,37,-70.644868,41.640218,,boundary vertex
Map,Barnstable,25001,Not selected,25001-0,38,-70.64616,41.640704,,boundary vertex
Map,Barnstable,25001,Not selected,25001-0,39,-70.652614,41.637829,,boundary vertex
Map,Barnstable,25001,Not selected,25001-0,40,-70.65327,41.638982,,boundary vertex
Map,Barnstable,25001,Not selected,25001-0,41,-70.650437,41.641663,,boundary vertex
Map,Barnstable,25001,Not selected,25001-0,42,-70.650724,41.64613,,boundary vertex
Map,Barnstable,25001,Not selected,25001-0,43,-70.6480012215395,41.6464068619538,,boundary vertex
Map,Barnstable,25001,Not selected,25001-0,44,-70.645868691599,41.646623705305,,boundary vertex
Map,Barnstable,25001,Not selected,25001-0,45,-70.644725,41.64674,,boundary vertex
Map,Barnstable,25001,Not selected,25001-0,46,-70.640477,41.648914,,boundary vertex
Map,Barnstable,25001,Not selected,25001-0,47,-70.633734,41.648933,,boundary vertex
Map,Barnstable,25001,Not selected,25001-0,48,-70.6302949837224,41.6506201155208,,boundary vertex
Map,Barnstable,25001,Not selected,25001-0,49,-70.62609,41.652683,,boundary vertex
Map,Barnstable,25001,Not selected,25001-0,50,-70.623851,41.65626,,boundary vertex
Map,Barnstable,25001,Not selected,25001-0,51,-70.621303,41.656106,,boundary vertex
Map,Barnstable,25001,Not selected,25001-0,52,-70.620533,41.657266,,boundary vertex
Map,Barnstable,25001,Not selected,25001-0,53,-70.6208408069977,41.6574428130082,,boundary vertex
Map,Barnstable,25001,Not selected,25001-0,54,-70.631725,41.663695,,boundary vertex
Map,Barnstable,25001,Not selected,25001-0,55,-70.634719,41.66376,,boundary vertex
Map,Barnstable,25001,Not selected,25001-0,56,-70.640724,41.659456,,boundary vertex
Map,Barnstable,25001,Not selected,25001-0,57,-70.645715,41.659456,,boundary vertex
Map,Barnstable,25001,Not selected,25001-0,58,-70.6474878598065,41.6604752310504,,boundary vertex
Map,Barnstable,25001,Not selected,25001-0,59,-70.651956,41.663044,,boundary vertex
Map,Barnstable,25001,Not selected,25001-0,60,-70.6519773740845,41.663092097634,,boundary vertex
Map,Barnstable,25001,Not selected,25001-0,61,-70.653754,41.66709,,boundary vertex
Map,Barnstable,25001,Not selected,25001-0,62,-70.648613,41.670328,,boundary vertex
Map,Barnstable,25001,Not selected,25001-0,63,-70.642481,41.671165,,boundary vertex
Map,Barnstable,25001,Not selected,25001-0,64,-70.637277,41.669362,,boundary vertex
Map,Barnstable,25001,Not selected,25001-0,65,-70.636143,41.667799,,boundary vertex
Map,Barnstable,25001,Not selected,25001-0,66,-70.6350214209399,41.6687199742499,,boundary vertex
Map,Barnstable,25001,Not selected,25001-0,67,-70.632917,41.670448,,boundary vertex
Map,Barnstable,25001,Not selected,25001-0,68,-70.632742,41.675594,,boundary vertex
Map,Barnstable,25001,Not selected,25001-0,69,-70.636347,41.680002,,boundary vertex
Map,Barnstable,25001,Not selected,25001-0,70,-70.638934,41.679828,,boundary vertex
Map,Barnstable,25001,Not selected,25001-0,71,-70.645213,41.681391,,boundary vertex
Map,Barnstable,25001,Not selected,25001-0,72,-70.657339,41.68148,,boundary vertex
Map,Barnstable,25001,Not selected,25001-0,73,-70.660359,41.679958,,boundary vertex
Map,Barnstable,25001,Not selected,25001-0,74,-70.662036,41.68094,,boundary vertex
Map,Barnstable,25001,Not selected,25001-0,75,-70.660736,41.683063,,boundary vertex
Map,Barnstable,25001,Not selected,25001-0,76,-70.657655,41.684431,,boundary vertex
Map,Barnstable,25001,Not selected,25001-0,77,-70.655562,41.686776,,boundary vertex
Map,Barnstable,25001,Not selected,25001-0,78,-70.652016,41.687774,,boundary vertex
Map,Barnstable,25001,Not selected,25001-0,79,-70.650184,41.690184,,boundary vertex
Map,Barnstable,25001,Not selected,25001-0,80,-70.649109,41.690596,,boundary vertex
Map,Barnstable,25001,Not selected,25001-0,81,-70.645911,41.690205,,boundary vertex
Map,Barnstable,25001,Not selected,25001-0,82,-70.644748,41.691486,,boundary vertex
Map,Barnstable,25001,Not selected,25001-0,83,-70.645962,41.693794,,boundary vertex
Map,Barnstable,25001,Not selected,25001-0,84,-70.642452,41.695241,,boundary vertex
Map,Barnstable,25001,Not selected,25001-0,85,-70.636667,41.696631,,boundary vertex
Map,Barnstable,25001,Not selected,25001-0,86,-70.631492,41.696305,,boundary vertex
Map,Barnstable,25001,Not selected,25001-0,87,-70.62544,41.698691,,boundary vertex
Map,Barnstable,25001,Not selected,25001-0,88,-70.6234071638273,41.6994990347936,,boundary vertex
Map,Barnstable,25001,Not selected,25001-0,89,-70.620816,41.700529,,boundary vertex
Map,Barnstable,25001,Not selected,25001-0,90,-70.617572,41.701141,,boundary vertex
Map,Barnstable,25001,Not selected,25001-0,91,-70.6182999192065,41.7022285969321,,boundary vertex
Map,Barnstable,25001,Not selected,25001-0,92,-70.618677,41.702792,,boundary vertex
Map,Barnstable,25001,Not selected,25001-0,93,-70.623847,41.703723,,boundary vertex
Map,Barnstable,25001,Not selected,25001-0,94,-70.623652,41.707398,,boundary vertex
Map,Barnstable,25001,Not selected,25001-0,95,-70.626529,41.712995,,boundary vertex
Map,Barnstable,25001,Not selected,25001-0,96,-70.630988244546,41.7136850775591,,boundary vertex
Map,Barnstable,25001,Not selected,25001-0,97,-70.633831,41.714125,,boundary vertex
Map,Barnstable,25001,Not selected,25001-0,98,-70.639725,41.717355,,boundary vertex
Map,Barnstable,25001,Not selected,25001-0,99,-70.6423549387897,41.7175502179234,,boundary vertex
Map,Barnstable,25001,Not selected,25001-0,100,-70.6430739126182,41.7176035866855,,boundary vertex
Map,Barnstable,25001,Not selected,25001-0,101,-70.640276,41.723609,,boundary vertex
Map,Barnstable,25001,Not selected,25001-0,102,-70.639476,41.726473,,boundary vertex
Map,Barnstable,25001,Not selected,25001-0,103,-70.63939,41.728018,,boundary vertex
Map,Barnstable,25001,Not selected,25001-0,104,-70.63258,41.733657,,boundary vertex
Map,Barnstable,25001,Not selected,25001-0,105,-70.633268,41.735465,,boundary vertex
Map,Barnstable,25001,Not selected,25001-0,106,-70.632706,41.737759,,boundary vertex
Map,Barnstable,25001,Not selected,25001-0,107,-70.625988,41.744969,,boundary vertex
Map,Barnstable,25001,Not selected,25001-0,108,-70.623193,41.745615,,boundary vertex
Map,Barnstable,25001,Not selected,25001-0,109,-70.621571,41.746418,,boundary vertex
Map,Barnstable,25001,Not selected,25001-0,110,-70.621139,41.747018,,boundary vertex
Map,Barnstable,25001,Not selected,25001-0,111,-70.620785,41.74753,,boundary vertex
Map,Barnstable,25001,Not selected,25001-0,112,-70.621622,41.748972,,boundary vertex
Map,Barnstable,25001,Not selected,25001-0,113,-70.625156,41.751144,,boundary vertex
Map,Barnstable,25001,Not selected,25001-0,114,-70.62587,41.755199,,boundary vertex
Map,Barnstable,25001,Not selected,25001-0,115,-70.629978,41.761134,,boundary vertex
Map,Barnstable,25001,Not selected,25001-0,116,-70.632555,41.762904,,boundary vertex
Map,Barnstable,25001,Not selected,25001-0,117,-70.603945,41.774296,,boundary vertex
Map,Barnstable,25001,Not selected,25001-0,118,-70.602939,41.774696,,boundary vertex
Map,Barnstable,25001,Not selected,25001-0,119,-70.56857,41.785647,,boundary vertex
Map,Barnstable,25001,Not selected,25001-0,120,-70.565363,41.786669,,boundary vertex
Map,Barnstable,25001,Not selected,25001-0,121,-70.560881,41.790544,,boundary vertex
Map,Barnstable,25001,Not selected,25001-0,122,-70.547559,41.802056,,boundary vertex
Map,Barnstable,25001,Not selected,25001-0,123,-70.545887,41.8035,,boundary vertex
Map,Barnstable,25001,Not selected,25001-0,124,-70.545869,41.803516,,boundary vertex
Map,Barnstable,25001,Not selected,25001-0,125,-70.5372893339932,41.8108590611294,,boundary vertex
Map,Barnstable,25001,Not selected,25001-0,126,-70.532656,41.804796,,boundary vertex
Map,Barnstable,25001,Not selected,25001-0,127,-70.5194131967539,41.7927710655732,,boundary vertex
Map,Barnstable,25001,Not selected,25001-0,128,-70.517411,41.790953,,boundary vertex
Map,Barnstable,25001,Not selected,25001-0,129,-70.5173146662144,41.7908994887114,,boundary vertex
Map,Barnstable,25001,Not selected,25001-0,130,-70.4970084006171,41.7796198070176,,boundary vertex
Map,Barnstable,25001,Not selected,25001-0,131,-70.494519,41.778237,,boundary vertex
Map,Barnstable,25001,Not selected,25001-0,132,-70.4943648021352,41.7768115700568,,boundary vertex
Map,Barnstable,25001,Not selected,25001-0,133,-70.4943537018169,41.7767089569234,,boundary vertex
Map,Barnstable,25001,Not selected,25001-0,134,-70.4942286166731,41.7755526496706,,boundary vertex
Map,Barnstable,25001,Not selected,25001-0,135,-70.4942105744323,41.7753858642852,,boundary vertex
Map,Barnstable,25001,Not selected,25001-0,136,-70.494048,41.773883,,boundary vertex
Map,Barnstable,25001,Not selected,25001-0,137,-70.4757828206242,41.7638800212522,,boundary vertex
Map,Barnstable,25001,Not selected,25001-0,138,-70.471552,41.761563,,boundary vertex
Map,Barnstable,25001,Not selected,25001-0,139,-70.4478224226823,41.7543507686344,,boundary vertex
Map,Barnstable,25001,Not selected,25001-0,140,-70.429816,41.748878,,boundary vertex
Map,Barnstable,25001,Not selected,25001-0,141,-70.4286501826887,41.7479427159062,,boundary vertex
Map,Barnstable,25001,Not selected,25001-0,142,-70.4285853132763,41.7478906740219,,boundary vertex
Map,Barnstable,25001,Not selected,25001-0,143,-70.428578967893,41.7478855833992,,boundary vertex
Map,Barnstable,25001,Not selected,25001-0,144,-70.428309,41.747669,,boundary vertex
Map,Barnstable,25001,Not selected,25001-0,145,-70.399988,41.741721,,boundary vertex
Map,Barnstable,25001,Not selected,25001-0,146,-70.3835913962553,41.7397638121793,,boundary vertex
Map,Barnstable,25001,Not selected,25001-0,147,-70.375341,41.738779,,boundary vertex
Map,Barnstable,25001,Not selected,25001-0,148,-70.3634158571777,41.7381262411794,,boundary vertex
Map,Barnstable,25001,Not selected,25001-0,149,-70.3206940473572,41.7357877334897,,boundary vertex
Map,Barnstable,25001,Not selected,25001-0,150,-70.295561,41.734412,,boundary vertex
Map,Barnstable,25001,Not selected,25001-0,151,-70.28834,41.731981,,boundary vertex
Map,Barnstable,25001,Not selected,25001-0,152,-70.283091,41.728951,,boundary vertex
Map,Barnstable,25001,Not selected,25001-0,153,-70.275248,41.725807,,boundary vertex
Map,Barnstable,25001,Not selected,25001-0,154,-70.273879,41.72431,,boundary vertex
Map,Barnstable,25001,Not selected,25001-0,155,-70.274404,41.723498,,boundary vertex
Map,Barnstable,25001,Not selected,25001-0,156,-70.278905,41.722574,,boundary vertex
Map,Barnstable,25001,Not selected,25001-0,157,-70.281774,41.72242,,boundary vertex
Map,Barnstable,25001,Not selected,25001-0,158,-70.285524,41.725247,,boundary vertex
Map,Barnstable,25001,Not selected,25001-0,159,-70.288168,41.729208,,boundary vertex
Map,Barnstable,25001,Not selected,25001-0,160,-70.290249,41.729502,,boundary vertex
Map,Barnstable,25001,Not selected,25001-0,161,-70.292124,41.728774,,boundary vertex
Map,Barnstable,25001,Not selected,25001-0,162,-70.292049,41.72757,,boundary vertex
Map,Barnstable,25001,Not selected,25001-0,163,-70.293193,41.725345,,boundary vertex
Map,Barnstable,25001,Not selected,25001-0,164,-70.296268,41.725261,,boundary vertex
Map,Barnstable,25001,Not selected,25001-0,165,-70.303262,41.727486,,boundary vertex
Map,Barnstable,25001,Not selected,25001-0,166,-70.31924,41.728887,,boundary vertex
Map,Barnstable,25001,Not selected,25001-0,167,-70.332496,41.731806,,boundary vertex
Map,Barnstable,25001,Not selected,25001-0,168,-70.340795,41.730776,,boundary vertex
Map,Barnstable,25001,Not selected,25001-0,169,-70.346043,41.732125,,boundary vertex
Map,Barnstable,25001,Not selected,25001-0,170,-70.348896,41.731486,,boundary vertex
Map,Barnstable,25001,Not selected,25001-0,171,-70.363299,41.732976,,boundary vertex
Map,Barnstable,25001,Not selected,25001-0,172,-70.373139,41.732976,,boundary vertex
Map,Barnstable,25001,Not selected,25001-0,173,-70.382836,41.734679,,boundary vertex
Map,Barnstable,25001,Not selected,25001-0,174,-70.385261,41.733934,,boundary vertex
Map,Barnstable,25001,Not selected,25001-0,175,-70.38412,41.730954,,boundary vertex
Map,Barnstable,25001,Not selected,25001-0,176,-70.388968,41.729145,,boundary vertex
Map,Barnstable,25001,Not selected,25001-0,177,-70.3932458258692,41.7298348673138,,boundary vertex
Map,Barnstable,25001,Not selected,25001-0,178,-70.394245,41.729996,,boundary vertex
Map,Barnstable,25001,Not selected,25001-0,179,-70.396384,41.727868,,boundary vertex
Map,Barnstable,25001,Not selected,25001-0,180,-70.3960389445917,41.7270312179537,,boundary vertex
Map,Barnstable,25001,Not selected,25001-0,181,-70.395243,41.725101,,boundary vertex
Map,Barnstable,25001,Not selected,25001-0,182,-70.385546,41.72063,,boundary vertex
Map,Barnstable,25001,Not selected,25001-0,183,-70.382123,41.721482,,boundary vertex
Map,Barnstable,25001,Not selected,25001-0,184,-70.362586,41.711901,,boundary vertex
Map,Barnstable,25001,Not selected,25001-0,185,-70.360875,41.708814,,boundary vertex
Map,Barnstable,25001,Not selected,25001-0,186,-70.362871,41.705088,,boundary vertex
Map,Barnstable,25001,Not selected,25001-0,187,-70.357309,41.702532,,boundary vertex
Map,Barnstable,25001,Not selected,25001-0,188,-70.34205,41.701361,,boundary vertex
Map,Barnstable,25001,Not selected,25001-0,189,-70.3413145007649,41.7014997170994,,boundary vertex
Map,Barnstable,25001,Not selected,25001-0,190,-70.328503,41.703916,,boundary vertex
Map,Barnstable,25001,Not selected,25001-0,191,-70.327077,41.70562,,boundary vertex
Map,Barnstable,25001,Not selected,25001-0,192,-70.329216,41.70892,,boundary vertex
Map,Barnstable,25001,Not selected,25001-0,193,-70.327362,41.711263,,boundary vertex
Map,Barnstable,25001,Not selected,25001-0,194,-70.319804,41.709666,,boundary vertex
Map,Barnstable,25001,Not selected,25001-0,195,-70.306541,41.710304,,boundary vertex
Map,Barnstable,25001,Not selected,25001-0,196,-70.3007151918888,41.7085442927245,,boundary vertex
Map,Barnstable,25001,Not selected,25001-0,197,-70.300552,41.708495,,boundary vertex
Map,Barnstable,25001,Not selected,25001-0,198,-70.294277,41.710837,,boundary vertex
Map,Barnstable,25001,Not selected,25001-0,199,-70.284009,41.709879,,boundary vertex
Map,Barnstable,25001,Not selected,25001-0,200,-70.278019,41.709985,,boundary vertex
Map,Barnstable,25001,Not selected,25001-0,201,-70.26855,41.712927,,boundary vertex
Map,Barnstable,25001,Not selected,25001-0,202,-70.267101,41.712875,,boundary vertex
Map,Barnstable,25001,Not selected,25001-0,203,-70.264273,41.711706,,boundary vertex
Map,Barnstable,25001,Not selected,25001-0,204,-70.26418,41.711287,,boundary vertex
Map,Barnstable,25001,Not selected,25001-0,205,-70.26633,41.70867,,boundary vertex
Map,Barnstable,25001,Not selected,25001-0,206,-70.265348,41.707187,,boundary vertex
Map,Barnstable,25001,Not selected,25001-0,207,-70.263128,41.707048,,boundary vertex
Map,Barnstable,25001,Not selected,25001-0,208,-70.2628037923615,41.7075694005973,,boundary vertex
Map,Barnstable,25001,Not selected,25001-0,209,-70.261913,41.709002,,boundary vertex
Map,Barnstable,25001,Not selected,25001-0,210,-70.258138,41.710044,,boundary vertex
Map,Barnstable,25001,Not selected,25001-0,211,-70.257012,41.709951,,boundary vertex
Map,Barnstable,25001,Not selected,25001-0,212,-70.256183,41.709367,,boundary vertex
Map,Barnstable,25001,Not selected,25001-0,213,-70.256136,41.708269,,boundary vertex
Map,Barnstable,25001,Not selected,25001-0,214,-70.255711,41.707915,,boundary vertex
Map,Barnstable,25001,Not selected,25001-0,215,-70.254978,41.708047,,boundary vertex
Map,Barnstable,25001,Not selected,25001-0,216,-70.253422,41.70804,,boundary vertex
Map,Barnstable,25001,Not selected,25001-0,217,-70.252838,41.70746,,boundary vertex
Map,Barnstable,25001,Not selected,25001-0,218,-70.251195,41.707339,,boundary vertex
Map,Barnstable,25001,Not selected,25001-0,219,-70.250238,41.707737,,boundary vertex
Map,Barnstable,25001,Not selected,25001-0,220,-70.250347,41.708451,,boundary vertex
Map,Barnstable,25001,Not selected,25001-0,221,-70.250656,41.709259,,boundary vertex
Map,Barnstable,25001,Not selected,25001-0,222,-70.248368,41.711682,,boundary vertex
Map,Barnstable,25001,Not selected,25001-0,223,-70.244324,41.712271,,boundary vertex
Map,Barnstable,25001,Not selected,25001-0,224,-70.242668,41.711154,,boundary vertex
Map,Barnstable,25001,Not selected,25001-0,225,-70.24102,41.710539,,boundary vertex
Map,Barnstable,25001,Not selected,25001-0,226,-70.240186,41.710649,,boundary vertex
Map,Barnstable,25001,Not selected,25001-0,227,-70.239931,41.711175,,boundary vertex
Map,Barnstable,25001,Not selected,25001-0,228,-70.240588,41.712644,,boundary vertex
Map,Barnstable,25001,Not selected,25001-0,229,-70.241087,41.714632,,boundary vertex
Map,Barnstable,25001,Not selected,25001-0,230,-70.239298,41.716216,,boundary vertex
Map,Barnstable,25001,Not selected,25001-0,231,-70.239506,41.718141,,boundary vertex
Map,Barnstable,25001,Not selected,25001-0,232,-70.238175,41.720066,,boundary vertex
Map,Barnstable,25001,Not selected,25001-0,233,-70.235304,41.722457,,boundary vertex
Map,Barnstable,25001,Not selected,25001-0,234,-70.239318,41.725625,,boundary vertex
Map,Barnstable,25001,Not selected,25001-0,235,-70.239318,41.7260336666667,,boundary vertex
Map,Barnstable,25001,Not selected,25001-0,236,-70.239318,41.726881,,boundary vertex
Map,Barnstable,25001,Not selected,25001-0,237,-70.240777,41.727528,,boundary vertex
Map,Barnstable,25001,Not selected,25001-0,238,-70.234648,41.732042,,boundary vertex
Map,Barnstable,25001,Not selected,25001-0,239,-70.216073,41.742981,,boundary vertex
Map,Barnstable,25001,Not selected,25001-0,240,-70.2060181154601,41.7463556230562,,boundary vertex
Map,Barnstable,25001,Not selected,25001-0,241,-70.189254,41.751982,,boundary vertex
Map,Barnstable,25001,Not selected,25001-0,242,-70.183804,41.75058,,boundary vertex
Map,Barnstable,25001,Not selected,25001-0,243,-70.1807184136737,41.7511628147655,,boundary vertex
Map,Barnstable,25001,Not selected,25001-0,244,-70.14991,41.756982,,boundary vertex
Map,Barnstable,25001,Not selected,25001-0,245,-70.141533,41.760072,,boundary vertex
Map,Barnstable,25001,Not selected,25001-0,246,-70.121978,41.758841,,boundary vertex
Map,Barnstable,25001,Not selected,25001-0,247,-70.1219620657409,41.7588457390234,,boundary vertex
Map,Barnstable,25001,Not selected,25001-0,248,-70.1146176835664,41.7610300388189,,boundary vertex
Map,Barnstable,25001,Not selected,25001-0,249,-70.096061,41.766549,,boundary vertex
Map,Barnstable,25001,Not selected,25001-0,250,-70.082994,41.768961,,boundary vertex
Map,Barnstable,25001,Not selected,25001-0,251,-70.072457,41.772937,,boundary vertex
Map,Barnstable,25001,Not selected,25001-0,252,-70.0696714050715,41.7729055282164,,boundary vertex
Map,Barnstable,25001,Not selected,25001-0,253,-70.0663639421894,41.772868160344,,boundary vertex
Map,Barnstable,25001,Not selected,25001-0,254,-70.0650271768599,41.772853057506,,boundary vertex
Map,Barnstable,25001,Not selected,25001-0,255,-70.064314,41.772845,,boundary vertex
Map,Barnstable,25001,Not selected,25001-0,256,-70.0594269951146,41.7746376837779,,boundary vertex
Map,Barnstable,25001,Not selected,25001-0,257,-70.047954023259,41.7788462759551,,boundary vertex
Map,Barnstable,25001,Not selected,25001-0,258,-70.0426979395001,41.7807743477109,,boundary vertex
Map,Barnstable,25001,Not selected,25001-0,259,-70.036646540923,41.7829941621612,,boundary vertex
Map,Barnstable,25001,Not selected,25001-0,260,-70.024734,41.787364,,boundary vertex
Map,Barnstable,25001,Not selected,25001-0,261,-70.0230301561596,41.7881944872789,,boundary vertex
Map,Barnstable,25001,Not selected,25001-0,262,-70.022707,41.788352,,boundary vertex
Map,Barnstable,25001,Not selected,25001-0,263,-70.022535,41.789433,,boundary vertex
Map,Barnstable,25001,Not selected,25001-0,264,-70.015508,41.796042,,boundary vertex
Map,Barnstable,25001,Not selected,25001-0,265,-70.0089381168278,41.8004654353916,,boundary vertex
Map,Barnstable,25001,Not selected,25001-0,266,-70.008462,41.800786,,boundary vertex
Map,Barnstable,25001,Not selected,25001-0,267,-70.003842,41.80852,,boundary vertex
Map,Barnstable,25001,Not selected,25001-0,268,-70.005287,41.812342,,boundary vertex
Map,Barnstable,25001,Not selected,25001-0,269,-70.0048861895485,41.8148048219512,,boundary vertex
Map,Barnstable,25001,Not selected,25001-0,270,-70.004388,41.817866,,boundary vertex
Map,Barnstable,25001,Not selected,25001-0,271,-70.004486,41.838826,,boundary vertex
Map,Barnstable,25001,Not selected,25001-0,272,-70.0049926157462,41.8430560792113,,boundary vertex
Map,Barnstable,25001,Not selected,25001-0,273,-70.0057859357654,41.8496800472708,,boundary vertex
Map,Barnstable,25001,Not selected,25001-0,274,-70.0060474733527,41.8518638023542,,boundary vertex
Map,Barnstable,25001,Not selected,25001-0,275,-70.0075246681677,41.8641979059134,,boundary vertex
Map,Barnstable,25001,Not selected,25001-0,276,-70.009013,41.876625,,boundary vertex
Map,Barnstable,25001,Not selected,25001-0,277,-70.0064441049312,41.8808134846059,,boundary vertex
Map,Barnstable,25001,Not selected,25001-0,278,-70.005763,41.881924,,boundary vertex
Map,Barnstable,25001,Not selected,25001-0,279,-70.000188,41.886938,,boundary vertex
Map,Barnstable,25001,Not selected,25001-0,280,-70.002922,41.890315,,boundary vertex
Map,Barnstable,25001,Not selected,25001-0,281,-70.012154,41.891656,,boundary vertex
Map,Barnstable,25001,Not selected,25001-0,282,-70.018497,41.891528,,boundary vertex
Map,Barnstable,25001,Not selected,25001-0,283,-70.02424,41.896343,,boundary vertex
Map,Barnstable,25001,Not selected,25001-0,284,-70.024335,41.89882,,boundary vertex
Map,Barnstable,25001,Not selected,25001-0,285,-70.021212,41.900148,,boundary vertex
Map,Barnstable,25001,Not selected,25001-0,286,-70.013606,41.90121,,boundary vertex
Map,Barnstable,25001,Not selected,25001-0,287,-70.0134194447376,41.904969442757,,boundary vertex
Map,Barnstable,25001,Not selected,25001-0,288,-70.013369,41.905986,,boundary vertex
Map,Barnstable,25001,Not selected,25001-0,289,-70.020089,41.907582,,boundary vertex
Map,Barnstable,25001,Not selected,25001-0,290,-70.025553,41.911699,,boundary vertex
Map,Barnstable,25001,Not selected,25001-0,291,-70.032305,41.920441,,boundary vertex
Map,Barnstable,25001,Not selected,25001-0,292,-70.032024,41.924207,,boundary vertex
Map,Barnstable,25001,Not selected,25001-0,293,-70.0287061232718,41.9278772936863,,boundary vertex
Map,Barnstable,25001,Not selected,25001-0,294,-70.027392,41.929331,,boundary vertex
Map,Barnstable,25001,Not selected,25001-0,295,-70.035235,41.930039,,boundary vertex
Map,Barnstable,25001,Not selected,25001-0,296,-70.044995,41.930049,,boundary vertex
Map,Barnstable,25001,Not selected,25001-0,297,-70.054962,41.927917,,boundary vertex
Map,Barnstable,25001,Not selected,25001-0,298,-70.059003,41.925618,,boundary vertex
Map,Barnstable,25001,Not selected,25001-0,299,-70.061617,41.923496,,boundary vertex
Map,Barnstable,25001,Not selected,25001-0,300,-70.057815,41.920489,,boundary vertex
Map,Barnstable,25001,Not selected,25001-0,301,-70.054203,41.920949,,boundary vertex
Map,Barnstable,25001,Not selected,25001-0,302,-70.058947,41.917105,,boundary vertex
Map,Barnstable,25001,Not selected,25001-0,303,-70.063137,41.91521,,boundary vertex
Map,Barnstable,25001,Not selected,25001-0,304,-70.065671,41.911658,,boundary vertex
Map,Barnstable,25001,Not selected,25001-0,305,-70.065723,41.899641,,boundary vertex
Map,Barnstable,25001,Not selected,25001-0,306,-70.068986,41.896256,,boundary vertex
Map,Barnstable,25001,Not selected,25001-0,307,-70.066371,41.886348,,boundary vertex
Map,Barnstable,25001,Not selected,25001-0,308,-70.066846,41.88334,,boundary vertex
Map,Barnstable,25001,Not selected,25001-0,309,-70.06901,41.884924,,boundary vertex
Map,Barnstable,25001,Not selected,25001-0,310,-70.073039,41.899783,,boundary vertex
Map,Barnstable,25001,Not selected,25001-0,311,-70.074006,41.93865,,boundary vertex
Map,Barnstable,25001,Not selected,25001-0,312,-70.077225,41.943358,,boundary vertex
Map,Barnstable,25001,Not selected,25001-0,313,-70.0772923828467,41.9578449682566,,boundary vertex
Map,Barnstable,25001,Not selected,25001-0,314,-70.077421,41.985497,,boundary vertex
Map,Barnstable,25001,Not selected,25001-0,315,-70.0789285807101,41.991794957565,,boundary vertex
Map,Barnstable,25001,Not selected,25001-0,316,-70.083775,42.012041,,boundary vertex
Map,Barnstable,25001,Not selected,25001-0,317,-70.089578,42.024896,,boundary vertex
Map,Barnstable,25001,Not selected,25001-0,318,-70.0913617656318,42.0272486614682,,boundary vertex
Map,Barnstable,25001,Not selected,25001-0,319,-70.095595,42.032832,,boundary vertex
Map,Barnstable,25001,Not selected,25001-0,320,-70.10806,42.043601,,boundary vertex
Map,Barnstable,25001,Not selected,25001-0,321,-70.123043,42.051668,,boundary vertex
Map,Barnstable,25001,Not selected,25001-0,322,-70.1397432001537,42.0575190141052,,boundary vertex
Map,Barnstable,25001,Not selected,25001-0,323,-70.1419072327653,42.0582771957568,,boundary vertex
Map,Barnstable,25001,Not selected,25001-0,324,-70.142429,42.05846,,boundary vertex
Map,Barnstable,25001,Not selected,25001-0,325,-70.1474360555358,42.0604623360137,,boundary vertex
Map,Barnstable,25001,Not selected,25001-0,326,-70.148608,42.060931,,boundary vertex
Map,Barnstable,25001,Not selected,25001-0,327,-70.155415,42.062409,,boundary vertex
Map,Barnstable,25001,Not selected,25001-0,328,-70.169781,42.059736,,boundary vertex
Map,Barnstable,25001,Not selected,25001-0,329,-70.1767422272476,42.0570787616492,,boundary vertex
Map,Barnstable,25001,Not selected,25001-0,330,-70.178468,42.05642,,boundary vertex
Map,Barnstable,25001,Not selected,25001-0,331,-70.1831060184861,42.0531031611929,,boundary vertex
Map,Barnstable,25001,Not selected,25001-0,332,-70.185266157552,42.0515583564225,,boundary vertex
Map,Barnstable,25001,Not selected,25001-0,333,-70.186816,42.05045,,boundary vertex
Map,Barnstable,25001,Not selected,25001-0,334,-70.1904481611876,42.0452299568272,,boundary vertex
Map,Barnstable,25001,Not selected,25001-0,335,-70.194456,42.03947,,boundary vertex
Map,Barnstable,25001,Not selected,25001-0,336,-70.19497,42.036399,,boundary vertex
Map,Barnstable,25001,Not selected,25001-0,337,-70.1961517655178,42.0361281427937,,boundary vertex
Map,Barnstable,25001,Not selected,25001-0,338,-70.201135,42.034986,,boundary vertex
Map,Barnstable,25001,Not selected,25001-0,339,-70.205889,42.032691,,boundary vertex
Map,Barnstable,25001,Not selected,25001-0,340,-70.19662,42.025452,,boundary vertex
Map,Barnstable,25001,Not selected,25001-0,341,-70.192341,42.023157,,boundary vertex
Map,Barnstable,25001,Not selected,25001-0,342,-70.189461,42.024236,,boundary vertex
Map,Barnstable,25001,Not selected,25001-0,343,-70.173758,42.027357,,boundary vertex
Map,Barnstable,25001,Not selected,25001-0,344,-70.166884,42.034575,,boundary vertex
Map,Barnstable,25001,Not selected,25001-0,345,-70.171008,42.028045,,boundary vertex
Map,Barnstable,25001,Not selected,25001-0,346,-70.179601,42.021858,,boundary vertex
Map,Barnstable,25001,Not selected,25001-0,347,-70.186708,42.019904,,boundary vertex
Map,Barnstable,25001,Not selected,25001-0,348,-70.190834,42.020028,,boundary vertex
Map,Barnstable,25001,Not selected,25001-0,349,-70.196312,42.021984,,boundary vertex
Map,Barnstable,25001,Not selected,25001-0,350,-70.208741,42.030749,,boundary vertex
Map,Barnstable,25001,Not selected,25001-0,351,-70.213012,42.036134,,boundary vertex
Map,Barnstable,25001,Not selected,25001-0,352,-70.218701,42.045848,,boundary vertex
Map,Barnstable,25001,Not selected,25001-0,353,-70.228617,42.053932,,boundary vertex
Map,Barnstable,25001,Not selected,25001-0,354,-70.235361,42.057402,,boundary vertex
Map,Barnstable,25001,Not selected,25001-0,355,-70.238875,42.060479,,boundary vertex
Map,Barnstable,25001,Not selected,25001-0,356,-70.24354,42.060569,,boundary vertex
Map,Barnstable,25001,Not selected,25001-0,357,-70.245385,42.063733,,boundary vertex
Map,Barnstable,25001,Not selected,25001-0,358,-70.238087,42.072878,,boundary vertex
Map,Barnstable,25001,Not selected,25001-0,359,-70.225626,42.078601,,boundary vertex
Map,Barnstable,25001,Not selected,25001-0,360,-70.206899,42.0819,,boundary vertex
Map,Barnstable,25001,Not selected,25001-0,361,-70.189305,42.082337,,boundary vertex
Map,Barnstable,25001,Not selected,25001-0,362,-70.160166,42.078628,,boundary vertex
Map,Barnstable,25001,Not selected,25001-0,363,-70.1542553579408,42.0771582964788,,boundary vertex
Map,Barnstable,25001,Not selected,25001-0,364,-70.115968,42.067638,,boundary vertex
Map,Barnstable,25001,Not selected,25001-0,365,-70.082624,42.054657,,boundary vertex
Map,Barnstable,25001,Not selected,25001-0,366,-70.059109287122,42.040706088703,,boundary vertex
Map,Barnstable,25001,Not selected,25001-0,367,-70.058531,42.040363,,boundary vertex
Map,Barnstable,25001,Not selected,25001-0,368,-70.036670678865,42.0206013744977,,boundary vertex
Map,Barnstable,25001,Not selected,25001-0,369,-70.033501,42.017736,,boundary vertex
Map,Barnstable,25001,Not selected,25001-0,370,-70.011898,41.98972,,boundary vertex
Map,Barnstable,25001,Not selected,25001-0,371,-70.0105104157154,41.9875631780789,,boundary vertex
Map,Barnstable,25001,Not selected,25001-0,372,-70.0057173156051,41.980112918298,,boundary vertex
Map,Barnstable,25001,Not selected,25001-0,373,-69.9971252233437,41.9667576121419,,boundary vertex
Map,Barnstable,25001,Not selected,25001-0,374,-69.9861958951242,41.9497693722569,,boundary vertex
Map,Barnstable,25001,Not selected,25001-0,375,-69.986085,41.949597,,boundary vertex
Map,Barnstable,25001,Not selected,25001-0,376,-69.9860240742306,41.9494649645517,,boundary vertex
Map,Barnstable,25001,Not selected,25001-0,377,-69.9837096690557,41.9444492950307,,boundary vertex
Map,Barnstable,25001,Not selected,25001-0,378,-69.968598,41.9117,,boundary vertex
Map,Barnstable,25001,Not selected,25001-0,379,-69.957460195804,41.8799005262265,,boundary vertex
Map,Barnstable,25001,Not selected,25001-0,380,-69.9503025394217,41.8594647471086,,boundary vertex
Map,Barnstable,25001,Not selected,25001-0,381,-69.945314,41.845222,,boundary vertex
Map,Barnstable,25001,Not selected,25001-0,382,-69.942778,41.833065,,boundary vertex
Map,Barnstable,25001,Not selected,25001-0,383,-69.941352,41.822793,,boundary vertex
Map,Barnstable,25001,Not selected,25001-0,384,-69.939659,41.818602,,boundary vertex
Map,Barnstable,25001,Not selected,25001-0,385,-69.9381789777666,41.8103690934476,,boundary vertex
Map,Barnstable,25001,Not selected,25001-0,386,-69.938024,41.809507,,boundary vertex
Map,Barnstable,25001,Not selected,25001-0,387,-69.928652,41.74125,,boundary vertex
Map,Barnstable,25001,Not selected,25001-0,388,-69.9285040274615,41.7225100492893,,boundary vertex
Map,Barnstable,25001,Not selected,25001-0,389,-69.928393,41.708449,,boundary vertex
Map,Barnstable,25001,Not selected,25001-0,390,-69.930418,41.691944,,boundary vertex
Map,Barnstable,25001,Not selected,25001-0,391,-69.933746,41.678631,,boundary vertex
Map,Barnstable,25001,Not selected,25001-0,392,-69.943728,41.664783,,boundary vertex
Map,Barnstable,25001,Not selected,25001-0,393,-69.943966,41.65555,,boundary vertex
Map,Barnstable,25001,Not selected,25001-0,394,-69.947531,41.651465,,boundary vertex
Map,Barnstable,25001,Not selected,25001-0,395,-69.9515075488493,41.6422113587001,,boundary vertex
Map,Barnstable,25001,Not selected,25001-0,396,-69.952255,41.640472,,boundary vertex
Map,Barnstable,25001,Not selected,25001-0,397,-69.954023,41.634033,,boundary vertex
Map,Barnstable,25001,Not selected,25001-0,398,-69.956801,41.629795,,boundary vertex
Map,Barnstable,25001,Not selected,25001-0,399,-69.957775,41.620364,,boundary vertex
Map,Barnstable,25001,Not selected,25001-0,400,-69.967192,41.611956,,boundary vertex
Map,Barnstable,25001,Not selected,25001-0,401,-69.976053,41.611671,,boundary vertex
Map,Barnstable,25001,Not selected,25001-0,402,-69.983183,41.608295,,boundary vertex
Map,Barnstable,25001,Not selected,25001-0,403,-69.988412,41.594432,,boundary vertex
Map,Barnstable,25001,Not selected,25001-0,404,-69.988375,41.586967,,boundary vertex
Map,Barnstable,25001,Not selected,25001-0,405,-69.989363,41.581455,,boundary vertex
Map,Barnstable,25001,Not selected,25001-0,406,-69.988215,41.554704,,boundary vertex
Map,Barnstable,25001,Not selected,25001-0,407,-69.991977,41.547488,,boundary vertex
Map,Barnstable,25001,Not selected,25001-0,408,-69.997682,41.54233,,boundary vertex
Map,Barnstable,25001,Not selected,25001-0,409,-70.003861,41.540551,,boundary vertex
Map,Barnstable,25001,Not selected,25001-0,410,-70.008377,41.54144,,boundary vertex
Map,Barnstable,25001,Not selected,25001-0,411,-70.011229,41.543931,,boundary vertex
Map,Barnstable,25001,Not selected,25001-0,412,-70.012655,41.546777,,boundary vertex
Map,Barnstable,25001,Not selected,25001-0,413,-70.013606,41.551046,,boundary vertex
Map,Barnstable,25001,Not selected,25001-0,414,-70.012697,41.553228,,boundary vertex
Map,Barnstable,25001,Not selected,25001-0,415,-70.008615,41.557982,,boundary vertex
Map,Barnstable,25001,Not selected,25001-0,416,-70.002911,41.562073,,boundary vertex
Map,Barnstable,25001,Not selected,25001-0,417,-69.99885,41.565904,,boundary vertex
Map,Barnstable,25001,Not selected,25001-0,418,-69.993879,41.576299,,boundary vertex
Map,Barnstable,25001,Not selected,25001-0,419,-69.991306,41.588721,,boundary vertex
Map,Barnstable,25001,Not selected,25001-0,420,-69.992215,41.603319,,boundary vertex
Map,Barnstable,25001,Not selected,25001-0,421,-69.989827,41.607152,,boundary vertex
Map,Barnstable,25001,Not selected,25001-0,422,-69.985211,41.613124,,boundary vertex
Map,Barnstable,25001,Not selected,25001-0,423,-69.98556,41.619668,,boundary vertex
Map,Barnstable,25001,Not selected,25001-0,424,-69.977478,41.630786,,boundary vertex
Map,Barnstable,25001,Not selected,25001-0,425,-69.975916,41.638863,,boundary vertex
Map,Barnstable,25001,Not selected,25001-0,426,-69.973073,41.642941,,boundary vertex
Map,Barnstable,25001,Not selected,25001-0,427,-69.970489,41.645458,,boundary vertex
Map,Barnstable,25001,Not selected,25001-0,428,-69.975719,41.653738,,boundary vertex
Map,Barnstable,25001,Not selected,25001-0,429,-69.9832409001933,41.6572432070566,,boundary vertex
Map,Barnstable,25001,Not selected,25001-0,430,-69.985322,41.658213,,boundary vertex
Map,Barnstable,25001,Not selected,25001-0,431,-69.996359,41.667184,,boundary vertex
Map,Barnstable,25001,Not selected,25001-0,432,-69.9985495682932,41.6680878253519,,boundary vertex
Map,Barnstable,25001,Not selected,25001-0,433,-70.007011,41.671579,,boundary vertex
Map,Barnstable,25001,Not selected,25001-0,434,-70.0071534421786,41.6715867551853,,boundary vertex
Map,Barnstable,25001,Not selected,25001-0,435,-70.0124783115863,41.6718766647419,,boundary vertex
Map,Barnstable,25001,Not selected,25001-0,436,-70.014211,41.671971,,boundary vertex
Map,Barnstable,25001,Not selected,25001-0,437,-70.0157890522966,41.67153027142,,boundary vertex
Map,Barnstable,25001,Not selected,25001-0,438,-70.0214529309924,41.6699484270033,,boundary vertex
Map,Barnstable,25001,Not selected,25001-0,439,-70.0291189262938,41.667807418603,,boundary vertex
Map,Barnstable,25001,Not selected,25001-0,440,-70.029346,41.667744,,boundary vertex
Map,Barnstable,25001,Not selected,25001-0,441,-70.0321125550395,41.6676590390922,,boundary vertex
Map,Barnstable,25001,Not selected,25001-0,442,-70.0372648921949,41.6675008108136,,boundary vertex
Map,Barnstable,25001,Not selected,25001-0,443,-70.0373952975425,41.6674968060652,,boundary vertex
Map,Barnstable,25001,Not selected,25001-0,444,-70.040515,41.667401,,boundary vertex
Map,Barnstable,25001,Not selected,25001-0,445,-70.055523,41.664843,,boundary vertex
Map,Barnstable,25001,Not selected,25001-0,446,-70.062114,41.664446,,boundary vertex
Map,Barnstable,25001,Not selected,25001-0,447,-70.06450853855,41.6630518553425,,boundary vertex
Map,Barnstable,25001,Not selected,25001-0,448,-70.065702,41.662357,,boundary vertex
Map,Barnstable,25001,Not selected,25001-0,449,-70.075974,41.663954,,boundary vertex
Map,Barnstable,25001,Not selected,25001-0,450,-70.0865780837204,41.6630418121589,,boundary vertex
Map,Barnstable,25001,Not selected,25001-0,451,-70.089238,41.662813,,boundary vertex
Map,Barnstable,25001,Not selected,25001-0,452,-70.116506,41.655503,,boundary vertex
Map,Barnstable,25001,Not selected,25001-0,453,-70.117564831407,41.6552822924563,,boundary vertex
Map,Barnstable,25001,Not selected,25001-0,454,-70.1177527418295,41.6552431235692,,boundary vertex
Map,Barnstable,25001,Not selected,25001-0,455,-70.136707357971,41.6512921387923,,boundary vertex
Map,Barnstable,25001,Not selected,25001-0,456,-70.140877,41.650423,,boundary vertex
Map,Barnstable,25001,Not selected,25001-0,457,-70.1575151449471,41.6517713866163,,boundary vertex
Map,Barnstable,25001,Not selected,25001-0,458,-70.158115,41.65182,,boundary vertex
Map,Barnstable,25001,Not selected,25001-0,459,-70.168336,41.651998,,boundary vertex
Map,Barnstable,25001,Not selected,25001-0,460,-70.1683573534223,41.6519950982206,,boundary vertex
Map,Barnstable,25001,Not selected,25001-0,461,-70.187167,41.649439,,boundary vertex
Map,Barnstable,25001,Not selected,25001-0,462,-70.193308529146,41.6482712983458,,boundary vertex
Map,Barnstable,25001,Not selected,25001-0,463,-70.195193,41.647913,,boundary vertex
Map,Barnstable,25001,Not selected,25001-0,464,-70.198,41.644152,,boundary vertex
Map,Barnstable,25001,Not selected,25001-0,465,-70.2032853406426,41.6431923516054,,boundary vertex
Map,Barnstable,25001,Not selected,25001-0,466,-70.207082,41.642503,,boundary vertex
Map,Barnstable,25001,Not selected,25001-0,467,-70.219773,41.636469,,boundary vertex
Map,Barnstable,25001,Not selected,25001-0,468,-70.2204161267211,41.6362720741741,,boundary vertex
Map,Barnstable,25001,Not selected,25001-0,469,-70.2354440535307,41.6316705130792,,boundary vertex
Map,Barnstable,25001,Not selected,25001-0,470,-70.245867,41.628479,,boundary vertex
Map,Barnstable,25001,Not selected,25001-0,471,-70.25621,41.620698,,boundary vertex
Map,Barnstable,25001,Not selected,25001-0,472,-70.25542,41.617541,,boundary vertex
Map,Barnstable,25001,Not selected,25001-0,473,-70.259601,41.610863,,boundary vertex
Map,Barnstable,25001,Not selected,25001-0,474,-70.265424,41.609333,,boundary vertex
Map,Barnstable,25001,Not selected,25001-0,475,-70.267587,41.610912,,boundary vertex
Map,Barnstable,25001,Not selected,25001-0,476,-70.269687,41.617775,,boundary vertex
Map,Barnstable,25001,Not selected,25001-0,477,-70.26913,41.625742,,boundary vertex
Map,Barnstable,25001,Not selected,25001-0,478,-70.2707872473802,41.6279503313106,,boundary vertex
Map,Barnstable,25001,Not selected,25001-0,479,-70.274522,41.632927,,boundary vertex
Map,Barnstable,25001,Not selected,25001-0,480,-70.28132,41.635125,,boundary vertex
Map,Barnstable,25001,Not selected,25001-0,481,-70.29062,41.635196,,boundary vertex
Map,Barnstable,25001,Not selected,25001-0,482,-70.296009,41.63438,,boundary vertex
Map,Barnstable,25001,Not selected,25001-0,483,-70.300248,41.63246,,boundary vertex
Map,Barnstable,25001,Not selected,25001-0,484,-70.300653,41.62951,,boundary vertex
Map,Barnstable,25001,Not selected,25001-0,485,-70.311687,41.627408,,boundary vertex
Map,Barnstable,25001,Not selected,25001-0,486,-70.316626,41.625448,,boundary vertex
Map,Barnstable,25001,Not selected,25001-0,487,-70.321588,41.630508,,boundary vertex
Map,Barnstable,25001,Not selected,25001-0,488,-70.3223718358594,41.6308907029688,,boundary vertex
Map,Barnstable,25001,Not selected,25001-0,489,-70.329924,41.634578,,boundary vertex
Map,Barnstable,25001,Not selected,25001-0,490,-70.3339846209467,41.6354556486389,,boundary vertex
Map,Barnstable,25001,Not selected,25001-0,491,-70.338067,41.636338,,boundary vertex
Map,Barnstable,25001,Not selected,25001-0,492,-70.3385734681223,41.6362763667082,,boundary vertex
Map,Barnstable,25001,Not selected,25001-0,493,-70.3505353752118,41.6348206942231,,boundary vertex
Map,Barnstable,25001,Not selected,25001-0,494,-70.351634,41.634687,,boundary vertex
Map,Barnstable,25001,Not selected,25001-0,495,-70.360352,41.631069,,boundary vertex
Map,Barnstable,25001,Not selected,25001-0,496,-70.364892,41.626721,,boundary vertex
Map,Barnstable,25001,Not selected,25001-0,497,-70.3647634467566,41.624071760863,,boundary vertex
Map,Barnstable,25001,Not selected,25001-0,498,-70.364744,41.623671,,boundary vertex
Map,Barnstable,25001,Not selected,25001-0,499,-70.369854,41.615888,,boundary vertex
Map,Barnstable,25001,Not selected,25001-0,500,-70.379151,41.611361,,boundary vertex
Map,Barnstable,25001,Not selected,25001-0,501,-70.400581,41.606382,,boundary vertex
Map,Barnstable,25001,Not selected,25001-0,502,-70.4011475964823,41.6064505984929,,boundary vertex
Map,Barnstable,25001,Not selected,25001-0,503,-70.408535,41.607345,,boundary vertex
Map,Barnstable,25001,Not selected,25001-0,504,-70.4247372173258,41.6050171003065,,boundary vertex
Map,Barnstable,25001,Not selected,25001-0,505,-70.426812,41.604719,,boundary vertex
Map,Barnstable,25001,Not selected,25001-0,506,-70.431652,41.605722,,boundary vertex
Map,Barnstable,25001,Not selected,25001-0,507,-70.4327486740341,41.6056449544341,,boundary vertex
Map,Barnstable,25001,Not selected,25001-0,508,-70.437246,41.605329,,boundary vertex
Map,Barnstable,25001,Not selected,25001-0,509,-70.4415717633835,41.6002752972831,,boundary vertex
Map,Barnstable,25001,Not selected,25001-0,510,-70.442618,41.599053,,boundary vertex
Map,Barnstable,25001,Not selected,25001-0,511,-70.4443794460982,41.5942797514569,,boundary vertex
Map,Barnstable,25001,Not selected,25001-0,512,-70.445289,41.591815,,boundary vertex
Map,Barnstable,25001,Not selected,25001-0,513,-70.446551,41.590237,,boundary vertex
Map,Barnstable,25001,Not selected,25001-0,514,-70.450177,41.589043,,boundary vertex
Map,Barnstable,25001,Not selected,25001-0,515,-70.4503612487869,41.5875880451542,,boundary vertex
Map,Barnstable,25001,Not selected,25001-0,516,-70.45069,41.584992,,boundary vertex
Map,Barnstable,25001,Not selected,25001-0,517,-70.461278,41.57182,,boundary vertex
Map,Barnstable,25001,Not selected,25001-0,518,-70.4636936400764,41.5696720834198,,boundary vertex
Map,Barnstable,25001,Not selected,25001-0,519,-70.4650922076673,41.5684285179788,,boundary vertex
Map,Barnstable,25001,Not selected,25001-0,520,-70.476256,41.558502,,boundary vertex
Map,Barnstable,25001,Not selected,25001-0,521,-70.485571,41.554244,,boundary vertex
Map,Barnstable,25001,Not selected,25001-0,522,-70.493244,41.552044,,boundary vertex
Map,Barnstable,25001,Not selected,25001-0,523,-70.4951707630709,41.5518400147338,,boundary vertex
Map,Barnstable,25001,Not selected,25001-0,524,-70.5000046934585,41.5513282493842,,boundary vertex
Map,Barnstable,25001,Not selected,25001-0,525,-70.5220089104219,41.5489986759554,,boundary vertex
Map,Barnstable,25001,Not selected,25001-0,526,-70.522327,41.548965,,boundary vertex
Map,Barnstable,25001,Not selected,25001-0,527,-70.528623,41.546721,,boundary vertex
Map,Barnstable,25001,Not selected,25001-0,528,-70.5288139001338,41.5468524886346,,boundary vertex
Map,Barnstable,25001,Not selected,25001-0,529,-70.532376,41.549306,,boundary vertex
Map,Barnstable,25001,Not selected,25001-0,530,-70.538821,41.551256,,boundary vertex
Map,Barnstable,25001,Not selected,25001-0,531,-70.546823,41.551411,,boundary vertex
Map,Barnstable,25001,Not selected,25001-0,532,-70.5479195438267,41.5511484124413,,boundary vertex
Map,Barnstable,25001,Not selected,25001-0,533,-70.559689,41.54833,,boundary vertex
Map,Barnstable,25001,Not selected,25001-0,534,-70.560908643137,41.5482032624541,,boundary vertex
Map,Barnstable,25001,Not selected,25001-0,535,-70.5612612569352,41.5481666210742,,boundary vertex
Map,Barnstable,25001,Not selected,25001-0,536,-70.5704805252824,41.5472086134322,,boundary vertex
Map,Barnstable,25001,Not selected,25001-0,537,-70.573768,41.546867,,boundary vertex
Map,Barnstable,25001,Not selected,25001-0,538,-70.5743711889753,41.5466335275618,,boundary vertex
Map,Barnstable,25001,Not selected,25001-0,539,-70.580555,41.54424,,boundary vertex
Map,Barnstable,25001,Not selected,25001-0,540,-70.586415,41.54543,,boundary vertex
Map,Barnstable,25001,Not selected,25001-0,541,-70.5888100112027,41.5453224754944,,boundary vertex
Map,Barnstable,25001,Not selected,25001-0,542,-70.59381,41.545098,,boundary vertex
Map,Barnstable,25001,Not selected,25001-0,543,-70.601839,41.542082,,boundary vertex
Map,Barnstable,25001,Not selected,25001-0,544,-70.6078309996119,41.5426700484363,,boundary vertex
Map,Barnstable,25001,Not selected,25001-0,545,-70.611081,41.542989,,boundary vertex
Map,Barnstable,25001,Not selected,25001-0,546,-70.6167151280547,41.5418046975788,,boundary vertex
Map,Barnstable,25001,Not selected,25001-0,547,-70.6179111430936,41.54155329337,,boundary vertex
Map,Barnstable,25001,Not selected,25001-0,548,-70.6229964555056,41.5404843528448,,boundary vertex
Map,Barnstable,25001,Not selected,25001-0,549,-70.633607,41.538254,,boundary vertex
Map,Barnstable,25001,Not selected,25001-0,550,-70.6337125489995,41.538191881991,,boundary vertex
Map,Barnstable,25001,Not selected,25001-0,551,-70.6337996235151,41.5381406366399,,boundary vertex
Map,Barnstable,25001,Not selected,25001-0,552,-70.6412098789893,41.5337795311976,,boundary vertex
Map,Barnstable,25001,Not selected,25001-0,553,-70.643627,41.532357,,boundary vertex
Map,Barnstable,25001,Not selected,25001-0,554,-70.6500588668422,41.5241724387,,boundary vertex
Map,Barnstable,25001,Not selected,25001-0,555,-70.654104,41.519025,,boundary vertex
Map,Barnstable,25001,Not selected,25001-0,556,-70.654011,41.515905,,boundary vertex
Map,Barnstable,25001,Not selected,25001-0,557,-70.656625,41.514779,,boundary vertex
Map,Barnstable,25001,Not selected,25001-0,558,-70.662828,41.517953,,boundary vertex
Map,Barnstable,25001,Not selected,25001-0,559,-70.6646230952381,41.517953,,boundary vertex
Map,Barnstable,25001,Not selected,25001-0,560,-70.668295,41.517953,,boundary vertex
Map,Barnstable,25001,Not selected,25001-0,561,-70.670196,41.520801,,boundary vertex
Map,Barnstable,25001,Not selected,25001-0,562,-70.673049,41.523648,,boundary vertex
Map,Barnstable,25001,Not selected,25001-0,563,-70.678515,41.521512,,boundary vertex
Map,Barnstable,25001,Not selected,25001-0,564,-70.685408,41.521335,,boundary vertex
Map,Barnstable,25001,Not selected,25001-0,565,-70.687785,41.524182,,boundary vertex
Map,Barnstable,25001,Not selected,25001-0,566,-70.686981,41.52949,,boundary vertex
Map,Berkshire,25003,Not selected,25003-0,0,-73.508142,42.086257,,boundary vertex
Map,Berkshire,25003,Not selected,25003-0,1,-73.49717499243,42.1161205390081,,boundary vertex
Map,Berkshire,25003,Not selected,25003-0,2,-73.4829633739641,42.154819265139,,boundary vertex
Map,Berkshire,25003,Not selected,25003-0,3,-73.47591804393,42.1740039412646,,boundary vertex
Map,Berkshire,25003,Not selected,25003-0,4,-73.459935234225,42.2175256820894,,boundary vertex
Map,Berkshire,25003,Not selected,25003-0,5,-73.4428917594207,42.263935650479,,boundary vertex
Map,Berkshire,25003,Not selected,25003-0,6,-73.4314003439404,42.2952271702728,,boundary vertex
Map,Berkshire,25003,Not selected,25003-0,7,-73.431083661343,42.2960895078831,,boundary vertex
Map,Berkshire,25003,Not selected,25003-0,8,-73.4140768834451,42.3423995493335,,boundary vertex
Map,Berkshire,25003,Not selected,25003-0,9,-73.4119740257161,42.3481257032928,,boundary vertex
Map,Berkshire,25003,Not selected,25003-0,10,-73.4106444074273,42.3517462996479,,boundary vertex
Map,Berkshire,25003,Not selected,25003-0,11,-73.4006265119019,42.3790253738979,,boundary vertex
Map,Berkshire,25003,Not selected,25003-0,12,-73.3915561466823,42.403724290519,,boundary vertex
Map,Berkshire,25003,Not selected,25003-0,13,-73.3886840757322,42.4115450385493,,boundary vertex
Map,Berkshire,25003,Not selected,25003-0,14,-73.3835658122273,42.4254822462021,,boundary vertex
Map,Berkshire,25003,Not selected,25003-0,15,-73.3821230605161,42.4294109087593,,boundary vertex
Map,Berkshire,25003,Not selected,25003-0,16,-73.352527,42.510002,,boundary vertex
Map,Berkshire,25003,Not selected,25003-0,17,-73.34727644444,42.5241484608622,,boundary vertex
Map,Berkshire,25003,Not selected,25003-0,18,-73.3416444868655,42.5393225251104,,boundary vertex
Map,Berkshire,25003,Not selected,25003-0,19,-73.3125496783094,42.6177120528152,,boundary vertex
Map,Berkshire,25003,Not selected,25003-0,20,-73.3070040761806,42.6326534514115,,boundary vertex
Map,Berkshire,25003,Not selected,25003-0,21,-73.2741450593067,42.7211848060216,,boundary vertex
Map,Berkshire,25003,Not selected,25003-0,22,-73.273102434817,42.7239939271458,,boundary vertex
Map,Berkshire,25003,Not selected,25003-0,23,-73.264957,42.74594,,boundary vertex
Map,Berkshire,25003,Not selected,25003-0,24,-73.2131702740111,42.7449115567938,,boundary vertex
Map,Berkshire,25003,Not selected,25003-0,25,-73.1636420860578,42.7439279663574,,boundary vertex
Map,Berkshire,25003,Not selected,25003-0,26,-73.1426704272532,42.7435114858866,,boundary vertex
Map,Berkshire,25003,Not selected,25003-0,27,-73.0899016073198,42.7424635390755,,boundary vertex
Map,Berkshire,25003,Not selected,25003-0,28,-73.0794195287845,42.7422553733293,,boundary vertex
Map,Berkshire,25003,Not selected,25003-0,29,-73.0484428838831,42.7416402017889,,boundary vertex
Map,Berkshire,25003,Not selected,25003-0,30,-73.0421951960565,42.7415161276758,,boundary vertex
Map,Berkshire,25003,Not selected,25003-0,31,-73.0230149955487,42.7411352241426,,boundary vertex
Map,Berkshire,25003,Not selected,25003-0,32,-73.023709,42.70269,,boundary vertex
Map,Berkshire,25003,Not selected,25003-0,33,-72.997878,42.701264,,boundary vertex
Map,Berkshire,25003,Not selected,25003-0,34,-72.949639,42.705111,,boundary vertex
Map,Berkshire,25003,Not selected,25003-0,35,-72.948703,42.703635,,boundary vertex
Map,Berkshire,25003,Not selected,25003-0,36,-72.950229,42.701165,,boundary vertex
Map,Berkshire,25003,Not selected,25003-0,37,-72.951691,42.70051,,boundary vertex
Map,Berkshire,25003,Not selected,25003-0,38,-72.95388,42.698158,,boundary vertex
Map,Berkshire,25003,Not selected,25003-0,39,-72.951736,42.695653,,boundary vertex
Map,Berkshire,25003,Not selected,25003-0,40,-72.951647,42.693951,,boundary vertex
Map,Berkshire,25003,Not selected,25003-0,41,-72.952949,42.691294,,boundary vertex
Map,Berkshire,25003,Not selected,25003-0,42,-72.954353,42.690276,,boundary vertex
Map,Berkshire,25003,Not selected,25003-0,43,-72.957387,42.690113,,boundary vertex
Map,Berkshire,25003,Not selected,25003-0,44,-72.959335,42.689518,,boundary vertex
Map,Berkshire,25003,Not selected,25003-0,45,-72.961375,42.688225,,boundary vertex
Map,Berkshire,25003,Not selected,25003-0,46,-72.963802,42.687492,,boundary vertex
Map,Berkshire,25003,Not selected,25003-0,47,-72.971584,42.689055,,boundary vertex
Map,Berkshire,25003,Not selected,25003-0,48,-72.97352,42.688808,,boundary vertex
Map,Berkshire,25003,Not selected,25003-0,49,-72.977495,42.685913,,boundary vertex
Map,Berkshire,25003,Not selected,25003-0,50,-72.976987,42.682793,,boundary vertex
Map,Berkshire,25003,Not selected,25003-0,51,-72.97561,42.680424,,boundary vertex
Map,Berkshire,25003,Not selected,25003-0,52,-72.975826,42.679422,,boundary vertex
Map,Berkshire,25003,Not selected,25003-0,53,-72.977257,42.679051,,boundary vertex
Map,Berkshire,25003,Not selected,25003-0,54,-72.983884,42.679385,,boundary vertex
Map,Berkshire,25003,Not selected,25003-0,55,-72.988897,42.678663,,boundary vertex
Map,Berkshire,25003,Not selected,25003-0,56,-72.989772,42.678219,,boundary vertex
Map,Berkshire,25003,Not selected,25003-0,57,-72.988533,42.675332,,boundary vertex
Map,Berkshire,25003,Not selected,25003-0,58,-72.989251,42.674233,,boundary vertex
Map,Berkshire,25003,Not selected,25003-0,59,-72.994665,42.674322,,boundary vertex
Map,Berkshire,25003,Not selected,25003-0,60,-72.995539,42.673156,,boundary vertex
Map,Berkshire,25003,Not selected,25003-0,61,-72.993268,42.671046,,boundary vertex
Map,Berkshire,25003,Not selected,25003-0,62,-72.988584,42.667376,,boundary vertex
Map,Berkshire,25003,Not selected,25003-0,63,-72.985529,42.665938,,boundary vertex
Map,Berkshire,25003,Not selected,25003-0,64,-72.982406,42.665201,,boundary vertex
Map,Berkshire,25003,Not selected,25003-0,65,-72.980038,42.664108,,boundary vertex
Map,Berkshire,25003,Not selected,25003-0,66,-72.976555,42.661232,,boundary vertex
Map,Berkshire,25003,Not selected,25003-0,67,-72.975209,42.660824,,boundary vertex
Map,Berkshire,25003,Not selected,25003-0,68,-72.972845,42.662722,,boundary vertex
Map,Berkshire,25003,Not selected,25003-0,69,-72.968763,42.664247,,boundary vertex
Map,Berkshire,25003,Not selected,25003-0,70,-72.963948,42.664294,,boundary vertex
Map,Berkshire,25003,Not selected,25003-0,71,-72.962094,42.667023,,boundary vertex
Map,Berkshire,25003,Not selected,25003-0,72,-72.960443,42.667387,,boundary vertex
Map,Berkshire,25003,Not selected,25003-0,73,-72.957432,42.666972,,boundary vertex
Map,Berkshire,25003,Not selected,25003-0,74,-72.954721,42.665624,,boundary vertex
Map,Berkshire,25003,Not selected,25003-0,75,-72.954358,42.662461,,boundary vertex
Map,Berkshire,25003,Not selected,25003-0,76,-72.955533,42.659374,,boundary vertex
Map,Berkshire,25003,Not selected,25003-0,77,-72.955573,42.654513,,boundary vertex
Map,Berkshire,25003,Not selected,25003-0,78,-72.953956,42.651222,,boundary vertex
Map,Berkshire,25003,Not selected,25003-0,79,-72.95265,42.650853,,boundary vertex
Map,Berkshire,25003,Not selected,25003-0,80,-72.951096,42.641356,,boundary vertex
Map,Berkshire,25003,Not selected,25003-0,81,-72.951039,42.641006,,boundary vertex
Map,Berkshire,25003,Not selected,25003-0,82,-72.954599,42.628654,,boundary vertex
Map,Berkshire,25003,Not selected,25003-0,83,-72.975409,42.556037,,boundary vertex
Map,Berkshire,25003,Not selected,25003-0,84,-72.979036,42.541617,,boundary vertex
Map,Berkshire,25003,Not selected,25003-0,85,-72.968583,42.540012,,boundary vertex
Map,Berkshire,25003,Not selected,25003-0,86,-72.979284,42.497857,,boundary vertex
Map,Berkshire,25003,Not selected,25003-0,87,-72.986473,42.466706,,boundary vertex
Map,Berkshire,25003,Not selected,25003-0,88,-72.988126,42.466947,,boundary vertex
Map,Berkshire,25003,Not selected,25003-0,89,-72.992643,42.449094,,boundary vertex
Map,Berkshire,25003,Not selected,25003-0,90,-73.009085,42.387734,,boundary vertex
Map,Berkshire,25003,Not selected,25003-0,91,-73.011683,42.379683,,boundary vertex
Map,Berkshire,25003,Not selected,25003-0,92,-73.065772,42.389111,,boundary vertex
Map,Berkshire,25003,Not selected,25003-0,93,-73.068508,42.38072,,boundary vertex
Map,Berkshire,25003,Not selected,25003-0,94,-73.064288,42.339732,,boundary vertex
Map,Berkshire,25003,Not selected,25003-0,95,-73.062886,42.328951,,boundary vertex
Map,Berkshire,25003,Not selected,25003-0,96,-73.056766,42.325945,,boundary vertex
Map,Berkshire,25003,Not selected,25003-0,97,-73.052656,42.324289,,boundary vertex
Map,Berkshire,25003,Not selected,25003-0,98,-73.049016,42.321418,,boundary vertex
Map,Berkshire,25003,Not selected,25003-0,99,-73.046675,42.320745,,boundary vertex
Map,Berkshire,25003,Not selected,25003-0,100,-73.045445,42.319396,,boundary vertex
Map,Berkshire,25003,Not selected,25003-0,101,-73.040752,42.320183,,boundary vertex
Map,Berkshire,25003,Not selected,25003-0,102,-73.039629,42.318631,,boundary vertex
Map,Berkshire,25003,Not selected,25003-0,103,-73.038954,42.314955,,boundary vertex
Map,Berkshire,25003,Not selected,25003-0,104,-73.036127,42.313562,,boundary vertex
Map,Berkshire,25003,Not selected,25003-0,105,-73.034163,42.31212,,boundary vertex
Map,Berkshire,25003,Not selected,25003-0,106,-73.031282,42.309302,,boundary vertex
Map,Berkshire,25003,Not selected,25003-0,107,-73.029398,42.308568,,boundary vertex
Map,Berkshire,25003,Not selected,25003-0,108,-73.026141,42.308014,,boundary vertex
Map,Berkshire,25003,Not selected,25003-0,109,-73.02507,42.309093,,boundary vertex
Map,Berkshire,25003,Not selected,25003-0,110,-73.022073,42.309505,,boundary vertex
Map,Berkshire,25003,Not selected,25003-0,111,-73.020146,42.308259,,boundary vertex
Map,Berkshire,25003,Not selected,25003-0,112,-73.018241,42.309005,,boundary vertex
Map,Berkshire,25003,Not selected,25003-0,113,-73.016535,42.311113,,boundary vertex
Map,Berkshire,25003,Not selected,25003-0,114,-73.01433,42.309037,,boundary vertex
Map,Berkshire,25003,Not selected,25003-0,115,-73.012742,42.306767,,boundary vertex
Map,Berkshire,25003,Not selected,25003-0,116,-73.010249,42.304682,,boundary vertex
Map,Berkshire,25003,Not selected,25003-0,117,-73.00642,42.304829,,boundary vertex
Map,Berkshire,25003,Not selected,25003-0,118,-73.005354,42.3052,,boundary vertex
Map,Berkshire,25003,Not selected,25003-0,119,-73.005809,42.306471,,boundary vertex
Map,Berkshire,25003,Not selected,25003-0,120,-73.003714,42.307729,,boundary vertex
Map,Berkshire,25003,Not selected,25003-0,121,-73.00333,42.309785,,boundary vertex
Map,Berkshire,25003,Not selected,25003-0,122,-73.002193,42.310239,,boundary vertex
Map,Berkshire,25003,Not selected,25003-0,123,-73.001909,42.311785,,boundary vertex
Map,Berkshire,25003,Not selected,25003-0,124,-73.000278,42.312597,,boundary vertex
Map,Berkshire,25003,Not selected,25003-0,125,-73.00185,42.251017,,boundary vertex
Map,Berkshire,25003,Not selected,25003-0,126,-73.004294,42.251347,,boundary vertex
Map,Berkshire,25003,Not selected,25003-0,127,-73.007867,42.238409,,boundary vertex
Map,Berkshire,25003,Not selected,25003-0,128,-73.03492,42.143652,,boundary vertex
Map,Berkshire,25003,Not selected,25003-0,129,-73.071113,42.148206,,boundary vertex
Map,Berkshire,25003,Not selected,25003-0,130,-73.070405,42.146956,,boundary vertex
Map,Berkshire,25003,Not selected,25003-0,131,-73.070419,42.144749,,boundary vertex
Map,Berkshire,25003,Not selected,25003-0,132,-73.07213,42.143548,,boundary vertex
Map,Berkshire,25003,Not selected,25003-0,133,-73.070546,42.14016,,boundary vertex
Map,Berkshire,25003,Not selected,25003-0,134,-73.069182,42.138967,,boundary vertex
Map,Berkshire,25003,Not selected,25003-0,135,-73.0685,42.135498,,boundary vertex
Map,Berkshire,25003,Not selected,25003-0,136,-73.069442,42.134986,,boundary vertex
Map,Berkshire,25003,Not selected,25003-0,137,-73.069827,42.133228,,boundary vertex
Map,Berkshire,25003,Not selected,25003-0,138,-73.069285,42.130869,,boundary vertex
Map,Berkshire,25003,Not selected,25003-0,139,-73.067206,42.127351,,boundary vertex
Map,Berkshire,25003,Not selected,25003-0,140,-73.066574,42.124791,,boundary vertex
Map,Berkshire,25003,Not selected,25003-0,141,-73.06426,42.122775,,boundary vertex
Map,Berkshire,25003,Not selected,25003-0,142,-73.061384,42.119389,,boundary vertex
Map,Berkshire,25003,Not selected,25003-0,143,-73.061206,42.118112,,boundary vertex
Map,Berkshire,25003,Not selected,25003-0,144,-73.063353,42.11585,,boundary vertex
Map,Berkshire,25003,Not selected,25003-0,145,-73.065745,42.114778,,boundary vertex
Map,Berkshire,25003,Not selected,25003-0,146,-73.069227,42.113926,,boundary vertex
Map,Berkshire,25003,Not selected,25003-0,147,-73.072672,42.111684,,boundary vertex
Map,Berkshire,25003,Not selected,25003-0,148,-73.072897,42.110335,,boundary vertex
Map,Berkshire,25003,Not selected,25003-0,149,-73.071837,42.109356,,boundary vertex
Map,Berkshire,25003,Not selected,25003-0,150,-73.071867,42.108163,,boundary vertex
Map,Berkshire,25003,Not selected,25003-0,151,-73.072889,42.107017,,boundary vertex
Map,Berkshire,25003,Not selected,25003-0,152,-73.074845,42.106146,,boundary vertex
Map,Berkshire,25003,Not selected,25003-0,153,-73.075036,42.105195,,boundary vertex
Map,Berkshire,25003,Not selected,25003-0,154,-73.074167,42.101867,,boundary vertex
Map,Berkshire,25003,Not selected,25003-0,155,-73.073087,42.094213,,boundary vertex
Map,Berkshire,25003,Not selected,25003-0,156,-73.061805,42.070638,,boundary vertex
Map,Berkshire,25003,Not selected,25003-0,157,-73.058153,42.066753,,boundary vertex
Map,Berkshire,25003,Not selected,25003-0,158,-73.061742,42.061939,,boundary vertex
Map,Berkshire,25003,Not selected,25003-0,159,-73.058012,42.059479,,boundary vertex
Map,Berkshire,25003,Not selected,25003-0,160,-73.056128,42.05889,,boundary vertex
Map,Berkshire,25003,Not selected,25003-0,161,-73.054651,42.0576,,boundary vertex
Map,Berkshire,25003,Not selected,25003-0,162,-73.053905,42.05499,,boundary vertex
Map,Berkshire,25003,Not selected,25003-0,163,-73.056549,42.047419,,boundary vertex
Map,Berkshire,25003,Not selected,25003-0,164,-73.055807,42.045047,,boundary vertex
Map,Berkshire,25003,Not selected,25003-0,165,-73.0532880861326,42.0398619684613,,boundary vertex
Map,Berkshire,25003,Not selected,25003-0,166,-73.1272774996918,42.0419641690369,,boundary vertex
Map,Berkshire,25003,Not selected,25003-0,167,-73.1721252790948,42.0432383922418,,boundary vertex
Map,Berkshire,25003,Not selected,25003-0,168,-73.229798,42.044877,,boundary vertex
Map,Berkshire,25003,Not selected,25003-0,169,-73.231056,42.044945,,boundary vertex
Map,Berkshire,25003,Not selected,25003-0,170,-73.2329591865244,42.0450061991605,,boundary vertex
Map,Berkshire,25003,Not selected,25003-0,171,-73.2333631515401,42.0450191891221,,boundary vertex
Map,Berkshire,25003,Not selected,25003-0,172,-73.293097,42.04694,,boundary vertex
Map,Berkshire,25003,Not selected,25003-0,173,-73.29442,42.046984,,boundary vertex
Map,Berkshire,25003,Not selected,25003-0,174,-73.2963299656829,42.0470337254636,,boundary vertex
Map,Berkshire,25003,Not selected,25003-0,175,-73.3256265850805,42.0477964553879,,boundary vertex
Map,Berkshire,25003,Not selected,25003-0,176,-73.3277308315671,42.0478512389021,,boundary vertex
Map,Berkshire,25003,Not selected,25003-0,177,-73.3405304264512,42.0481844730512,,boundary vertex
Map,Berkshire,25003,Not selected,25003-0,178,-73.4261681710053,42.0504140296269,,boundary vertex
Map,Berkshire,25003,Not selected,25003-0,179,-73.432812,42.050587,,boundary vertex
Map,Berkshire,25003,Not selected,25003-0,180,-73.4367542184717,42.0505183572836,,boundary vertex
Map,Berkshire,25003,Not selected,25003-0,181,-73.487314,42.049638,,boundary vertex
Map,Berkshire,25003,Not selected,25003-0,182,-73.496879,42.049675,,boundary vertex
Map,Berkshire,25003,Not selected,25003-0,183,-73.5030419422981,42.069692114015,,boundary vertex
Map,Berkshire,25003,Not selected,25003-0,184,-73.508142,42.086257,,boundary vertex
Map,Bristol,25005,Investigate,25005-0,0,-70.835735,41.602349,,boundary vertex
Map,Bristol,25005,Investigate,25005-0,1,-70.834793,41.602655,,boundary vertex
Map,Bristol,25005,Investigate,25005-0,2,-70.832758,41.601515,,boundary vertex
Map,Bristol,25005,Investigate,25005-0,3,-70.831552,41.602001,,boundary vertex
Map,Bristol,25005,Investigate,25005-0,4,-70.831493,41.60422,,boundary vertex
Map,Bristol,25005,Investigate,25005-0,5,-70.830961,41.604697,,boundary vertex
Map,Bristol,25005,Investigate,25005-0,6,-70.830003,41.604539,,boundary vertex
Map,Bristol,25005,Investigate,25005-0,7,-70.826927552696,41.6019696846304,,boundary vertex
Map,Bristol,25005,Investigate,25005-0,8,-70.824036,41.599554,,boundary vertex
Map,Bristol,25005,Investigate,25005-0,9,-70.82553,41.59634,,boundary vertex
Map,Bristol,25005,Investigate,25005-0,10,-70.823506,41.591748,,boundary vertex
Map,Bristol,25005,Investigate,25005-0,11,-70.819967,41.591369,,boundary vertex
Map,Bristol,25005,Investigate,25005-0,12,-70.81844,41.59084,,boundary vertex
Map,Bristol,25005,Investigate,25005-0,13,-70.818902,41.589333,,boundary vertex
Map,Bristol,25005,Investigate,25005-0,14,-70.82178,41.587065,,boundary vertex
Map,Bristol,25005,Investigate,25005-0,15,-70.822066,41.583551,,boundary vertex
Map,Bristol,25005,Investigate,25005-0,16,-70.823145,41.582865,,boundary vertex
Map,Bristol,25005,Investigate,25005-0,17,-70.829548,41.584598,,boundary vertex
Map,Bristol,25005,Investigate,25005-0,18,-70.835132,41.590875,,boundary vertex
Map,Bristol,25005,Investigate,25005-0,19,-70.838452,41.59646,,boundary vertex
Map,Bristol,25005,Investigate,25005-0,20,-70.835735,41.602349,,boundary vertex
Map,Bristol,25005,Investigate,25005-1,0,-71.3817,41.8937517472528,,boundary vertex
Map,Bristol,25005,Investigate,25005-1,1,-71.3817,41.897062,,boundary vertex
Map,Bristol,25005,Investigate,25005-1,2,-71.3817,41.903598,,boundary vertex
Map,Bristol,25005,Investigate,25005-1,3,-71.3817,41.9146596532258,,boundary vertex
Map,Bristol,25005,Investigate,25005-1,4,-71.3817,41.914816,,boundary vertex
Map,Bristol,25005,Investigate,25005-1,5,-71.3817,41.9155771386792,,boundary vertex
Map,Bristol,25005,Investigate,25005-1,6,-71.3817,41.922699,,boundary vertex
Map,Bristol,25005,Investigate,25005-1,7,-71.3816,41.922899,,boundary vertex
Map,Bristol,25005,Investigate,25005-1,8,-71.381481898709,41.9477655532284,,boundary vertex
Map,Bristol,25005,Investigate,25005-1,9,-71.3814576922812,41.9528622835027,,boundary vertex
Map,Bristol,25005,Investigate,25005-1,10,-71.3814576825117,41.9528643404906,,boundary vertex
Map,Bristol,25005,Investigate,25005-1,11,-71.381401,41.964799,,boundary vertex
Map,Bristol,25005,Investigate,25005-1,12,-71.381501,41.966699,,boundary vertex
Map,Bristol,25005,Investigate,25005-1,13,-71.3814919782937,41.9713992187725,,boundary vertex
Map,Bristol,25005,Investigate,25005-1,14,-71.3814702596934,41.9827143923185,,boundary vertex
Map,Bristol,25005,Investigate,25005-1,15,-71.3814657108006,41.9850843199885,,boundary vertex
Map,Bristol,25005,Investigate,25005-1,16,-71.364344,41.985293,,boundary vertex
Map,Bristol,25005,Investigate,25005-1,17,-71.342822,41.993546,,boundary vertex
Map,Bristol,25005,Investigate,25005-1,18,-71.338795,41.995092,,boundary vertex
Map,Bristol,25005,Investigate,25005-1,19,-71.326932,41.999647,,boundary vertex
Map,Bristol,25005,Investigate,25005-1,20,-71.303616,42.008585,,boundary vertex
Map,Bristol,25005,Investigate,25005-1,21,-71.288265,42.014462,,boundary vertex
Map,Bristol,25005,Investigate,25005-1,22,-71.27016,42.021535,,boundary vertex
Map,Bristol,25005,Investigate,25005-1,23,-71.258734,42.025999,,boundary vertex
Map,Bristol,25005,Investigate,25005-1,24,-71.25686,42.026731,,boundary vertex
Map,Bristol,25005,Investigate,25005-1,25,-71.242364,42.032395,,boundary vertex
Map,Bristol,25005,Investigate,25005-1,26,-71.235435,42.035105,,boundary vertex
Map,Bristol,25005,Investigate,25005-1,27,-71.223893,42.039618,,boundary vertex
Map,Bristol,25005,Investigate,25005-1,28,-71.21158,42.044428,,boundary vertex
Map,Bristol,25005,Investigate,25005-1,29,-71.208503,42.045627,,boundary vertex
Map,Bristol,25005,Investigate,25005-1,30,-71.192629,42.051825,,boundary vertex
Map,Bristol,25005,Investigate,25005-1,31,-71.178457,42.057362,,boundary vertex
Map,Bristol,25005,Investigate,25005-1,32,-71.168681,42.061161,,boundary vertex
Map,Bristol,25005,Investigate,25005-1,33,-71.14226,42.071363,,boundary vertex
Map,Bristol,25005,Investigate,25005-1,34,-71.138607,42.072775,,boundary vertex
Map,Bristol,25005,Investigate,25005-1,35,-71.112863,42.082863,,boundary vertex
Map,Bristol,25005,Investigate,25005-1,36,-71.098373,42.088534,,boundary vertex
Map,Bristol,25005,Investigate,25005-1,37,-71.09328,42.09053,,boundary vertex
Map,Bristol,25005,Investigate,25005-1,38,-71.080483,42.095539,,boundary vertex
Map,Bristol,25005,Investigate,25005-1,39,-71.078758,42.088274,,boundary vertex
Map,Bristol,25005,Investigate,25005-1,40,-71.076069,42.076954,,boundary vertex
Map,Bristol,25005,Investigate,25005-1,41,-71.074206,42.069116,,boundary vertex
Map,Bristol,25005,Investigate,25005-1,42,-71.071197,42.056459,,boundary vertex
Map,Bristol,25005,Investigate,25005-1,43,-71.069595,42.049704,,boundary vertex
Map,Bristol,25005,Investigate,25005-1,44,-71.063867,42.024802,,boundary vertex
Map,Bristol,25005,Investigate,25005-1,45,-71.054718,41.985057,,boundary vertex
Map,Bristol,25005,Investigate,25005-1,46,-71.054184,41.982716,,boundary vertex
Map,Bristol,25005,Investigate,25005-1,47,-71.049776,41.964307,,boundary vertex
Map,Bristol,25005,Investigate,25005-1,48,-71.049485,41.963094,,boundary vertex
Map,Bristol,25005,Investigate,25005-1,49,-71.042627,41.959516,,boundary vertex
Map,Bristol,25005,Investigate,25005-1,50,-71.021046,41.946407,,boundary vertex
Map,Bristol,25005,Investigate,25005-1,51,-71.016588,41.943865,,boundary vertex
Map,Bristol,25005,Investigate,25005-1,52,-71.010567,41.940079,,boundary vertex
Map,Bristol,25005,Investigate,25005-1,53,-70.999773,41.929671,,boundary vertex
Map,Bristol,25005,Investigate,25005-1,54,-70.999629,41.928465,,boundary vertex
Map,Bristol,25005,Investigate,25005-1,55,-70.996752,41.927369,,boundary vertex
Map,Bristol,25005,Investigate,25005-1,56,-70.995533,41.925053,,boundary vertex
Map,Bristol,25005,Investigate,25005-1,57,-70.996448,41.923786,,boundary vertex
Map,Bristol,25005,Investigate,25005-1,58,-70.997223,41.923111,,boundary vertex
Map,Bristol,25005,Investigate,25005-1,59,-70.997397,41.918399,,boundary vertex
Map,Bristol,25005,Investigate,25005-1,60,-70.997132,41.916682,,boundary vertex
Map,Bristol,25005,Investigate,25005-1,61,-70.995082,41.914968,,boundary vertex
Map,Bristol,25005,Investigate,25005-1,62,-70.993279,41.916465,,boundary vertex
Map,Bristol,25005,Investigate,25005-1,63,-70.991978,41.915602,,boundary vertex
Map,Bristol,25005,Investigate,25005-1,64,-70.99115,41.909133,,boundary vertex
Map,Bristol,25005,Investigate,25005-1,65,-70.993152,41.906445,,boundary vertex
Map,Bristol,25005,Investigate,25005-1,66,-70.991849,41.906081,,boundary vertex
Map,Bristol,25005,Investigate,25005-1,67,-70.987256,41.905808,,boundary vertex
Map,Bristol,25005,Investigate,25005-1,68,-70.977163,41.875149,,boundary vertex
Map,Bristol,25005,Investigate,25005-1,69,-70.977169,41.874696,,boundary vertex
Map,Bristol,25005,Investigate,25005-1,70,-70.973717,41.860879,,boundary vertex
Map,Bristol,25005,Investigate,25005-1,71,-70.978308,41.857246,,boundary vertex
Map,Bristol,25005,Investigate,25005-1,72,-70.982739,41.855409,,boundary vertex
Map,Bristol,25005,Investigate,25005-1,73,-70.985779,41.854058,,boundary vertex
Map,Bristol,25005,Investigate,25005-1,74,-70.988042,41.851806,,boundary vertex
Map,Bristol,25005,Investigate,25005-1,75,-70.990454,41.850071,,boundary vertex
Map,Bristol,25005,Investigate,25005-1,76,-70.995905,41.847022,,boundary vertex
Map,Bristol,25005,Investigate,25005-1,77,-71.007455,41.838485,,boundary vertex
Map,Bristol,25005,Investigate,25005-1,78,-71.010944,41.835855,,boundary vertex
Map,Bristol,25005,Investigate,25005-1,79,-71.03657,41.816525,,boundary vertex
Map,Bristol,25005,Investigate,25005-1,80,-71.036308,41.816324,,boundary vertex
Map,Bristol,25005,Investigate,25005-1,81,-71.023157,41.806176,,boundary vertex
Map,Bristol,25005,Investigate,25005-1,82,-71.014591,41.799568,,boundary vertex
Map,Bristol,25005,Investigate,25005-1,83,-71.026288,41.778888,,boundary vertex
Map,Bristol,25005,Investigate,25005-1,84,-70.987963,41.783415,,boundary vertex
Map,Bristol,25005,Investigate,25005-1,85,-70.960648,41.786648,,boundary vertex
Map,Bristol,25005,Investigate,25005-1,86,-70.921782,41.791244,,boundary vertex
Map,Bristol,25005,Investigate,25005-1,87,-70.907184,41.763543,,boundary vertex
Map,Bristol,25005,Investigate,25005-1,88,-70.904438,41.758,,boundary vertex
Map,Bristol,25005,Investigate,25005-1,89,-70.886439,41.760232,,boundary vertex
Map,Bristol,25005,Investigate,25005-1,90,-70.87064,41.715957,,boundary vertex
Map,Bristol,25005,Investigate,25005-1,91,-70.865003,41.700164,,boundary vertex
Map,Bristol,25005,Investigate,25005-1,92,-70.859489,41.684736,,boundary vertex
Map,Bristol,25005,Investigate,25005-1,93,-70.858212,41.681167,,boundary vertex
Map,Bristol,25005,Investigate,25005-1,94,-70.852141,41.663916,,boundary vertex
Map,Bristol,25005,Investigate,25005-1,95,-70.848036,41.652463,,boundary vertex
Map,Bristol,25005,Investigate,25005-1,96,-70.845242,41.644665,,boundary vertex
Map,Bristol,25005,Investigate,25005-1,97,-70.8431763095007,41.628486815378,,boundary vertex
Map,Bristol,25005,Investigate,25005-1,98,-70.844165,41.628983,,boundary vertex
Map,Bristol,25005,Investigate,25005-1,99,-70.852518,41.626919,,boundary vertex
Map,Bristol,25005,Investigate,25005-1,100,-70.859654,41.624124,,boundary vertex
Map,Bristol,25005,Investigate,25005-1,101,-70.8596399559874,41.6241168911491,,boundary vertex
Map,Bristol,25005,Investigate,25005-1,102,-70.8552019159308,41.6218704274102,,boundary vertex
Map,Bristol,25005,Investigate,25005-1,103,-70.855126,41.621832,,boundary vertex
Map,Bristol,25005,Investigate,25005-1,104,-70.8547269193944,41.620341086411,,boundary vertex
Map,Bristol,25005,Investigate,25005-1,105,-70.854259,41.618593,,boundary vertex
Map,Bristol,25005,Investigate,25005-1,106,-70.8542659547771,41.6184854716496,,boundary vertex
Map,Bristol,25005,Investigate,25005-1,107,-70.854426,41.616011,,boundary vertex
Map,Bristol,25005,Investigate,25005-1,108,-70.853665,41.613969,,boundary vertex
Map,Bristol,25005,Investigate,25005-1,109,-70.8530900857918,41.6134371328507,,boundary vertex
Map,Bristol,25005,Investigate,25005-1,110,-70.8497190008041,41.6103184599479,,boundary vertex
Map,Bristol,25005,Investigate,25005-1,111,-70.849645,41.61025,,boundary vertex
Map,Bristol,25005,Investigate,25005-1,112,-70.847981,41.602963,,boundary vertex
Map,Bristol,25005,Investigate,25005-1,113,-70.843227,41.596565,,boundary vertex
Map,Bristol,25005,Investigate,25005-1,114,-70.844267,41.595052,,boundary vertex
Map,Bristol,25005,Investigate,25005-1,115,-70.847414,41.595403,,boundary vertex
Map,Bristol,25005,Investigate,25005-1,116,-70.850869,41.593368,,boundary vertex
Map,Bristol,25005,Investigate,25005-1,117,-70.850504,41.592114,,boundary vertex
Map,Bristol,25005,Investigate,25005-1,118,-70.853236,41.588104,,boundary vertex
Map,Bristol,25005,Investigate,25005-1,119,-70.853452,41.585488,,boundary vertex
Map,Bristol,25005,Investigate,25005-1,120,-70.853185,41.582975,,boundary vertex
Map,Bristol,25005,Investigate,25005-1,121,-70.854804,41.582431,,boundary vertex
Map,Bristol,25005,Investigate,25005-1,122,-70.856723,41.583709,,boundary vertex
Map,Bristol,25005,Investigate,25005-1,123,-70.857239,41.587705,,boundary vertex
Map,Bristol,25005,Investigate,25005-1,124,-70.860237,41.594635,,boundary vertex
Map,Bristol,25005,Investigate,25005-1,125,-70.863661,41.597594,,boundary vertex
Map,Bristol,25005,Investigate,25005-1,126,-70.863638,41.600919,,boundary vertex
Map,Bristol,25005,Investigate,25005-1,127,-70.862955,41.603852,,boundary vertex
Map,Bristol,25005,Investigate,25005-1,128,-70.868736150495,41.6143589422007,,boundary vertex
Map,Bristol,25005,Investigate,25005-1,129,-70.868904,41.614664,,boundary vertex
Map,Bristol,25005,Investigate,25005-1,130,-70.86836,41.622664,,boundary vertex
Map,Bristol,25005,Investigate,25005-1,131,-70.869624,41.625608,,boundary vertex
Map,Bristol,25005,Investigate,25005-1,132,-70.872665,41.627816,,boundary vertex
Map,Bristol,25005,Investigate,25005-1,133,-70.8746021885605,41.6284176778884,,boundary vertex
Map,Bristol,25005,Investigate,25005-1,134,-70.8777251476338,41.6293876482151,,boundary vertex
Map,Bristol,25005,Investigate,25005-1,135,-70.8790503312732,41.6297992414436,,boundary vertex
Map,Bristol,25005,Investigate,25005-1,136,-70.8820052541643,41.6307170208492,,boundary vertex
Map,Bristol,25005,Investigate,25005-1,137,-70.8820502702887,41.6307310025582,,boundary vertex
Map,Bristol,25005,Investigate,25005-1,138,-70.8844099661532,41.6314639084063,,boundary vertex
Map,Bristol,25005,Investigate,25005-1,139,-70.8870445424404,41.6322821902864,,boundary vertex
Map,Bristol,25005,Investigate,25005-1,140,-70.88876,41.632815,,boundary vertex
Map,Bristol,25005,Investigate,25005-1,141,-70.8891827974512,41.6325876577951,,boundary vertex
Map,Bristol,25005,Investigate,25005-1,142,-70.889476,41.63243,,boundary vertex
Map,Bristol,25005,Investigate,25005-1,143,-70.890898,41.628549,,boundary vertex
Map,Bristol,25005,Investigate,25005-1,144,-70.892717,41.625912,,boundary vertex
Map,Bristol,25005,Investigate,25005-1,145,-70.895438,41.624204,,boundary vertex
Map,Bristol,25005,Investigate,25005-1,146,-70.902861,41.624047,,boundary vertex
Map,Bristol,25005,Investigate,25005-1,147,-70.9030432832817,41.6240326397683,,boundary vertex
Map,Bristol,25005,Investigate,25005-1,148,-70.9059733834414,41.6238018072046,,boundary vertex
Map,Bristol,25005,Investigate,25005-1,149,-70.908827,41.623577,,boundary vertex
Map,Bristol,25005,Investigate,25005-1,150,-70.9088611704449,41.6235433294199,,boundary vertex
Map,Bristol,25005,Investigate,25005-1,151,-70.913202,41.619266,,boundary vertex
Map,Bristol,25005,Investigate,25005-1,152,-70.9116955737794,41.6177205247127,,boundary vertex
Map,Bristol,25005,Investigate,25005-1,153,-70.9098303948804,41.6158069972823,,boundary vertex
Map,Bristol,25005,Investigate,25005-1,154,-70.9071685427121,41.6130761454898,,boundary vertex
Map,Bristol,25005,Investigate,25005-1,155,-70.9053657220747,41.6112265927506,,boundary vertex
Map,Bristol,25005,Investigate,25005-1,156,-70.904522,41.610361,,boundary vertex
Map,Bristol,25005,Investigate,25005-1,157,-70.9033066945312,41.6067228911352,,boundary vertex
Map,Bristol,25005,Investigate,25005-1,158,-70.8996639885777,41.5958181752741,,boundary vertex
Map,Bristol,25005,Investigate,25005-1,159,-70.8995573078106,41.5954988183267,,boundary vertex
Map,Bristol,25005,Investigate,25005-1,160,-70.898607,41.592654,,boundary vertex
Map,Bristol,25005,Investigate,25005-1,161,-70.902051,41.591583,,boundary vertex
Map,Bristol,25005,Investigate,25005-1,162,-70.90908,41.5937,,boundary vertex
Map,Bristol,25005,Investigate,25005-1,163,-70.910814,41.595506,,boundary vertex
Map,Bristol,25005,Investigate,25005-1,164,-70.9123357001185,41.5986662917147,,boundary vertex
Map,Bristol,25005,Investigate,25005-1,165,-70.916581,41.607483,,boundary vertex
Map,Bristol,25005,Investigate,25005-1,166,-70.9170522789957,41.6079318821124,,boundary vertex
Map,Bristol,25005,Investigate,25005-1,167,-70.9184137954997,41.6092286944253,,boundary vertex
Map,Bristol,25005,Investigate,25005-1,168,-70.920074,41.61081,,boundary vertex
Map,Bristol,25005,Investigate,25005-1,169,-70.9217728014315,41.6134139429157,,boundary vertex
Map,Bristol,25005,Investigate,25005-1,170,-70.922375,41.614337,,boundary vertex
Map,Bristol,25005,Investigate,25005-1,171,-70.9226859902111,41.6142959759231,,boundary vertex
Map,Bristol,25005,Investigate,25005-1,172,-70.9256369866749,41.6139066970925,,boundary vertex
Map,Bristol,25005,Investigate,25005-1,173,-70.930456,41.613271,,boundary vertex
Map,Bristol,25005,Investigate,25005-1,174,-70.929722,41.609479,,boundary vertex
Map,Bristol,25005,Investigate,25005-1,175,-70.9302942089725,41.6084484702264,,boundary vertex
Map,Bristol,25005,Investigate,25005-1,176,-70.9305866474172,41.6079217980862,,boundary vertex
Map,Bristol,25005,Investigate,25005-1,177,-70.9310465247926,41.6070935738703,,boundary vertex
Map,Bristol,25005,Investigate,25005-1,178,-70.931169,41.606873,,boundary vertex
Map,Bristol,25005,Investigate,25005-1,179,-70.93,41.600441,,boundary vertex
Map,Bristol,25005,Investigate,25005-1,180,-70.927393,41.594064,,boundary vertex
Map,Bristol,25005,Investigate,25005-1,181,-70.9278201217944,41.5929960331102,,boundary vertex
Map,Bristol,25005,Investigate,25005-1,182,-70.9281315631713,41.5922173112493,,boundary vertex
Map,Bristol,25005,Investigate,25005-1,183,-70.9312970187133,41.5843024687989,,boundary vertex
Map,Bristol,25005,Investigate,25005-1,184,-70.9313265721657,41.5842285739309,,boundary vertex
Map,Bristol,25005,Investigate,25005-1,185,-70.931338,41.5842,,boundary vertex
Map,Bristol,25005,Investigate,25005-1,186,-70.933777,41.58043,,boundary vertex
Map,Bristol,25005,Investigate,25005-1,187,-70.937618,41.577481,,boundary vertex
Map,Bristol,25005,Investigate,25005-1,188,-70.938813,41.5777,,boundary vertex
Map,Bristol,25005,Investigate,25005-1,189,-70.939306,41.58023,,boundary vertex
Map,Bristol,25005,Investigate,25005-1,190,-70.942468,41.58154,,boundary vertex
Map,Bristol,25005,Investigate,25005-1,191,-70.943891,41.586015,,boundary vertex
Map,Bristol,25005,Investigate,25005-1,192,-70.945625,41.58659,,boundary vertex
Map,Bristol,25005,Investigate,25005-1,193,-70.9468499209689,41.5860618522576,,boundary vertex
Map,Bristol,25005,Investigate,25005-1,194,-70.950245,41.584598,,boundary vertex
Map,Bristol,25005,Investigate,25005-1,195,-70.949195,41.579048,,boundary vertex
Map,Bristol,25005,Investigate,25005-1,196,-70.947014,41.572722,,boundary vertex
Map,Bristol,25005,Investigate,25005-1,197,-70.93783,41.565239,,boundary vertex
Map,Bristol,25005,Investigate,25005-1,198,-70.935431,41.555673,,boundary vertex
Map,Bristol,25005,Investigate,25005-1,199,-70.9353158970957,41.5547554881265,,boundary vertex
Map,Bristol,25005,Investigate,25005-1,200,-70.9348250076768,41.5508424950259,,boundary vertex
Map,Bristol,25005,Investigate,25005-1,201,-70.934562,41.548746,,boundary vertex
Map,Bristol,25005,Investigate,25005-1,202,-70.92852,41.539776,,boundary vertex
Map,Bristol,25005,Investigate,25005-1,203,-70.941785,41.540121,,boundary vertex
Map,Bristol,25005,Investigate,25005-1,204,-70.946302,41.537564,,boundary vertex
Map,Bristol,25005,Investigate,25005-1,205,-70.947929,41.529802,,boundary vertex
Map,Bristol,25005,Investigate,25005-1,206,-70.954884,41.527567,,boundary vertex
Map,Bristol,25005,Investigate,25005-1,207,-70.952617,41.51812,,boundary vertex
Map,Bristol,25005,Investigate,25005-1,208,-70.953299,41.51501,,boundary vertex
Map,Bristol,25005,Investigate,25005-1,209,-70.956601,41.515462,,boundary vertex
Map,Bristol,25005,Investigate,25005-1,210,-70.958027,41.52169,,boundary vertex
Map,Bristol,25005,Investigate,25005-1,211,-70.961354,41.529698,,boundary vertex
Map,Bristol,25005,Investigate,25005-1,212,-70.966583,41.531655,,boundary vertex
Map,Bristol,25005,Investigate,25005-1,213,-70.972287,41.530765,,boundary vertex
Map,Bristol,25005,Investigate,25005-1,214,-70.9766173655604,41.528997301055,,boundary vertex
Map,Bristol,25005,Investigate,25005-1,215,-70.980131,41.527563,,boundary vertex
Map,Bristol,25005,Investigate,25005-1,216,-70.984647,41.520445,,boundary vertex
Map,Bristol,25005,Investigate,25005-1,217,-70.981557,41.513682,,boundary vertex
Map,Bristol,25005,Investigate,25005-1,218,-70.981708,41.51007,,boundary vertex
Map,Bristol,25005,Investigate,25005-1,219,-70.983956,41.5089,,boundary vertex
Map,Bristol,25005,Investigate,25005-1,220,-70.99389,41.511256,,boundary vertex
Map,Bristol,25005,Investigate,25005-1,221,-71.003275,41.511912,,boundary vertex
Map,Bristol,25005,Investigate,25005-1,222,-71.019354,41.508857,,boundary vertex
Map,Bristol,25005,Investigate,25005-1,223,-71.0222534069229,41.5044709421096,,boundary vertex
Map,Bristol,25005,Investigate,25005-1,224,-71.022336,41.504346,,boundary vertex
Map,Bristol,25005,Investigate,25005-1,225,-71.035514,41.499047,,boundary vertex
Map,Bristol,25005,Investigate,25005-1,226,-71.038349,41.492182,,boundary vertex
Map,Bristol,25005,Investigate,25005-1,227,-71.033609,41.486802,,boundary vertex
Map,Bristol,25005,Investigate,25005-1,228,-71.03551,41.481639,,boundary vertex
Map,Bristol,25005,Investigate,25005-1,229,-71.038362,41.481105,,boundary vertex
Map,Bristol,25005,Investigate,25005-1,230,-71.041214,41.490541,,boundary vertex
Map,Bristol,25005,Investigate,25005-1,231,-71.0412034434034,41.4909082750243,,boundary vertex
Map,Bristol,25005,Investigate,25005-1,232,-71.041076389917,41.4953285985609,,boundary vertex
Map,Bristol,25005,Investigate,25005-1,233,-71.041013,41.497534,,boundary vertex
Map,Bristol,25005,Investigate,25005-1,234,-71.048593,41.502659,,boundary vertex
Map,Bristol,25005,Investigate,25005-1,235,-71.058418,41.505967,,boundary vertex
Map,Bristol,25005,Investigate,25005-1,236,-71.0687678258469,41.5084218042395,,boundary vertex
Map,Bristol,25005,Investigate,25005-1,237,-71.070687,41.508877,,boundary vertex
Map,Bristol,25005,Investigate,25005-1,238,-71.085663,41.509292,,boundary vertex
Map,Bristol,25005,Investigate,25005-1,239,-71.0865542380026,41.5086795075684,,boundary vertex
Map,Bristol,25005,Investigate,25005-1,240,-71.093052,41.504214,,boundary vertex
Map,Bristol,25005,Investigate,25005-1,241,-71.106814,41.502469,,boundary vertex
Map,Bristol,25005,Investigate,25005-1,242,-71.1138,41.500106,,boundary vertex
Map,Bristol,25005,Investigate,25005-1,243,-71.115781,41.496509,,boundary vertex
Map,Bristol,25005,Investigate,25005-1,244,-71.12057,41.497448,,boundary vertex
Map,Bristol,25005,Investigate,25005-1,245,-71.1224,41.522156,,boundary vertex
Map,Bristol,25005,Investigate,25005-1,246,-71.1265952228316,41.5551792576397,,boundary vertex
Map,Bristol,25005,Investigate,25005-1,247,-71.1276180795753,41.5632308113072,,boundary vertex
Map,Bristol,25005,Investigate,25005-1,248,-71.131312,41.592308,,boundary vertex
Map,Bristol,25005,Investigate,25005-1,249,-71.131491526431,41.5932525671699,,boundary vertex
Map,Bristol,25005,Investigate,25005-1,250,-71.131618,41.593918,,boundary vertex
Map,Bristol,25005,Investigate,25005-1,251,-71.1366915595211,41.6013832323699,,boundary vertex
Map,Bristol,25005,Investigate,25005-1,252,-71.137492,41.602561,,boundary vertex
Map,Bristol,25005,Investigate,25005-1,253,-71.1385490700026,41.6034285758646,,boundary vertex
Map,Bristol,25005,Investigate,25005-1,254,-71.140588,41.605102,,boundary vertex
Map,Bristol,25005,Investigate,25005-1,255,-71.1408678892548,41.607103816627,,boundary vertex
Map,Bristol,25005,Investigate,25005-1,256,-71.14091,41.607405,,boundary vertex
Map,Bristol,25005,Investigate,25005-1,257,-71.141509,41.616076,,boundary vertex
Map,Bristol,25005,Investigate,25005-1,258,-71.140468,41.623893,,boundary vertex
Map,Bristol,25005,Investigate,25005-1,259,-71.135688,41.628402,,boundary vertex
Map,Bristol,25005,Investigate,25005-1,260,-71.135675749492,41.6285321972593,,boundary vertex
Map,Bristol,25005,Investigate,25005-1,261,-71.1347011713227,41.6388899233839,,boundary vertex
Map,Bristol,25005,Investigate,25005-1,262,-71.134484,41.641198,,boundary vertex
Map,Bristol,25005,Investigate,25005-1,263,-71.134478,41.641262,,boundary vertex
Map,Bristol,25005,Investigate,25005-1,264,-71.13267,41.658744,,boundary vertex
Map,Bristol,25005,Investigate,25005-1,265,-71.132888,41.660102,,boundary vertex
Map,Bristol,25005,Investigate,25005-1,266,-71.134688,41.660502,,boundary vertex
Map,Bristol,25005,Investigate,25005-1,267,-71.135188,41.660502,,boundary vertex
Map,Bristol,25005,Investigate,25005-1,268,-71.14587,41.662795,,boundary vertex
Map,Bristol,25005,Investigate,25005-1,269,-71.1535886121892,41.6640375454035,,boundary vertex
Map,Bristol,25005,Investigate,25005-1,270,-71.153989,41.664102,,boundary vertex
Map,Bristol,25005,Investigate,25005-1,271,-71.1621482835032,41.665578726574,,boundary vertex
Map,Bristol,25005,Investigate,25005-1,272,-71.17609,41.668102,,boundary vertex
Map,Bristol,25005,Investigate,25005-1,273,-71.17609,41.668502,,boundary vertex
Map,Bristol,25005,Investigate,25005-1,274,-71.1760865819477,41.6686011235154,,boundary vertex
Map,Bristol,25005,Investigate,25005-1,275,-71.17599,41.671402,,boundary vertex
Map,Bristol,25005,Investigate,25005-1,276,-71.18129,41.672502,,boundary vertex
Map,Bristol,25005,Investigate,25005-1,277,-71.184329906138,41.6730524736456,,boundary vertex
Map,Bristol,25005,Investigate,25005-1,278,-71.1843331898864,41.6730530682748,,boundary vertex
Map,Bristol,25005,Investigate,25005-1,279,-71.191175,41.674292,,boundary vertex
Map,Bristol,25005,Investigate,25005-1,280,-71.191178,41.674216,,boundary vertex
Map,Bristol,25005,Investigate,25005-1,281,-71.19439,41.674802,,boundary vertex
Map,Bristol,25005,Investigate,25005-1,282,-71.19564,41.67509,,boundary vertex
Map,Bristol,25005,Investigate,25005-1,283,-71.19569,41.675102,,boundary vertex
Map,Bristol,25005,Investigate,25005-1,284,-71.2012209584915,41.6818607518953,,boundary vertex
Map,Bristol,25005,Investigate,25005-1,285,-71.2082927532454,41.6905023835889,,boundary vertex
Map,Bristol,25005,Investigate,25005-1,286,-71.208371,41.690598,,boundary vertex
Map,Bristol,25005,Investigate,25005-1,287,-71.222470996299,41.707679020658,,boundary vertex
Map,Bristol,25005,Investigate,25005-1,288,-71.224798,41.710498,,boundary vertex
Map,Bristol,25005,Investigate,25005-1,289,-71.225791,41.711701,,boundary vertex
Map,Bristol,25005,Investigate,25005-1,290,-71.2262367316647,41.7122093201479,,boundary vertex
Map,Bristol,25005,Investigate,25005-1,291,-71.2452464955663,41.7338883857474,,boundary vertex
Map,Bristol,25005,Investigate,25005-1,292,-71.2453326038606,41.7339865851448,,boundary vertex
Map,Bristol,25005,Investigate,25005-1,293,-71.2521307457507,41.7417393044712,,boundary vertex
Map,Bristol,25005,Investigate,25005-1,294,-71.2547429944747,41.7447183583796,,boundary vertex
Map,Bristol,25005,Investigate,25005-1,295,-71.261392,41.752301,,boundary vertex
Map,Bristol,25005,Investigate,25005-1,296,-71.2844017716869,41.762010280821,,boundary vertex
Map,Bristol,25005,Investigate,25005-1,297,-71.2947580514203,41.7663802515257,,boundary vertex
Map,Bristol,25005,Investigate,25005-1,298,-71.2976875648494,41.7676163988869,,boundary vertex
Map,Bristol,25005,Investigate,25005-1,299,-71.3163878442731,41.7755072318263,,boundary vertex
Map,Bristol,25005,Investigate,25005-1,300,-71.317795,41.776101,,boundary vertex
Map,Bristol,25005,Investigate,25005-1,301,-71.3179242335629,41.7761572941963,,boundary vertex
Map,Bristol,25005,Investigate,25005-1,302,-71.327896,41.780501,,boundary vertex
Map,Bristol,25005,Investigate,25005-1,303,-71.329396,41.7826,,boundary vertex
Map,Bristol,25005,Investigate,25005-1,304,-71.329296,41.7868,,boundary vertex
Map,Bristol,25005,Investigate,25005-1,305,-71.3301161647591,41.7883554848879,,boundary vertex
Map,Bristol,25005,Investigate,25005-1,306,-71.331060754268,41.7901469477496,,boundary vertex
Map,Bristol,25005,Investigate,25005-1,307,-71.332196,41.7923,,boundary vertex
Map,Bristol,25005,Investigate,25005-1,308,-71.333896,41.7945,,boundary vertex
Map,Bristol,25005,Investigate,25005-1,309,-71.335797,41.7948,,boundary vertex
Map,Bristol,25005,Investigate,25005-1,310,-71.339297,41.7963,,boundary vertex
Map,Bristol,25005,Investigate,25005-1,311,-71.340697,41.7983,,boundary vertex
Map,Bristol,25005,Investigate,25005-1,312,-71.340797,41.8002,,boundary vertex
Map,Bristol,25005,Investigate,25005-1,313,-71.339297,41.8044,,boundary vertex
Map,Bristol,25005,Investigate,25005-1,314,-71.339297,41.8065,,boundary vertex
Map,Bristol,25005,Investigate,25005-1,315,-71.3392736117647,41.8066052470588,,boundary vertex
Map,Bristol,25005,Investigate,25005-1,316,-71.338897,41.8083,,boundary vertex
Map,Bristol,25005,Investigate,25005-1,317,-71.3390037431442,41.8085490673364,,boundary vertex
Map,Bristol,25005,Investigate,25005-1,318,-71.3390217068965,41.8085909827586,,boundary vertex
Map,Bristol,25005,Investigate,25005-1,319,-71.339197,41.809,,boundary vertex
Map,Bristol,25005,Investigate,25005-1,320,-71.347197,41.8231,,boundary vertex
Map,Bristol,25005,Investigate,25005-1,321,-71.3458887317406,41.8258871802048,,boundary vertex
Map,Bristol,25005,Investigate,25005-1,322,-71.344897,41.828,,boundary vertex
Map,Bristol,25005,Investigate,25005-1,323,-71.3428393692991,41.8295529288309,,boundary vertex
Map,Bristol,25005,Investigate,25005-1,324,-71.339597,41.832,,boundary vertex
Map,Bristol,25005,Investigate,25005-1,325,-71.337597,41.8337,,boundary vertex
Map,Bristol,25005,Investigate,25005-1,326,-71.33750452,41.83376936,,boundary vertex
Map,Bristol,25005,Investigate,25005-1,327,-71.335197,41.8355,,boundary vertex
Map,Bristol,25005,Investigate,25005-1,328,-71.3407956584837,41.8424559090253,,boundary vertex
Map,Bristol,25005,Investigate,25005-1,329,-71.341797,41.8437,,boundary vertex
Map,Bristol,25005,Investigate,25005-1,330,-71.342198,41.8448,,boundary vertex
Map,Bristol,25005,Investigate,25005-1,331,-71.3416734226395,41.845919388344,,boundary vertex
Map,Bristol,25005,Investigate,25005-1,332,-71.3344939886823,41.8612394827533,,boundary vertex
Map,Bristol,25005,Investigate,25005-1,333,-71.333997,41.8623,,boundary vertex
Map,Bristol,25005,Investigate,25005-1,334,-71.3378266820677,41.8731679405833,,boundary vertex
Map,Bristol,25005,Investigate,25005-1,335,-71.3378288661724,41.873174138675,,boundary vertex
Map,Bristol,25005,Investigate,25005-1,336,-71.338863843395,41.8761112156336,,boundary vertex
Map,Bristol,25005,Investigate,25005-1,337,-71.340798,41.8816,,boundary vertex
Map,Bristol,25005,Investigate,25005-1,338,-71.3397188707898,41.8900884303672,,boundary vertex
Map,Bristol,25005,Investigate,25005-1,339,-71.3397157557079,41.8901129336013,,boundary vertex
Map,Bristol,25005,Investigate,25005-1,340,-71.339298,41.893399,,boundary vertex
Map,Bristol,25005,Investigate,25005-1,341,-71.339298,41.893599,,boundary vertex
Map,Bristol,25005,Investigate,25005-1,342,-71.3391777169811,41.8945612641509,,boundary vertex
Map,Bristol,25005,Investigate,25005-1,343,-71.338698,41.898399,,boundary vertex
Map,Bristol,25005,Investigate,25005-1,344,-71.3387624937221,41.8983911691788,,boundary vertex
Map,Bristol,25005,Investigate,25005-1,345,-71.3397631896385,41.8982696647821,,boundary vertex
Map,Bristol,25005,Investigate,25005-1,346,-71.3458749094161,41.8975275803866,,boundary vertex
Map,Bristol,25005,Investigate,25005-1,347,-71.3490536354034,41.8971416197996,,boundary vertex
Map,Bristol,25005,Investigate,25005-1,348,-71.352699,41.896699,,boundary vertex
Map,Bristol,25005,Investigate,25005-1,349,-71.3545188256255,41.8965170174374,,boundary vertex
Map,Bristol,25005,Investigate,25005-1,350,-71.354699,41.896499,,boundary vertex
Map,Bristol,25005,Investigate,25005-1,351,-71.362499,41.895599,,boundary vertex
Map,Bristol,25005,Investigate,25005-1,352,-71.364699,41.895399,,boundary vertex
Map,Bristol,25005,Investigate,25005-1,353,-71.365399,41.895299,,boundary vertex
Map,Bristol,25005,Investigate,25005-1,354,-71.370999,41.894599,,boundary vertex
Map,Bristol,25005,Investigate,25005-1,355,-71.3711903265602,41.8945853338171,,boundary vertex
Map,Bristol,25005,Investigate,25005-1,356,-71.373799,41.894399,,boundary vertex
Map,Bristol,25005,Investigate,25005-1,357,-71.3763523440612,41.8940343667888,,boundary vertex
Map,Bristol,25005,Investigate,25005-1,358,-71.3764963977197,41.8940137950418,,boundary vertex
Map,Bristol,25005,Investigate,25005-1,359,-71.3766,41.893999,,boundary vertex
Map,Bristol,25005,Investigate,25005-1,360,-71.3815293543911,41.8932257679386,,boundary vertex
Map,Bristol,25005,Investigate,25005-1,361,-71.3817,41.893199,,boundary vertex
Map,Bristol,25005,Investigate,25005-1,362,-71.3817,41.8937517472528,,boundary vertex
Map,Dukes,25007,Investigate,25007-0,0,-70.8071,41.458576,,boundary vertex
Map,Dukes,25007,Investigate,25007-0,1,-70.802584,41.459288,,boundary vertex
Map,Dukes,25007,Investigate,25007-0,2,-70.801972,41.461912,,boundary vertex
Map,Dukes,25007,Investigate,25007-0,3,-70.802964,41.46487,,boundary vertex
Map,Dukes,25007,Investigate,25007-0,4,-70.801723,41.467275,,boundary vertex
Map,Dukes,25007,Investigate,25007-0,5,-70.798351,41.468806,,boundary vertex
Map,Dukes,25007,Investigate,25007-0,6,-70.792447,41.469289,,boundary vertex
Map,Dukes,25007,Investigate,25007-0,7,-70.789036,41.471934,,boundary vertex
Map,Dukes,25007,Investigate,25007-0,8,-70.787014,41.476687,,boundary vertex
Map,Dukes,25007,Investigate,25007-0,9,-70.784153,41.47796,,boundary vertex
Map,Dukes,25007,Investigate,25007-0,10,-70.779824,41.47707,,boundary vertex
Map,Dukes,25007,Investigate,25007-0,11,-70.775489,41.477098,,boundary vertex
Map,Dukes,25007,Investigate,25007-0,12,-70.771394,41.481782,,boundary vertex
Map,Dukes,25007,Investigate,25007-0,13,-70.770345,41.484945,,boundary vertex
Map,Dukes,25007,Investigate,25007-0,14,-70.767993,41.487788,,boundary vertex
Map,Dukes,25007,Investigate,25007-0,15,-70.761751,41.488076,,boundary vertex
Map,Dukes,25007,Investigate,25007-0,16,-70.757187,41.490986,,boundary vertex
Map,Dukes,25007,Investigate,25007-0,17,-70.754901,41.491016,,boundary vertex
Map,Dukes,25007,Investigate,25007-0,18,-70.750057,41.495437,,boundary vertex
Map,Dukes,25007,Investigate,25007-0,19,-70.747152,41.499889,,boundary vertex
Map,Dukes,25007,Investigate,25007-0,20,-70.743402,41.500956,,boundary vertex
Map,Dukes,25007,Investigate,25007-0,21,-70.737602,41.504261,,boundary vertex
Map,Dukes,25007,Investigate,25007-0,22,-70.73503,41.503783,,boundary vertex
Map,Dukes,25007,Investigate,25007-0,23,-70.730166,41.503176,,boundary vertex
Map,Dukes,25007,Investigate,25007-0,24,-70.726465,41.505625,,boundary vertex
Map,Dukes,25007,Investigate,25007-0,25,-70.722086,41.509272,,boundary vertex
Map,Dukes,25007,Investigate,25007-0,26,-70.718787,41.512874,,boundary vertex
Map,Dukes,25007,Investigate,25007-0,27,-70.715202,41.515466,,boundary vertex
Map,Dukes,25007,Investigate,25007-0,28,-70.710222,41.518915,,boundary vertex
Map,Dukes,25007,Investigate,25007-0,29,-70.707235,41.519947,,boundary vertex
Map,Dukes,25007,Investigate,25007-0,30,-70.702521,41.519644,,boundary vertex
Map,Dukes,25007,Investigate,25007-0,31,-70.700619,41.521779,,boundary vertex
Map,Dukes,25007,Investigate,25007-0,32,-70.698243,41.52089,,boundary vertex
Map,Dukes,25007,Investigate,25007-0,33,-70.700382,41.51733,,boundary vertex
Map,Dukes,25007,Investigate,25007-0,34,-70.699431,41.513593,,boundary vertex
Map,Dukes,25007,Investigate,25007-0,35,-70.69444,41.513949,,boundary vertex
Map,Dukes,25007,Investigate,25007-0,36,-70.692063,41.512525,,boundary vertex
Map,Dukes,25007,Investigate,25007-0,37,-70.687309,41.512347,,boundary vertex
Map,Dukes,25007,Investigate,25007-0,38,-70.682793,41.514305,,boundary vertex
Map,Dukes,25007,Investigate,25007-0,39,-70.678278,41.51733,,boundary vertex
Map,Dukes,25007,Investigate,25007-0,40,-70.676851,41.516797,,boundary vertex
Map,Dukes,25007,Investigate,25007-0,41,-70.675188,41.513949,,boundary vertex
Map,Dukes,25007,Investigate,25007-0,42,-70.674712,41.512347,,boundary vertex
Map,Dukes,25007,Investigate,25007-0,43,-70.677231,41.509755,,boundary vertex
Map,Dukes,25007,Investigate,25007-0,44,-70.681562,41.507269,,boundary vertex
Map,Dukes,25007,Investigate,25007-0,45,-70.685537,41.506668,,boundary vertex
Map,Dukes,25007,Investigate,25007-0,46,-70.689894,41.504529,,boundary vertex
Map,Dukes,25007,Investigate,25007-0,47,-70.693727,41.50683,,boundary vertex
Map,Dukes,25007,Investigate,25007-0,48,-70.698005,41.504516,,boundary vertex
Map,Dukes,25007,Investigate,25007-0,49,-70.702046,41.503982,,boundary vertex
Map,Dukes,25007,Investigate,25007-0,50,-70.707037,41.50149,,boundary vertex
Map,Dukes,25007,Investigate,25007-0,51,-70.706086,41.498108,,boundary vertex
Map,Dukes,25007,Investigate,25007-0,52,-70.704541,41.49681,,boundary vertex
Map,Dukes,25007,Investigate,25007-0,53,-70.709889,41.493657,,boundary vertex
Map,Dukes,25007,Investigate,25007-0,54,-70.712266,41.49063,,boundary vertex
Map,Dukes,25007,Investigate,25007-0,55,-70.717495,41.489384,,boundary vertex
Map,Dukes,25007,Investigate,25007-0,56,-70.722311,41.488279,,boundary vertex
Map,Dukes,25007,Investigate,25007-0,57,-70.72575,41.488432,,boundary vertex
Map,Dukes,25007,Investigate,25007-0,58,-70.73437,41.486891,,boundary vertex
Map,Dukes,25007,Investigate,25007-0,59,-70.739579,41.482365,,boundary vertex
Map,Dukes,25007,Investigate,25007-0,60,-70.747205,41.47781,,boundary vertex
Map,Dukes,25007,Investigate,25007-0,61,-70.752909,41.478701,,boundary vertex
Map,Dukes,25007,Investigate,25007-0,62,-70.756712,41.479057,,boundary vertex
Map,Dukes,25007,Investigate,25007-0,63,-70.759802,41.47692,,boundary vertex
Map,Dukes,25007,Investigate,25007-0,64,-70.76099,41.473002,,boundary vertex
Map,Dukes,25007,Investigate,25007-0,65,-70.757187,41.470687,,boundary vertex
Map,Dukes,25007,Investigate,25007-0,66,-70.755664,41.467146,,boundary vertex
Map,Dukes,25007,Investigate,25007-0,67,-70.758138,41.463029,,boundary vertex
Map,Dukes,25007,Investigate,25007-0,68,-70.761128,41.461112,,boundary vertex
Map,Dukes,25007,Investigate,25007-0,69,-70.766426,41.460527,,boundary vertex
Map,Dukes,25007,Investigate,25007-0,70,-70.767883,41.457685,,boundary vertex
Map,Dukes,25007,Investigate,25007-0,71,-70.776308,41.457664,,boundary vertex
Map,Dukes,25007,Investigate,25007-0,72,-70.780513,41.453894,,boundary vertex
Map,Dukes,25007,Investigate,25007-0,73,-70.784433,41.450333,,boundary vertex
Map,Dukes,25007,Investigate,25007-0,74,-70.790395,41.446535,,boundary vertex
Map,Dukes,25007,Investigate,25007-0,75,-70.796078,41.446793,,boundary vertex
Map,Dukes,25007,Investigate,25007-0,76,-70.799996,41.446167,,boundary vertex
Map,Dukes,25007,Investigate,25007-0,77,-70.805199,41.450381,,boundary vertex
Map,Dukes,25007,Investigate,25007-0,78,-70.806625,41.455013,,boundary vertex
Map,Dukes,25007,Investigate,25007-0,79,-70.8071,41.458576,,boundary vertex
Map,Dukes,25007,Investigate,25007-1,0,-70.832039,41.259495,,boundary vertex
Map,Dukes,25007,Investigate,25007-1,1,-70.829832,41.259748,,boundary vertex
Map,Dukes,25007,Investigate,25007-1,2,-70.823872,41.259472,,boundary vertex
Map,Dukes,25007,Investigate,25007-1,3,-70.819665,41.260064,,boundary vertex
Map,Dukes,25007,Investigate,25007-1,4,-70.817263,41.261639,,boundary vertex
Map,Dukes,25007,Investigate,25007-1,5,-70.816041,41.261816,,boundary vertex
Map,Dukes,25007,Investigate,25007-1,6,-70.814154,41.26228,,boundary vertex
Map,Dukes,25007,Investigate,25007-1,7,-70.812874,41.264103,,boundary vertex
Map,Dukes,25007,Investigate,25007-1,8,-70.811965,41.264839,,boundary vertex
Map,Dukes,25007,Investigate,25007-1,9,-70.811876,41.263388,,boundary vertex
Map,Dukes,25007,Investigate,25007-1,10,-70.809607,41.260703,,boundary vertex
Map,Dukes,25007,Investigate,25007-1,11,-70.802718,41.259052,,boundary vertex
Map,Dukes,25007,Investigate,25007-1,12,-70.801561,41.25841,,boundary vertex
Map,Dukes,25007,Investigate,25007-1,13,-70.803519,41.253261,,boundary vertex
Map,Dukes,25007,Investigate,25007-1,14,-70.803315,41.250225,,boundary vertex
Map,Dukes,25007,Investigate,25007-1,15,-70.804236,41.249458,,boundary vertex
Map,Dukes,25007,Investigate,25007-1,16,-70.805945,41.249265,,boundary vertex
Map,Dukes,25007,Investigate,25007-1,17,-70.809245,41.249068,,boundary vertex
Map,Dukes,25007,Investigate,25007-1,18,-70.810928,41.249554,,boundary vertex
Map,Dukes,25007,Investigate,25007-1,19,-70.812222,41.249408,,boundary vertex
Map,Dukes,25007,Investigate,25007-1,20,-70.813096,41.25005,,boundary vertex
Map,Dukes,25007,Investigate,25007-1,21,-70.81384,41.250576,,boundary vertex
Map,Dukes,25007,Investigate,25007-1,22,-70.8152,41.250674,,boundary vertex
Map,Dukes,25007,Investigate,25007-1,23,-70.81733,41.250556,,boundary vertex
Map,Dukes,25007,Investigate,25007-1,24,-70.821284,41.251014,,boundary vertex
Map,Dukes,25007,Investigate,25007-1,25,-70.825508,41.252277,,boundary vertex
Map,Dukes,25007,Investigate,25007-1,26,-70.828371,41.254745,,boundary vertex
Map,Dukes,25007,Investigate,25007-1,27,-70.830718,41.256278,,boundary vertex
Map,Dukes,25007,Investigate,25007-1,28,-70.832333,41.258362,,boundary vertex
Map,Dukes,25007,Investigate,25007-1,29,-70.832039,41.259495,,boundary vertex
Map,Dukes,25007,Investigate,25007-2,0,-70.838777,41.347209,,boundary vertex
Map,Dukes,25007,Investigate,25007-2,1,-70.8341095091775,41.3530041941328,,boundary vertex
Map,Dukes,25007,Investigate,25007-2,2,-70.833802,41.353386,,boundary vertex
Map,Dukes,25007,Investigate,25007-2,3,-70.8330809242275,41.3533958211037,,boundary vertex
Map,Dukes,25007,Investigate,25007-2,4,-70.819852,41.353576,,boundary vertex
Map,Dukes,25007,Investigate,25007-2,5,-70.812309,41.355745,,boundary vertex
Map,Dukes,25007,Investigate,25007-2,6,-70.808093,41.355761,,boundary vertex
Map,Dukes,25007,Investigate,25007-2,7,-70.800289,41.3538,,boundary vertex
Map,Dukes,25007,Investigate,25007-2,8,-70.783859848774,41.3480288232751,,boundary vertex
Map,Dukes,25007,Investigate,25007-2,9,-70.7834605246328,41.3478885500402,,boundary vertex
Map,Dukes,25007,Investigate,25007-2,10,-70.783291,41.347829,,boundary vertex
Map,Dukes,25007,Investigate,25007-2,11,-70.774974,41.349176,,boundary vertex
Map,Dukes,25007,Investigate,25007-2,12,-70.768901,41.353246,,boundary vertex
Map,Dukes,25007,Investigate,25007-2,13,-70.7685340745098,41.3537358297999,,boundary vertex
Map,Dukes,25007,Investigate,25007-2,14,-70.7683003346841,41.3540478624473,,boundary vertex
Map,Dukes,25007,Investigate,25007-2,15,-70.758637,41.366948,,boundary vertex
Map,Dukes,25007,Investigate,25007-2,16,-70.749086,41.375188,,boundary vertex
Map,Dukes,25007,Investigate,25007-2,17,-70.745066,41.376586,,boundary vertex
Map,Dukes,25007,Investigate,25007-2,18,-70.740428,41.382777,,boundary vertex
Map,Dukes,25007,Investigate,25007-2,19,-70.736979,41.391526,,boundary vertex
Map,Dukes,25007,Investigate,25007-2,20,-70.731859,41.397797,,boundary vertex
Map,Dukes,25007,Investigate,25007-2,21,-70.729225,41.397728,,boundary vertex
Map,Dukes,25007,Investigate,25007-2,22,-70.724366,41.398942,,boundary vertex
Map,Dukes,25007,Investigate,25007-2,23,-70.719709,41.404664,,boundary vertex
Map,Dukes,25007,Investigate,25007-2,24,-70.712432,41.40885,,boundary vertex
Map,Dukes,25007,Investigate,25007-2,25,-70.7123514423336,41.4094170779283,,boundary vertex
Map,Dukes,25007,Investigate,25007-2,26,-70.711493,41.41546,,boundary vertex
Map,Dukes,25007,Investigate,25007-2,27,-70.709399,41.418661,,boundary vertex
Map,Dukes,25007,Investigate,25007-2,28,-70.706561,41.419198,,boundary vertex
Map,Dukes,25007,Investigate,25007-2,29,-70.705724,41.424023,,boundary vertex
Map,Dukes,25007,Investigate,25007-2,30,-70.701378,41.430925,,boundary vertex
Map,Dukes,25007,Investigate,25007-2,31,-70.700964,41.43401,,boundary vertex
Map,Dukes,25007,Investigate,25007-2,32,-70.697928,41.435589,,boundary vertex
Map,Dukes,25007,Investigate,25007-2,33,-70.695478,41.43501,,boundary vertex
Map,Dukes,25007,Investigate,25007-2,34,-70.689924,41.436841,,boundary vertex
Map,Dukes,25007,Investigate,25007-2,35,-70.686881,41.441334,,boundary vertex
Map,Dukes,25007,Investigate,25007-2,36,-70.684164,41.441938,,boundary vertex
Map,Dukes,25007,Investigate,25007-2,37,-70.679255,41.440598,,boundary vertex
Map,Dukes,25007,Investigate,25007-2,38,-70.67186,41.442364,,boundary vertex
Map,Dukes,25007,Investigate,25007-2,39,-70.669536,41.447174,,boundary vertex
Map,Dukes,25007,Investigate,25007-2,40,-70.665918,41.451094,,boundary vertex
Map,Dukes,25007,Investigate,25007-2,41,-70.665083,41.456226,,boundary vertex
Map,Dukes,25007,Investigate,25007-2,42,-70.659652,41.460677,,boundary vertex
Map,Dukes,25007,Investigate,25007-2,43,-70.656088039126,41.4608120037494,,boundary vertex
Map,Dukes,25007,Investigate,25007-2,44,-70.64933,41.461068,,boundary vertex
Map,Dukes,25007,Investigate,25007-2,45,-70.64215,41.462316,,boundary vertex
Map,Dukes,25007,Investigate,25007-2,46,-70.6327374932136,41.467211145763,,boundary vertex
Map,Dukes,25007,Investigate,25007-2,47,-70.632184,41.467499,,boundary vertex
Map,Dukes,25007,Investigate,25007-2,48,-70.620025,41.474592,,boundary vertex
Map,Dukes,25007,Investigate,25007-2,49,-70.603555,41.482384,,boundary vertex
Map,Dukes,25007,Investigate,25007-2,50,-70.598444,41.481151,,boundary vertex
Map,Dukes,25007,Investigate,25007-2,51,-70.59628,41.471905,,boundary vertex
Map,Dukes,25007,Investigate,25007-2,52,-70.5962039381681,41.4713983994972,,boundary vertex
Map,Dukes,25007,Investigate,25007-2,53,-70.595803,41.468728,,boundary vertex
Map,Dukes,25007,Investigate,25007-2,54,-70.5988437208169,41.4632321229196,,boundary vertex
Map,Dukes,25007,Investigate,25007-2,55,-70.599843,41.461426,,boundary vertex
Map,Dukes,25007,Investigate,25007-2,56,-70.599843,41.4601772247191,,boundary vertex
Map,Dukes,25007,Investigate,25007-2,57,-70.599843,41.458576,,boundary vertex
Map,Dukes,25007,Investigate,25007-2,58,-70.59913,41.455369,,boundary vertex
Map,Dukes,25007,Investigate,25007-2,59,-70.597752565762,41.4547118995812,,boundary vertex
Map,Dukes,25007,Investigate,25007-2,60,-70.596516,41.454122,,boundary vertex
Map,Dukes,25007,Investigate,25007-2,61,-70.5960452362336,41.4543077619645,,boundary vertex
Map,Dukes,25007,Investigate,25007-2,62,-70.592,41.455904,,boundary vertex
Map,Dukes,25007,Investigate,25007-2,63,-70.5919474438957,41.4559643989788,,boundary vertex
Map,Dukes,25007,Investigate,25007-2,64,-70.5903475939121,41.457802992354,,boundary vertex
Map,Dukes,25007,Investigate,25007-2,65,-70.588435,41.460001,,boundary vertex
Map,Dukes,25007,Investigate,25007-2,66,-70.5883007646574,41.4600211042415,,boundary vertex
Map,Dukes,25007,Investigate,25007-2,67,-70.583681,41.460713,,boundary vertex
Map,Dukes,25007,Investigate,25007-2,68,-70.5784380446288,41.4651930522286,,boundary vertex
Map,Dukes,25007,Investigate,25007-2,69,-70.57485,41.468259,,boundary vertex
Map,Dukes,25007,Investigate,25007-2,70,-70.567356,41.471208,,boundary vertex
Map,Dukes,25007,Investigate,25007-2,71,-70.56328,41.469127,,boundary vertex
Map,Dukes,25007,Investigate,25007-2,72,-70.5594085010467,41.4628678896259,,boundary vertex
Map,Dukes,25007,Investigate,25007-2,73,-70.5580293372132,41.4606381747888,,boundary vertex
Map,Dukes,25007,Investigate,25007-2,74,-70.5578187255079,41.4602976756886,,boundary vertex
Map,Dukes,25007,Investigate,25007-2,75,-70.5576728980861,41.4600619143106,,boundary vertex
Map,Dukes,25007,Investigate,25007-2,76,-70.553277,41.452955,,boundary vertex
Map,Dukes,25007,Investigate,25007-2,77,-70.553243814268,41.4520050335819,,boundary vertex
Map,Dukes,25007,Investigate,25007-2,78,-70.5531073714231,41.4480992550175,,boundary vertex
Map,Dukes,25007,Investigate,25007-2,79,-70.552943,41.443394,,boundary vertex
Map,Dukes,25007,Investigate,25007-2,80,-70.5530259190101,41.4430017570303,,boundary vertex
Map,Dukes,25007,Investigate,25007-2,81,-70.5538258918114,41.439217537866,,boundary vertex
Map,Dukes,25007,Investigate,25007-2,82,-70.555588,41.430882,,boundary vertex
Map,Dukes,25007,Investigate,25007-2,83,-70.553096,41.423952,,boundary vertex
Map,Dukes,25007,Investigate,25007-2,84,-70.5482073256813,41.4167715109166,,boundary vertex
Map,Dukes,25007,Investigate,25007-2,85,-70.547567,41.415831,,boundary vertex
Map,Dukes,25007,Investigate,25007-2,86,-70.538301,41.409241,,boundary vertex
Map,Dukes,25007,Investigate,25007-2,87,-70.528581,41.4051,,boundary vertex
Map,Dukes,25007,Investigate,25007-2,88,-70.517584,41.403769,,boundary vertex
Map,Dukes,25007,Investigate,25007-2,89,-70.5173002889131,41.4036745991506,,boundary vertex
Map,Dukes,25007,Investigate,25007-2,90,-70.506984,41.400242,,boundary vertex
Map,Dukes,25007,Investigate,25007-2,91,-70.502372,41.392005,,boundary vertex
Map,Dukes,25007,Investigate,25007-2,92,-70.5019580325624,41.3894365378683,,boundary vertex
Map,Dukes,25007,Investigate,25007-2,93,-70.501306,41.385391,,boundary vertex
Map,Dukes,25007,Investigate,25007-2,94,-70.498959,41.384339,,boundary vertex
Map,Dukes,25007,Investigate,25007-2,95,-70.490758,41.383634,,boundary vertex
Map,Dukes,25007,Investigate,25007-2,96,-70.484503,41.38629,,boundary vertex
Map,Dukes,25007,Investigate,25007-2,97,-70.478389,41.392101,,boundary vertex
Map,Dukes,25007,Investigate,25007-2,98,-70.471687,41.3962,,boundary vertex
Map,Dukes,25007,Investigate,25007-2,99,-70.472604,41.399128,,boundary vertex
Map,Dukes,25007,Investigate,25007-2,100,-70.473035,41.408757,,boundary vertex
Map,Dukes,25007,Investigate,25007-2,101,-70.470788,41.412875,,boundary vertex
Map,Dukes,25007,Investigate,25007-2,102,-70.463833,41.419145,,boundary vertex
Map,Dukes,25007,Investigate,25007-2,103,-70.452497,41.42143,,boundary vertex
Map,Dukes,25007,Investigate,25007-2,104,-70.450431,41.420703,,boundary vertex
Map,Dukes,25007,Investigate,25007-2,105,-70.446233,41.39648,,boundary vertex
Map,Dukes,25007,Investigate,25007-2,106,-70.449268,41.380422,,boundary vertex
Map,Dukes,25007,Investigate,25007-2,107,-70.448262,41.353651,,boundary vertex
Map,Dukes,25007,Investigate,25007-2,108,-70.452244,41.349828,,boundary vertex
Map,Dukes,25007,Investigate,25007-2,109,-70.463292,41.347479,,boundary vertex
Map,Dukes,25007,Investigate,25007-2,110,-70.482429,41.348401,,boundary vertex
Map,Dukes,25007,Investigate,25007-2,111,-70.495026,41.347509,,boundary vertex
Map,Dukes,25007,Investigate,25007-2,112,-70.5118055630358,41.3480709299907,,boundary vertex
Map,Dukes,25007,Investigate,25007-2,113,-70.5287773059415,41.348639295884,,boundary vertex
Map,Dukes,25007,Investigate,25007-2,114,-70.538294,41.348958,,boundary vertex
Map,Dukes,25007,Investigate,25007-2,115,-70.579165,41.350007,,boundary vertex
Map,Dukes,25007,Investigate,25007-2,116,-70.599157,41.349272,,boundary vertex
Map,Dukes,25007,Investigate,25007-2,117,-70.6067574950246,41.3489200515215,,boundary vertex
Map,Dukes,25007,Investigate,25007-2,118,-70.648805,41.346973,,boundary vertex
Map,Dukes,25007,Investigate,25007-2,119,-70.6511943134485,41.3468218712793,,boundary vertex
Map,Dukes,25007,Investigate,25007-2,120,-70.691112,41.344297,,boundary vertex
Map,Dukes,25007,Investigate,25007-2,121,-70.709826,41.341723,,boundary vertex
Map,Dukes,25007,Investigate,25007-2,122,-70.733253,41.336226,,boundary vertex
Map,Dukes,25007,Investigate,25007-2,123,-70.742487,41.332798,,boundary vertex
Map,Dukes,25007,Investigate,25007-2,124,-70.747541,41.329952,,boundary vertex
Map,Dukes,25007,Investigate,25007-2,125,-70.748393,41.326807,,boundary vertex
Map,Dukes,25007,Investigate,25007-2,126,-70.75408,41.324893,,boundary vertex
Map,Dukes,25007,Investigate,25007-2,127,-70.764188,41.318706,,boundary vertex
Map,Dukes,25007,Investigate,25007-2,128,-70.768015,41.311959,,boundary vertex
Map,Dukes,25007,Investigate,25007-2,129,-70.766166,41.308962,,boundary vertex
Map,Dukes,25007,Investigate,25007-2,130,-70.768687,41.303702,,boundary vertex
Map,Dukes,25007,Investigate,25007-2,131,-70.775665,41.300982,,boundary vertex
Map,Dukes,25007,Investigate,25007-2,132,-70.7999054620579,41.3131169122082,,boundary vertex
Map,Dukes,25007,Investigate,25007-2,133,-70.802083,41.314207,,boundary vertex
Map,Dukes,25007,Investigate,25007-2,134,-70.819415,41.327212,,boundary vertex
Map,Dukes,25007,Investigate,25007-2,135,-70.8326491095335,41.3408801380199,,boundary vertex
Map,Dukes,25007,Investigate,25007-2,136,-70.8374100690638,41.3457972389252,,boundary vertex
Map,Dukes,25007,Investigate,25007-2,137,-70.838777,41.347209,,boundary vertex
Map,Dukes,25007,Investigate,25007-3,0,-70.840375,41.452875,,boundary vertex
Map,Dukes,25007,Investigate,25007-3,1,-70.838202,41.456012,,boundary vertex
Map,Dukes,25007,Investigate,25007-3,2,-70.832508,41.457951,,boundary vertex
Map,Dukes,25007,Investigate,25007-3,3,-70.82857,41.456728,,boundary vertex
Map,Dukes,25007,Investigate,25007-3,4,-70.82268,41.456783,,boundary vertex
Map,Dukes,25007,Investigate,25007-3,5,-70.820595,41.458507,,boundary vertex
Map,Dukes,25007,Investigate,25007-3,6,-70.816369,41.456082,,boundary vertex
Map,Dukes,25007,Investigate,25007-3,7,-70.812329,41.453232,,boundary vertex
Map,Dukes,25007,Investigate,25007-3,8,-70.808288,41.449491,,boundary vertex
Map,Dukes,25007,Investigate,25007-3,9,-70.809952,41.44664,,boundary vertex
Map,Dukes,25007,Investigate,25007-3,10,-70.808051,41.445037,,boundary vertex
Map,Dukes,25007,Investigate,25007-3,11,-70.810115,41.443692,,boundary vertex
Map,Dukes,25007,Investigate,25007-3,12,-70.814468,41.445928,,boundary vertex
Map,Dukes,25007,Investigate,25007-3,13,-70.822883,41.445311,,boundary vertex
Map,Dukes,25007,Investigate,25007-3,14,-70.830868,41.441295,,boundary vertex
Map,Dukes,25007,Investigate,25007-3,15,-70.836868,41.441968,,boundary vertex
Map,Dukes,25007,Investigate,25007-3,16,-70.841564,41.449134,,boundary vertex
Map,Dukes,25007,Investigate,25007-3,17,-70.840375,41.452875,,boundary vertex
Map,Dukes,25007,Investigate,25007-4,0,-70.903598,41.430782,,boundary vertex
Map,Dukes,25007,Investigate,25007-4,1,-70.901011,41.434453,,boundary vertex
Map,Dukes,25007,Investigate,25007-4,2,-70.894566,41.432742,,boundary vertex
Map,Dukes,25007,Investigate,25007-4,3,-70.887576,41.43323,,boundary vertex
Map,Dukes,25007,Investigate,25007-4,4,-70.882207,41.432564,,boundary vertex
Map,Dukes,25007,Investigate,25007-4,5,-70.8803,41.437969,,boundary vertex
Map,Dukes,25007,Investigate,25007-4,6,-70.872517,41.43936,,boundary vertex
Map,Dukes,25007,Investigate,25007-4,7,-70.868018,41.442354,,boundary vertex
Map,Dukes,25007,Investigate,25007-4,8,-70.863668,41.442542,,boundary vertex
Map,Dukes,25007,Investigate,25007-4,9,-70.860816,41.445749,,boundary vertex
Map,Dukes,25007,Investigate,25007-4,10,-70.857103,41.450253,,boundary vertex
Map,Dukes,25007,Investigate,25007-4,11,-70.854636,41.4486,,boundary vertex
Map,Dukes,25007,Investigate,25007-4,12,-70.855111,41.444859,,boundary vertex
Map,Dukes,25007,Investigate,25007-4,13,-70.855824,41.440583,,boundary vertex
Map,Dukes,25007,Investigate,25007-4,14,-70.851071,41.43595,,boundary vertex
Map,Dukes,25007,Investigate,25007-4,15,-70.849169,41.435415,,boundary vertex
Map,Dukes,25007,Investigate,25007-4,16,-70.848563,41.432844,,boundary vertex
Map,Dukes,25007,Investigate,25007-4,17,-70.853725,41.428505,,boundary vertex
Map,Dukes,25007,Investigate,25007-4,18,-70.857793,41.426,,boundary vertex
Map,Dukes,25007,Investigate,25007-4,19,-70.862663,41.424115,,boundary vertex
Map,Dukes,25007,Investigate,25007-4,20,-70.871216,41.422085,,boundary vertex
Map,Dukes,25007,Investigate,25007-4,21,-70.884405,41.421498,,boundary vertex
Map,Dukes,25007,Investigate,25007-4,22,-70.889371,41.422631,,boundary vertex
Map,Dukes,25007,Investigate,25007-4,23,-70.896051,41.421826,,boundary vertex
Map,Dukes,25007,Investigate,25007-4,24,-70.902347,41.421718,,boundary vertex
Map,Dukes,25007,Investigate,25007-4,25,-70.9055,41.425253,,boundary vertex
Map,Dukes,25007,Investigate,25007-4,26,-70.903598,41.430782,,boundary vertex
Map,Dukes,25007,Investigate,25007-5,0,-70.925416,41.451732,,boundary vertex
Map,Dukes,25007,Investigate,25007-5,1,-70.923518,41.454366,,boundary vertex
Map,Dukes,25007,Investigate,25007-5,2,-70.920666,41.454553,,boundary vertex
Map,Dukes,25007,Investigate,25007-5,3,-70.917394,41.452339,,boundary vertex
Map,Dukes,25007,Investigate,25007-5,4,-70.915354,41.452477,,boundary vertex
Map,Dukes,25007,Investigate,25007-5,5,-70.915165,41.451034,,boundary vertex
Map,Dukes,25007,Investigate,25007-5,6,-70.920334,41.448889,,boundary vertex
Map,Dukes,25007,Investigate,25007-5,7,-70.921186,41.445393,,boundary vertex
Map,Dukes,25007,Investigate,25007-5,8,-70.925781,41.449585,,boundary vertex
Map,Dukes,25007,Investigate,25007-5,9,-70.925416,41.451732,,boundary vertex
Map,Dukes,25007,Investigate,25007-6,0,-70.949185,41.415776,,boundary vertex
Map,Dukes,25007,Investigate,25007-6,1,-70.943735,41.415014,,boundary vertex
Map,Dukes,25007,Investigate,25007-6,2,-70.941228,41.418766,,boundary vertex
Map,Dukes,25007,Investigate,25007-6,3,-70.941099,41.421739,,boundary vertex
Map,Dukes,25007,Investigate,25007-6,4,-70.937008,41.425268,,boundary vertex
Map,Dukes,25007,Investigate,25007-6,5,-70.932356,41.425068,,boundary vertex
Map,Dukes,25007,Investigate,25007-6,6,-70.929762,41.429744,,boundary vertex
Map,Dukes,25007,Investigate,25007-6,7,-70.927475,41.431811,,boundary vertex
Map,Dukes,25007,Investigate,25007-6,8,-70.923088,41.430248,,boundary vertex
Map,Dukes,25007,Investigate,25007-6,9,-70.919932,41.425633,,boundary vertex
Map,Dukes,25007,Investigate,25007-6,10,-70.914795,41.42469,,boundary vertex
Map,Dukes,25007,Investigate,25007-6,11,-70.909139,41.423089,,boundary vertex
Map,Dukes,25007,Investigate,25007-6,12,-70.908587,41.422417,,boundary vertex
Map,Dukes,25007,Investigate,25007-6,13,-70.908999,41.421604,,boundary vertex
Map,Dukes,25007,Investigate,25007-6,14,-70.912813,41.421733,,boundary vertex
Map,Dukes,25007,Investigate,25007-6,15,-70.919085,41.423382,,boundary vertex
Map,Dukes,25007,Investigate,25007-6,16,-70.923341,41.422463,,boundary vertex
Map,Dukes,25007,Investigate,25007-6,17,-70.926188,41.41979,,boundary vertex
Map,Dukes,25007,Investigate,25007-6,18,-70.929039,41.415589,,boundary vertex
Map,Dukes,25007,Investigate,25007-6,19,-70.937155,41.412093,,boundary vertex
Map,Dukes,25007,Investigate,25007-6,20,-70.948996,41.409551,,boundary vertex
Map,Dukes,25007,Investigate,25007-6,21,-70.95095,41.411882,,boundary vertex
Map,Dukes,25007,Investigate,25007-6,22,-70.949185,41.415776,,boundary vertex
Map,Essex,25009,Investigate,25009-0,0,-70.580285,42.636025,,boundary vertex
Map,Essex,25009,Investigate,25009-0,1,-70.575088,42.63978,,boundary vertex
Map,Essex,25009,Investigate,25009-0,2,-70.573377,42.639507,,boundary vertex
Map,Essex,25009,Investigate,25009-0,3,-70.573509,42.636376,,boundary vertex
Map,Essex,25009,Investigate,25009-0,4,-70.575648,42.634452,,boundary vertex
Map,Essex,25009,Investigate,25009-0,5,-70.57871,42.634548,,boundary vertex
Map,Essex,25009,Investigate,25009-0,6,-70.580285,42.636025,,boundary vertex
Map,Essex,25009,Investigate,25009-1,0,-70.592189,42.629471,,boundary vertex
Map,Essex,25009,Investigate,25009-1,1,-70.588245,42.630605,,boundary vertex
Map,Essex,25009,Investigate,25009-1,2,-70.586819,42.628157,,boundary vertex
Map,Essex,25009,Investigate,25009-1,3,-70.588037,42.626413,,boundary vertex
Map,Essex,25009,Investigate,25009-1,4,-70.591607,42.627503,,boundary vertex
Map,Essex,25009,Investigate,25009-1,5,-70.592189,42.629471,,boundary vertex
Map,Essex,25009,Investigate,25009-2,0,-70.593681,42.660455,,boundary vertex
Map,Essex,25009,Investigate,25009-2,1,-70.592951,42.661198,,boundary vertex
Map,Essex,25009,Investigate,25009-2,2,-70.591064,42.661312,,boundary vertex
Map,Essex,25009,Investigate,25009-2,3,-70.589252,42.662745,,boundary vertex
Map,Essex,25009,Investigate,25009-2,4,-70.588105,42.662642,,boundary vertex
Map,Essex,25009,Investigate,25009-2,5,-70.587568,42.661908,,boundary vertex
Map,Essex,25009,Investigate,25009-2,6,-70.590001,42.658981,,boundary vertex
Map,Essex,25009,Investigate,25009-2,7,-70.593092,42.659308,,boundary vertex
Map,Essex,25009,Investigate,25009-2,8,-70.593681,42.660455,,boundary vertex
Map,Essex,25009,Investigate,25009-3,0,-70.723148,42.568157,,boundary vertex
Map,Essex,25009,Investigate,25009-3,1,-70.721223,42.569933,,boundary vertex
Map,Essex,25009,Investigate,25009-3,2,-70.72064,42.569659,,boundary vertex
Map,Essex,25009,Investigate,25009-3,3,-70.720476,42.568882,,boundary vertex
Map,Essex,25009,Investigate,25009-3,4,-70.720532,42.568406,,boundary vertex
Map,Essex,25009,Investigate,25009-3,5,-70.721151,42.567764,,boundary vertex
Map,Essex,25009,Investigate,25009-3,6,-70.721038,42.567164,,boundary vertex
Map,Essex,25009,Investigate,25009-3,7,-70.720898,42.56673,,boundary vertex
Map,Essex,25009,Investigate,25009-3,8,-70.721207,42.566481,,boundary vertex
Map,Essex,25009,Investigate,25009-3,9,-70.721516,42.566351,,boundary vertex
Map,Essex,25009,Investigate,25009-3,10,-70.721656,42.566088,,boundary vertex
Map,Essex,25009,Investigate,25009-3,11,-70.722921,42.566502,,boundary vertex
Map,Essex,25009,Investigate,25009-3,12,-70.723736,42.567019,,boundary vertex
Map,Essex,25009,Investigate,25009-3,13,-70.723148,42.568157,,boundary vertex
Map,Essex,25009,Investigate,25009-4,0,-70.783055,42.553461,,boundary vertex
Map,Essex,25009,Investigate,25009-4,1,-70.781606,42.554016,,boundary vertex
Map,Essex,25009,Investigate,25009-4,2,-70.780695,42.553641,,boundary vertex
Map,Essex,25009,Investigate,25009-4,3,-70.780991,42.552408,,boundary vertex
Map,Essex,25009,Investigate,25009-4,4,-70.782303,42.551834,,boundary vertex
Map,Essex,25009,Investigate,25009-4,5,-70.783239,42.552342,,boundary vertex
Map,Essex,25009,Investigate,25009-4,6,-70.783055,42.553461,,boundary vertex
Map,Essex,25009,Investigate,25009-5,0,-70.788783,42.534006,,boundary vertex
Map,Essex,25009,Investigate,25009-5,1,-70.78866,42.535775,,boundary vertex
Map,Essex,25009,Investigate,25009-5,2,-70.788239,42.536836,,boundary vertex
Map,Essex,25009,Investigate,25009-5,3,-70.787031,42.537295,,boundary vertex
Map,Essex,25009,Investigate,25009-5,4,-70.78559,42.536978,,boundary vertex
Map,Essex,25009,Investigate,25009-5,5,-70.784528,42.536355,,boundary vertex
Map,Essex,25009,Investigate,25009-5,6,-70.783006,42.535481,,boundary vertex
Map,Essex,25009,Investigate,25009-5,7,-70.782649,42.534605,,boundary vertex
Map,Essex,25009,Investigate,25009-5,8,-70.782252,42.533716,,boundary vertex
Map,Essex,25009,Investigate,25009-5,9,-70.783036,42.533261,,boundary vertex
Map,Essex,25009,Investigate,25009-5,10,-70.783537,42.53285,,boundary vertex
Map,Essex,25009,Investigate,25009-5,11,-70.784275,42.532494,,boundary vertex
Map,Essex,25009,Investigate,25009-5,12,-70.78491,42.532544,,boundary vertex
Map,Essex,25009,Investigate,25009-5,13,-70.785309,42.531956,,boundary vertex
Map,Essex,25009,Investigate,25009-5,14,-70.785617,42.531206,,boundary vertex
Map,Essex,25009,Investigate,25009-5,15,-70.786491,42.530827,,boundary vertex
Map,Essex,25009,Investigate,25009-5,16,-70.787223,42.530896,,boundary vertex
Map,Essex,25009,Investigate,25009-5,17,-70.787708,42.530579,,boundary vertex
Map,Essex,25009,Investigate,25009-5,18,-70.788669,42.530915,,boundary vertex
Map,Essex,25009,Investigate,25009-5,19,-70.789403,42.531931,,boundary vertex
Map,Essex,25009,Investigate,25009-5,20,-70.788783,42.534006,,boundary vertex
Map,Essex,25009,Investigate,25009-6,0,-70.802228,42.551048,,boundary vertex
Map,Essex,25009,Investigate,25009-6,1,-70.801634,42.551474,,boundary vertex
Map,Essex,25009,Investigate,25009-6,2,-70.79938,42.551238,,boundary vertex
Map,Essex,25009,Investigate,25009-6,3,-70.798512,42.549757,,boundary vertex
Map,Essex,25009,Investigate,25009-6,4,-70.797568,42.549712,,boundary vertex
Map,Essex,25009,Investigate,25009-6,5,-70.796273,42.551126,,boundary vertex
Map,Essex,25009,Investigate,25009-6,6,-70.79503,42.550678,,boundary vertex
Map,Essex,25009,Investigate,25009-6,7,-70.7946109693552,42.5489303840408,,boundary vertex
Map,Essex,25009,Investigate,25009-6,8,-70.794397,42.548038,,boundary vertex
Map,Essex,25009,Investigate,25009-6,9,-70.796669,42.546459,,boundary vertex
Map,Essex,25009,Investigate,25009-6,10,-70.800065,42.547704,,boundary vertex
Map,Essex,25009,Investigate,25009-6,11,-70.802091,42.547188,,boundary vertex
Map,Essex,25009,Investigate,25009-6,12,-70.80334,42.548299,,boundary vertex
Map,Essex,25009,Investigate,25009-6,13,-70.802228,42.551048,,boundary vertex
Map,Essex,25009,Investigate,25009-7,0,-70.817433,42.514027,,boundary vertex
Map,Essex,25009,Investigate,25009-7,1,-70.816396,42.514606,,boundary vertex
Map,Essex,25009,Investigate,25009-7,2,-70.815091,42.514051,,boundary vertex
Map,Essex,25009,Investigate,25009-7,3,-70.813635,42.512756,,boundary vertex
Map,Essex,25009,Investigate,25009-7,4,-70.812062,42.511992,,boundary vertex
Map,Essex,25009,Investigate,25009-7,5,-70.8119425108808,42.5110244948186,,boundary vertex
Map,Essex,25009,Investigate,25009-7,6,-70.811928,42.510907,,boundary vertex
Map,Essex,25009,Investigate,25009-7,7,-70.812146,42.510327,,boundary vertex
Map,Essex,25009,Investigate,25009-7,8,-70.812665,42.510117,,boundary vertex
Map,Essex,25009,Investigate,25009-7,9,-70.81407,42.510401,,boundary vertex
Map,Essex,25009,Investigate,25009-7,10,-70.815743,42.512349,,boundary vertex
Map,Essex,25009,Investigate,25009-7,11,-70.816898,42.513324,,boundary vertex
Map,Essex,25009,Investigate,25009-7,12,-70.817433,42.514027,,boundary vertex
Map,Essex,25009,Investigate,25009-8,0,-70.835581,42.483833,,boundary vertex
Map,Essex,25009,Investigate,25009-8,1,-70.834885,42.484883,,boundary vertex
Map,Essex,25009,Investigate,25009-8,2,-70.834286,42.485337,,boundary vertex
Map,Essex,25009,Investigate,25009-8,3,-70.833705,42.485272,,boundary vertex
Map,Essex,25009,Investigate,25009-8,4,-70.833,42.484187,,boundary vertex
Map,Essex,25009,Investigate,25009-8,5,-70.83345,42.483634,,boundary vertex
Map,Essex,25009,Investigate,25009-8,6,-70.83396,42.483545,,boundary vertex
Map,Essex,25009,Investigate,25009-8,7,-70.83405,42.483191,,boundary vertex
Map,Essex,25009,Investigate,25009-8,8,-70.83357,42.48287,,boundary vertex
Map,Essex,25009,Investigate,25009-8,9,-70.83349621875,42.48225515625,,boundary vertex
Map,Essex,25009,Investigate,25009-8,10,-70.833465,42.481995,,boundary vertex
Map,Essex,25009,Investigate,25009-8,11,-70.834621,42.481962,,boundary vertex
Map,Essex,25009,Investigate,25009-8,12,-70.835355,42.482255,,boundary vertex
Map,Essex,25009,Investigate,25009-8,13,-70.835549,42.482936,,boundary vertex
Map,Essex,25009,Investigate,25009-8,14,-70.835581,42.483833,,boundary vertex
Map,Essex,25009,Investigate,25009-9,0,-71.254966,42.657775,,boundary vertex
Map,Essex,25009,Investigate,25009-9,1,-71.251716,42.660332,,boundary vertex
Map,Essex,25009,Investigate,25009-9,2,-71.250112,42.660987,,boundary vertex
Map,Essex,25009,Investigate,25009-9,3,-71.244172,42.661514,,boundary vertex
Map,Essex,25009,Investigate,25009-9,4,-71.24249,42.662346,,boundary vertex
Map,Essex,25009,Investigate,25009-9,5,-71.240397,42.66673,,boundary vertex
Map,Essex,25009,Investigate,25009-9,6,-71.238179,42.669419,,boundary vertex
Map,Essex,25009,Investigate,25009-9,7,-71.238434,42.670763,,boundary vertex
Map,Essex,25009,Investigate,25009-9,8,-71.244272,42.693746,,boundary vertex
Map,Essex,25009,Investigate,25009-9,9,-71.245937,42.700309,,boundary vertex
Map,Essex,25009,Investigate,25009-9,10,-71.247913,42.708119,,boundary vertex
Map,Essex,25009,Investigate,25009-9,11,-71.251236,42.721222,,boundary vertex
Map,Essex,25009,Investigate,25009-9,12,-71.255147,42.736554,,boundary vertex
Map,Essex,25009,Investigate,25009-9,13,-71.2551987703894,42.7366383439844,,boundary vertex
Map,Essex,25009,Investigate,25009-9,14,-71.245539259394,42.7425673577623,,boundary vertex
Map,Essex,25009,Investigate,25009-9,15,-71.245504,42.742589,,boundary vertex
Map,Essex,25009,Investigate,25009-9,16,-71.233404,42.745489,,boundary vertex
Map,Essex,25009,Investigate,25009-9,17,-71.223904,42.746689,,boundary vertex
Map,Essex,25009,Investigate,25009-9,18,-71.2165064621218,42.745088776289,,boundary vertex
Map,Essex,25009,Investigate,25009-9,19,-71.2136387030069,42.7444684271663,,boundary vertex
Map,Essex,25009,Investigate,25009-9,20,-71.208302,42.743314,,boundary vertex
Map,Essex,25009,Investigate,25009-9,21,-71.208227,42.743294,,boundary vertex
Map,Essex,25009,Investigate,25009-9,22,-71.208137,42.743273,,boundary vertex
Map,Essex,25009,Investigate,25009-9,23,-71.1977511242317,42.741031679578,,boundary vertex
Map,Essex,25009,Investigate,25009-9,24,-71.1937396072816,42.7401659755138,,boundary vertex
Map,Essex,25009,Investigate,25009-9,25,-71.181803,42.73759,,boundary vertex
Map,Essex,25009,Investigate,25009-9,26,-71.1828889002483,42.7509962351274,,boundary vertex
Map,Essex,25009,Investigate,25009-9,27,-71.1840804591766,42.7657069041662,,boundary vertex
Map,Essex,25009,Investigate,25009-9,28,-71.186104,42.790689,,boundary vertex
Map,Essex,25009,Investigate,25009-9,29,-71.1846539259595,42.792039808225,,boundary vertex
Map,Essex,25009,Investigate,25009-9,30,-71.1822787103307,42.7942524268349,,boundary vertex
Map,Essex,25009,Investigate,25009-9,31,-71.174403,42.801589,,boundary vertex
Map,Essex,25009,Investigate,25009-9,32,-71.1743700929581,42.801617486693,,boundary vertex
Map,Essex,25009,Investigate,25009-9,33,-71.167703,42.807389,,boundary vertex
Map,Essex,25009,Investigate,25009-9,34,-71.1662718327869,42.8082749606557,,boundary vertex
Map,Essex,25009,Investigate,25009-9,35,-71.165603,42.808689,,boundary vertex
Map,Essex,25009,Investigate,25009-9,36,-71.149703,42.815489,,boundary vertex
Map,Essex,25009,Investigate,25009-9,37,-71.1479058162874,42.8161054758084,,boundary vertex
Map,Essex,25009,Investigate,25009-9,38,-71.132503,42.821389,,boundary vertex
Map,Essex,25009,Investigate,25009-9,39,-71.1157535303384,42.8176860778032,,boundary vertex
Map,Essex,25009,Investigate,25009-9,40,-71.102787752512,42.8148196427767,,boundary vertex
Map,Essex,25009,Investigate,25009-9,41,-71.0997439643316,42.814146731273,,boundary vertex
Map,Essex,25009,Investigate,25009-9,42,-71.0911796423333,42.8122533568158,,boundary vertex
Map,Essex,25009,Investigate,25009-9,43,-71.0654193227566,42.8065583431177,,boundary vertex
Map,Essex,25009,Investigate,25009-9,44,-71.064201,42.806289,,boundary vertex
Map,Essex,25009,Investigate,25009-9,45,-71.053601,42.833089,,boundary vertex
Map,Essex,25009,Investigate,25009-9,46,-71.0535904200316,42.8331080786315,,boundary vertex
Map,Essex,25009,Investigate,25009-9,47,-71.0535652698312,42.8331534314519,,boundary vertex
Map,Essex,25009,Investigate,25009-9,48,-71.047501,42.844089,,boundary vertex
Map,Essex,25009,Investigate,25009-9,49,-71.044401,42.848789,,boundary vertex
Map,Essex,25009,Investigate,25009-9,50,-71.034844624728,42.8562458685835,,boundary vertex
Map,Essex,25009,Investigate,25009-9,51,-71.031201,42.859089,,boundary vertex
Map,Essex,25009,Investigate,25009-9,52,-71.0046387450972,42.8631533316724,,boundary vertex
Map,Essex,25009,Investigate,25009-9,53,-70.9974413286187,42.8642546194908,,boundary vertex
Map,Essex,25009,Investigate,25009-9,54,-70.9972385147257,42.864285652358,,boundary vertex
Map,Essex,25009,Investigate,25009-9,55,-70.9747244419216,42.8677305654314,,boundary vertex
Map,Essex,25009,Investigate,25009-9,56,-70.9665,42.868989,,boundary vertex
Map,Essex,25009,Investigate,25009-9,57,-70.9556609326778,42.8734371462336,,boundary vertex
Map,Essex,25009,Investigate,25009-9,58,-70.949199,42.876089,,boundary vertex
Map,Essex,25009,Investigate,25009-9,59,-70.931699,42.884189,,boundary vertex
Map,Essex,25009,Investigate,25009-9,60,-70.930799,42.884589,,boundary vertex
Map,Essex,25009,Investigate,25009-9,61,-70.9305645786504,42.884643501115,,boundary vertex
Map,Essex,25009,Investigate,25009-9,62,-70.927629,42.885326,,boundary vertex
Map,Essex,25009,Investigate,25009-9,63,-70.914899,42.886589,,boundary vertex
Map,Essex,25009,Investigate,25009-9,64,-70.914886,42.886564,,boundary vertex
Map,Essex,25009,Investigate,25009-9,65,-70.9145991974291,42.8865631953055,,boundary vertex
Map,Essex,25009,Investigate,25009-9,66,-70.9145252357167,42.8865629877879,,boundary vertex
Map,Essex,25009,Investigate,25009-9,67,-70.902768,42.88653,,boundary vertex
Map,Essex,25009,Investigate,25009-9,68,-70.886136,42.88261,,boundary vertex
Map,Essex,25009,Investigate,25009-9,69,-70.8834992324132,42.8810866764316,,boundary vertex
Map,Essex,25009,Investigate,25009-9,70,-70.8833896662875,42.8810233774657,,boundary vertex
Map,Essex,25009,Investigate,25009-9,71,-70.8725538144977,42.8747632472602,,boundary vertex
Map,Essex,25009,Investigate,25009-9,72,-70.8488596714692,42.8610745753088,,boundary vertex
Map,Essex,25009,Investigate,25009-9,73,-70.848625,42.860939,,boundary vertex
Map,Essex,25009,Investigate,25009-9,74,-70.837376,42.864996,,boundary vertex
Map,Essex,25009,Investigate,25009-9,75,-70.830795,42.868918,,boundary vertex
Map,Essex,25009,Investigate,25009-9,76,-70.8241858387649,42.8710868827364,,boundary vertex
Map,Essex,25009,Investigate,25009-9,77,-70.8232716394645,42.8713868891986,,boundary vertex
Map,Essex,25009,Investigate,25009-9,78,-70.821769,42.87188,,boundary vertex
Map,Essex,25009,Investigate,25009-9,79,-70.817296,42.87229,,boundary vertex
Map,Essex,25009,Investigate,25009-9,80,-70.817731,42.850613,,boundary vertex
Map,Essex,25009,Investigate,25009-9,81,-70.81631488006,42.8428258841673,,boundary vertex
Map,Essex,25009,Investigate,25009-9,82,-70.812686,42.822871,,boundary vertex
Map,Essex,25009,Investigate,25009-9,83,-70.8121487037349,42.8218434500516,,boundary vertex
Map,Essex,25009,Investigate,25009-9,84,-70.8105465144348,42.8187793499647,,boundary vertex
Map,Essex,25009,Investigate,25009-9,85,-70.80854,42.814942,,boundary vertex
Map,Essex,25009,Investigate,25009-9,86,-70.8082127803659,42.8116753230266,,boundary vertex
Map,Essex,25009,Investigate,25009-9,87,-70.80522,42.781798,,boundary vertex
Map,Essex,25009,Investigate,25009-9,88,-70.7950242003619,42.7531741570913,,boundary vertex
Map,Essex,25009,Investigate,25009-9,89,-70.792867,42.747118,,boundary vertex
Map,Essex,25009,Investigate,25009-9,90,-70.7881561419957,42.7388730837628,,boundary vertex
Map,Essex,25009,Investigate,25009-9,91,-70.772267,42.711064,,boundary vertex
Map,Essex,25009,Investigate,25009-9,92,-70.770453,42.704824,,boundary vertex
Map,Essex,25009,Investigate,25009-9,93,-70.775791,42.700669,,boundary vertex
Map,Essex,25009,Investigate,25009-9,94,-70.7759455897273,42.6956898342973,,boundary vertex
Map,Essex,25009,Investigate,25009-9,95,-70.776083,42.691264,,boundary vertex
Map,Essex,25009,Investigate,25009-9,96,-70.764421,42.68565,,boundary vertex
Map,Essex,25009,Investigate,25009-9,97,-70.752742,42.684329,,boundary vertex
Map,Essex,25009,Investigate,25009-9,98,-70.744602,42.681308,,boundary vertex
Map,Essex,25009,Investigate,25009-9,99,-70.732534,42.670237,,boundary vertex
Map,Essex,25009,Investigate,25009-9,100,-70.730547,42.666563,,boundary vertex
Map,Essex,25009,Investigate,25009-9,101,-70.7250353665056,42.6652022640846,,boundary vertex
Map,Essex,25009,Investigate,25009-9,102,-70.719153,42.66375,,boundary vertex
Map,Essex,25009,Investigate,25009-9,103,-70.705832,42.658245,,boundary vertex
Map,Essex,25009,Investigate,25009-9,104,-70.695942,42.655825,,boundary vertex
Map,Essex,25009,Investigate,25009-9,105,-70.691231,42.65579,,boundary vertex
Map,Essex,25009,Investigate,25009-9,106,-70.688769,42.65261,,boundary vertex
Map,Essex,25009,Investigate,25009-9,107,-70.68463,42.651813,,boundary vertex
Map,Essex,25009,Investigate,25009-9,108,-70.683391510164,42.6531935768549,,boundary vertex
Map,Essex,25009,Investigate,25009-9,109,-70.682294,42.654417,,boundary vertex
Map,Essex,25009,Investigate,25009-9,110,-70.679918,42.660336,,boundary vertex
Map,Essex,25009,Investigate,25009-9,111,-70.681299,42.661479,,boundary vertex
Map,Essex,25009,Investigate,25009-9,112,-70.681382,42.662263,,boundary vertex
Map,Essex,25009,Investigate,25009-9,113,-70.676097,42.666157,,boundary vertex
Map,Essex,25009,Investigate,25009-9,114,-70.673137,42.666545,,boundary vertex
Map,Essex,25009,Investigate,25009-9,115,-70.6716932737349,42.6677334514032,,boundary vertex
Map,Essex,25009,Investigate,25009-9,116,-70.666848,42.671722,,boundary vertex
Map,Essex,25009,Investigate,25009-9,117,-70.663548,42.677603,,boundary vertex
Map,Essex,25009,Investigate,25009-9,118,-70.657437,42.681519,,boundary vertex
Map,Essex,25009,Investigate,25009-9,119,-70.654389,42.68169,,boundary vertex
Map,Essex,25009,Investigate,25009-9,120,-70.649077,42.685643,,boundary vertex
Map,Essex,25009,Investigate,25009-9,121,-70.647111,42.687857,,boundary vertex
Map,Essex,25009,Investigate,25009-9,122,-70.645056,42.688543,,boundary vertex
Map,Essex,25009,Investigate,25009-9,123,-70.643603,42.687494,,boundary vertex
Map,Essex,25009,Investigate,25009-9,124,-70.643223,42.685115,,boundary vertex
Map,Essex,25009,Investigate,25009-9,125,-70.6414048794519,42.6850538369647,,boundary vertex
Map,Essex,25009,Investigate,25009-9,126,-70.64138,42.685053,,boundary vertex
Map,Essex,25009,Investigate,25009-9,127,-70.6406197827894,42.6858359281021,,boundary vertex
Map,Essex,25009,Investigate,25009-9,128,-70.636292,42.690293,,boundary vertex
Map,Essex,25009,Investigate,25009-9,129,-70.630077,42.692699,,boundary vertex
Map,Essex,25009,Investigate,25009-9,130,-70.62732,42.691411,,boundary vertex
Map,Essex,25009,Investigate,25009-9,131,-70.627243,42.688418,,boundary vertex
Map,Essex,25009,Investigate,25009-9,132,-70.623255,42.686897,,boundary vertex
Map,Essex,25009,Investigate,25009-9,133,-70.620851,42.68684,,boundary vertex
Map,Essex,25009,Investigate,25009-9,134,-70.620507,42.684608,,boundary vertex
Map,Essex,25009,Investigate,25009-9,135,-70.623699,42.681567,,boundary vertex
Map,Essex,25009,Investigate,25009-9,136,-70.622705,42.678351,,boundary vertex
Map,Essex,25009,Investigate,25009-9,137,-70.624059,42.67691,,boundary vertex
Map,Essex,25009,Investigate,25009-9,138,-70.621475,42.672739,,boundary vertex
Map,Essex,25009,Investigate,25009-9,139,-70.6235753633797,42.6679851372808,,boundary vertex
Map,Essex,25009,Investigate,25009-9,140,-70.623909,42.66723,,boundary vertex
Map,Essex,25009,Investigate,25009-9,141,-70.6238830653151,42.6671602504967,,boundary vertex
Map,Essex,25009,Investigate,25009-9,142,-70.6234570766514,42.6660145840719,,boundary vertex
Map,Essex,25009,Investigate,25009-9,143,-70.6234011787632,42.6658642506494,,boundary vertex
Map,Essex,25009,Investigate,25009-9,144,-70.6231582184038,42.6652108259223,,boundary vertex
Map,Essex,25009,Investigate,25009-9,145,-70.6230007155781,42.6647872331966,,boundary vertex
Map,Essex,25009,Investigate,25009-9,146,-70.62284,42.664355,,boundary vertex
Map,Essex,25009,Investigate,25009-9,147,-70.623927,42.661635,,boundary vertex
Map,Essex,25009,Investigate,25009-9,148,-70.6216320707018,42.6595589760526,,boundary vertex
Map,Essex,25009,Investigate,25009-9,149,-70.620719,42.658733,,boundary vertex
Map,Essex,25009,Investigate,25009-9,150,-70.6189222431955,42.6589539774108,,boundary vertex
Map,Essex,25009,Investigate,25009-9,151,-70.617987,42.659069,,boundary vertex
Map,Essex,25009,Investigate,25009-9,152,-70.616127,42.660305,,boundary vertex
Map,Essex,25009,Investigate,25009-9,153,-70.614892,42.660219,,boundary vertex
Map,Essex,25009,Investigate,25009-9,154,-70.6147344241853,42.660056312417,,boundary vertex
Map,Essex,25009,Investigate,25009-9,155,-70.613474,42.658755,,boundary vertex
Map,Essex,25009,Investigate,25009-9,156,-70.613263484253,42.6588268937811,,boundary vertex
Map,Essex,25009,Investigate,25009-9,157,-70.610499,42.659771,,boundary vertex
Map,Essex,25009,Investigate,25009-9,158,-70.607175,42.658556,,boundary vertex
Map,Essex,25009,Investigate,25009-9,159,-70.598585,42.659876,,boundary vertex
Map,Essex,25009,Investigate,25009-9,160,-70.597421,42.659605,,boundary vertex
Map,Essex,25009,Investigate,25009-9,161,-70.5974521434529,42.6593437410342,,boundary vertex
Map,Essex,25009,Investigate,25009-9,162,-70.597601,42.658095,,boundary vertex
Map,Essex,25009,Investigate,25009-9,163,-70.595052,42.656071,,boundary vertex
Map,Essex,25009,Investigate,25009-9,164,-70.597461,42.653486,,boundary vertex
Map,Essex,25009,Investigate,25009-9,165,-70.597103,42.651468,,boundary vertex
Map,Essex,25009,Investigate,25009-9,166,-70.591742,42.648508,,boundary vertex
Map,Essex,25009,Investigate,25009-9,167,-70.595865,42.642514,,boundary vertex
Map,Essex,25009,Investigate,25009-9,168,-70.595409,42.640322,,boundary vertex
Map,Essex,25009,Investigate,25009-9,169,-70.592405,42.640486,,boundary vertex
Map,Essex,25009,Investigate,25009-9,170,-70.591469,42.639821,,boundary vertex
Map,Essex,25009,Investigate,25009-9,171,-70.594014,42.63503,,boundary vertex
Map,Essex,25009,Investigate,25009-9,172,-70.5978180811389,42.6349867009821,,boundary vertex
Map,Essex,25009,Investigate,25009-9,173,-70.6032353243028,42.6349250405443,,boundary vertex
Map,Essex,25009,Investigate,25009-9,174,-70.6051272134594,42.6349035065813,,boundary vertex
Map,Essex,25009,Investigate,25009-9,175,-70.605611,42.634898,,boundary vertex
Map,Essex,25009,Investigate,25009-9,176,-70.6108317896464,42.6323473167611,,boundary vertex
Map,Essex,25009,Investigate,25009-9,177,-70.6122250042703,42.6316666440219,,boundary vertex
Map,Essex,25009,Investigate,25009-9,178,-70.6159010368064,42.6298706715329,,boundary vertex
Map,Essex,25009,Investigate,25009-9,179,-70.61842,42.62864,,boundary vertex
Map,Essex,25009,Investigate,25009-9,180,-70.6180075461076,42.6260128840428,,boundary vertex
Map,Essex,25009,Investigate,25009-9,181,-70.617922,42.625468,,boundary vertex
Map,Essex,25009,Investigate,25009-9,182,-70.620485,42.623032,,boundary vertex
Map,Essex,25009,Investigate,25009-9,183,-70.627173,42.621338,,boundary vertex
Map,Essex,25009,Investigate,25009-9,184,-70.632217,42.616795,,boundary vertex
Map,Essex,25009,Investigate,25009-9,185,-70.6323031554713,42.6101130813146,,boundary vertex
Map,Essex,25009,Investigate,25009-9,186,-70.632332,42.607876,,boundary vertex
Map,Essex,25009,Investigate,25009-9,187,-70.635635,42.600243,,boundary vertex
Map,Essex,25009,Investigate,25009-9,188,-70.6358147191065,42.6000734794043,,boundary vertex
Map,Essex,25009,Investigate,25009-9,189,-70.641697,42.594525,,boundary vertex
Map,Essex,25009,Investigate,25009-9,190,-70.646087,42.592205,,boundary vertex
Map,Essex,25009,Investigate,25009-9,191,-70.64804,42.587549,,boundary vertex
Map,Essex,25009,Investigate,25009-9,192,-70.654727,42.582234,,boundary vertex
Map,Essex,25009,Investigate,25009-9,193,-70.664887,42.580436,,boundary vertex
Map,Essex,25009,Investigate,25009-9,194,-70.666037,42.584082,,boundary vertex
Map,Essex,25009,Investigate,25009-9,195,-70.663898,42.588282,,boundary vertex
Map,Essex,25009,Investigate,25009-9,196,-70.65962,42.592131,,boundary vertex
Map,Essex,25009,Investigate,25009-9,197,-70.657005,42.598255,,boundary vertex
Map,Essex,25009,Investigate,25009-9,198,-70.658907,42.603504,,boundary vertex
Map,Essex,25009,Investigate,25009-9,199,-70.6633966068191,42.6072805317766,,boundary vertex
Map,Essex,25009,Investigate,25009-9,200,-70.665562,42.609102,,boundary vertex
Map,Essex,25009,Investigate,25009-9,201,-70.6706589179813,42.6083833852098,,boundary vertex
Map,Essex,25009,Investigate,25009-9,202,-70.676733,42.607527,,boundary vertex
Map,Essex,25009,Investigate,25009-9,203,-70.676495,42.603329,,boundary vertex
Map,Essex,25009,Investigate,25009-9,204,-70.681486,42.600704,,boundary vertex
Map,Essex,25009,Investigate,25009-9,205,-70.684338,42.596155,,boundary vertex
Map,Essex,25009,Investigate,25009-9,206,-70.680803,42.593464,,boundary vertex
Map,Essex,25009,Investigate,25009-9,207,-70.684502,42.588858,,boundary vertex
Map,Essex,25009,Investigate,25009-9,208,-70.6876090787838,42.5863264349697,,boundary vertex
Map,Essex,25009,Investigate,25009-9,209,-70.688076,42.585946,,boundary vertex
Map,Essex,25009,Investigate,25009-9,210,-70.692932,42.584214,,boundary vertex
Map,Essex,25009,Investigate,25009-9,211,-70.698574,42.577393,,boundary vertex
Map,Essex,25009,Investigate,25009-9,212,-70.708191,42.575575,,boundary vertex
Map,Essex,25009,Investigate,25009-9,213,-70.710349,42.572568,,boundary vertex
Map,Essex,25009,Investigate,25009-9,214,-70.7153289988717,42.5722955537098,,boundary vertex
Map,Essex,25009,Investigate,25009-9,215,-70.729688,42.57151,,boundary vertex
Map,Essex,25009,Investigate,25009-9,216,-70.730934,42.574487,,boundary vertex
Map,Essex,25009,Investigate,25009-9,217,-70.735507,42.575521,,boundary vertex
Map,Essex,25009,Investigate,25009-9,218,-70.737044,42.576863,,boundary vertex
Map,Essex,25009,Investigate,25009-9,219,-70.74014,42.574807,,boundary vertex
Map,Essex,25009,Investigate,25009-9,220,-70.757283,42.570455,,boundary vertex
Map,Essex,25009,Investigate,25009-9,221,-70.7586078964059,42.5686493143238,,boundary vertex
Map,Essex,25009,Investigate,25009-9,222,-70.763723,42.561678,,boundary vertex
Map,Essex,25009,Investigate,25009-9,223,-70.772132,42.559606,,boundary vertex
Map,Essex,25009,Investigate,25009-9,224,-70.777476,42.559357,,boundary vertex
Map,Essex,25009,Investigate,25009-9,225,-70.7876948152838,42.5629875402467,,boundary vertex
Map,Essex,25009,Investigate,25009-9,226,-70.788442,42.563253,,boundary vertex
Map,Essex,25009,Investigate,25009-9,227,-70.7933264012084,42.5642720477341,,boundary vertex
Map,Essex,25009,Investigate,25009-9,228,-70.7934957482393,42.564307379129,,boundary vertex
Map,Essex,25009,Investigate,25009-9,229,-70.794419,42.5645,,boundary vertex
Map,Essex,25009,Investigate,25009-9,230,-70.8026727177733,42.562020983237,,boundary vertex
Map,Essex,25009,Investigate,25009-9,231,-70.804091,42.561595,,boundary vertex
Map,Essex,25009,Investigate,25009-9,232,-70.815391,42.554195,,boundary vertex
Map,Essex,25009,Investigate,25009-9,233,-70.823798,42.551866,,boundary vertex
Map,Essex,25009,Investigate,25009-9,234,-70.836591,42.551279,,boundary vertex
Map,Essex,25009,Investigate,25009-9,235,-70.845485,42.548196,,boundary vertex
Map,Essex,25009,Investigate,25009-9,236,-70.847928,42.54914,,boundary vertex
Map,Essex,25009,Investigate,25009-9,237,-70.8481713840346,42.54963183857,,boundary vertex
Map,Essex,25009,Investigate,25009-9,238,-70.84836,42.550013,,boundary vertex
Map,Essex,25009,Investigate,25009-9,239,-70.85013,42.551144,,boundary vertex
Map,Essex,25009,Investigate,25009-9,240,-70.854874,42.549365,,boundary vertex
Map,Essex,25009,Investigate,25009-9,241,-70.855167,42.547526,,boundary vertex
Map,Essex,25009,Investigate,25009-9,242,-70.8566107521822,42.5469439358216,,boundary vertex
Map,Essex,25009,Investigate,25009-9,243,-70.8576871852778,42.546509960273,,boundary vertex
Map,Essex,25009,Investigate,25009-9,244,-70.861115,42.545128,,boundary vertex
Map,Essex,25009,Investigate,25009-9,245,-70.868648,42.54852,,boundary vertex
Map,Essex,25009,Investigate,25009-9,246,-70.870619551465,42.5472624470875,,boundary vertex
Map,Essex,25009,Investigate,25009-9,247,-70.875195,42.544344,,boundary vertex
Map,Essex,25009,Investigate,25009-9,248,-70.8759150230482,42.5434198336093,,boundary vertex
Map,Essex,25009,Investigate,25009-9,249,-70.8806076906034,42.5373966852556,,boundary vertex
Map,Essex,25009,Investigate,25009-9,250,-70.882563,42.534887,,boundary vertex
Map,Essex,25009,Investigate,25009-9,251,-70.881222253128,42.5338769289564,,boundary vertex
Map,Essex,25009,Investigate,25009-9,252,-70.878922,42.532144,,boundary vertex
Map,Essex,25009,Investigate,25009-9,253,-70.8755123690502,42.5337543632736,,boundary vertex
Map,Essex,25009,Investigate,25009-9,254,-70.8718678962285,42.5354756419897,,boundary vertex
Map,Essex,25009,Investigate,25009-9,255,-70.87163,42.535588,,boundary vertex
Map,Essex,25009,Investigate,25009-9,256,-70.867589,42.536288,,boundary vertex
Map,Essex,25009,Investigate,25009-9,257,-70.864207,42.533429,,boundary vertex
Map,Essex,25009,Investigate,25009-9,258,-70.86632,42.526729,,boundary vertex
Map,Essex,25009,Investigate,25009-9,259,-70.877572,42.523502,,boundary vertex
Map,Essex,25009,Investigate,25009-9,260,-70.8817483888904,42.5189813308263,,boundary vertex
Map,Essex,25009,Investigate,25009-9,261,-70.8841349189619,42.5163980673399,,boundary vertex
Map,Essex,25009,Investigate,25009-9,262,-70.885178,42.515269,,boundary vertex
Map,Essex,25009,Investigate,25009-9,263,-70.8857189826905,42.5122371289952,,boundary vertex
Map,Essex,25009,Investigate,25009-9,264,-70.8860445872674,42.5104123181594,,boundary vertex
Map,Essex,25009,Investigate,25009-9,265,-70.886366,42.508611,,boundary vertex
Map,Essex,25009,Investigate,25009-9,266,-70.88185,42.505632,,boundary vertex
Map,Essex,25009,Investigate,25009-9,267,-70.8787286480587,42.5053251181331,,boundary vertex
Map,Essex,25009,Investigate,25009-9,268,-70.87472,42.504931,,boundary vertex
Map,Essex,25009,Investigate,25009-9,269,-70.8736459110794,42.506370718731,,boundary vertex
Map,Essex,25009,Investigate,25009-9,270,-70.8721272769632,42.5084063099569,,boundary vertex
Map,Essex,25009,Investigate,25009-9,271,-70.869491,42.51194,,boundary vertex
Map,Essex,25009,Investigate,25009-9,272,-70.8667572991967,42.515268744512,,boundary vertex
Map,Essex,25009,Investigate,25009-9,273,-70.864024,42.518597,,boundary vertex
Map,Essex,25009,Investigate,25009-9,274,-70.859751,42.520441,,boundary vertex
Map,Essex,25009,Investigate,25009-9,275,-70.857125,42.521492,,boundary vertex
Map,Essex,25009,Investigate,25009-9,276,-70.848707,42.519208,,boundary vertex
Map,Essex,25009,Investigate,25009-9,277,-70.845623,42.517475,,boundary vertex
Map,Essex,25009,Investigate,25009-9,278,-70.842091,42.519495,,boundary vertex
Map,Essex,25009,Investigate,25009-9,279,-70.8421976367106,42.5157385114014,,boundary vertex
Map,Essex,25009,Investigate,25009-9,280,-70.842395,42.508786,,boundary vertex
Map,Essex,25009,Investigate,25009-9,281,-70.8470793771704,42.5044472661936,,boundary vertex
Map,Essex,25009,Investigate,25009-9,282,-70.8500386562623,42.5017063416755,,boundary vertex
Map,Essex,25009,Investigate,25009-9,283,-70.851665,42.5002,,boundary vertex
Map,Essex,25009,Investigate,25009-9,284,-70.8527982542633,42.4968574562193,,boundary vertex
Map,Essex,25009,Investigate,25009-9,285,-70.853091,42.495994,,boundary vertex
Map,Essex,25009,Investigate,25009-9,286,-70.853329,42.493015,,boundary vertex
Map,Essex,25009,Investigate,25009-9,287,-70.847387,42.493891,,boundary vertex
Map,Essex,25009,Investigate,25009-9,288,-70.844772,42.49652,,boundary vertex
Map,Essex,25009,Investigate,25009-9,289,-70.840732,42.499324,,boundary vertex
Map,Essex,25009,Investigate,25009-9,290,-70.83381,42.505868,,boundary vertex
Map,Essex,25009,Investigate,25009-9,291,-70.831091,42.503596,,boundary vertex
Map,Essex,25009,Investigate,25009-9,292,-70.833788,42.499379,,boundary vertex
Map,Essex,25009,Investigate,25009-9,293,-70.835991,42.490496,,boundary vertex
Map,Essex,25009,Investigate,25009-9,294,-70.841591,42.487596,,boundary vertex
Map,Essex,25009,Investigate,25009-9,295,-70.847391,42.491496,,boundary vertex
Map,Essex,25009,Investigate,25009-9,296,-70.857791,42.490296,,boundary vertex
Map,Essex,25009,Investigate,25009-9,297,-70.8609191317033,42.4886534487655,,boundary vertex
Map,Essex,25009,Investigate,25009-9,298,-70.870039328842,42.4838645228216,,boundary vertex
Map,Essex,25009,Investigate,25009-9,299,-70.879692,42.478796,,boundary vertex
Map,Essex,25009,Investigate,25009-9,300,-70.8796990602452,42.4787870732173,,boundary vertex
Map,Essex,25009,Investigate,25009-9,301,-70.8862730461679,42.4704751036616,,boundary vertex
Map,Essex,25009,Investigate,25009-9,302,-70.886493,42.470197,,boundary vertex
Map,Essex,25009,Investigate,25009-9,303,-70.887992,42.467096,,boundary vertex
Map,Essex,25009,Investigate,25009-9,304,-70.887292,42.464896,,boundary vertex
Map,Essex,25009,Investigate,25009-9,305,-70.894292,42.460896,,boundary vertex
Map,Essex,25009,Investigate,25009-9,306,-70.901453,42.464226,,boundary vertex
Map,Essex,25009,Investigate,25009-9,307,-70.907275,42.462855,,boundary vertex
Map,Essex,25009,Investigate,25009-9,308,-70.9073930698611,42.4634389905862,,boundary vertex
Map,Essex,25009,Investigate,25009-9,309,-70.908092,42.466896,,boundary vertex
Map,Essex,25009,Investigate,25009-9,310,-70.9219192984711,42.4666970603774,,boundary vertex
Map,Essex,25009,Investigate,25009-9,311,-70.921993,42.466696,,boundary vertex
Map,Essex,25009,Investigate,25009-9,312,-70.9255398112313,42.4630971027297,,boundary vertex
Map,Essex,25009,Investigate,25009-9,313,-70.9267917206023,42.4618268086756,,boundary vertex
Map,Essex,25009,Investigate,25009-9,314,-70.927713,42.460892,,boundary vertex
Map,Essex,25009,Investigate,25009-9,315,-70.931487,42.46063,,boundary vertex
Map,Essex,25009,Investigate,25009-9,316,-70.9342639777429,42.4584644959643,,boundary vertex
Map,Essex,25009,Investigate,25009-9,317,-70.934993,42.457896,,boundary vertex
Map,Essex,25009,Investigate,25009-9,318,-70.9351685532667,42.456638962375,,boundary vertex
Map,Essex,25009,Investigate,25009-9,319,-70.9351810569124,42.4565494308422,,boundary vertex
Map,Essex,25009,Investigate,25009-9,320,-70.93748,42.440088,,boundary vertex
Map,Essex,25009,Investigate,25009-9,321,-70.936159,42.437403,,boundary vertex
Map,Essex,25009,Investigate,25009-9,322,-70.928489,42.438326,,boundary vertex
Map,Essex,25009,Investigate,25009-9,323,-70.928018,42.437216,,boundary vertex
Map,Essex,25009,Investigate,25009-9,324,-70.933402,42.433435,,boundary vertex
Map,Essex,25009,Investigate,25009-9,325,-70.928628,42.428834,,boundary vertex
Map,Essex,25009,Investigate,25009-9,326,-70.925085,42.430299,,boundary vertex
Map,Essex,25009,Investigate,25009-9,327,-70.913192,42.427697,,boundary vertex
Map,Essex,25009,Investigate,25009-9,328,-70.908392,42.425197,,boundary vertex
Map,Essex,25009,Investigate,25009-9,329,-70.907647,42.421834,,boundary vertex
Map,Essex,25009,Investigate,25009-9,330,-70.902872,42.420053,,boundary vertex
Map,Essex,25009,Investigate,25009-9,331,-70.905692,42.416197,,boundary vertex
Map,Essex,25009,Investigate,25009-9,332,-70.9102133567764,42.4164765179867,,boundary vertex
Map,Essex,25009,Investigate,25009-9,333,-70.910852,42.416516,,boundary vertex
Map,Essex,25009,Investigate,25009-9,334,-70.9183580702162,42.422360023618,,boundary vertex
Map,Essex,25009,Investigate,25009-9,335,-70.919934,42.423587,,boundary vertex
Map,Essex,25009,Investigate,25009-9,336,-70.928046,42.420663,,boundary vertex
Map,Essex,25009,Investigate,25009-9,337,-70.927971,42.41713,,boundary vertex
Map,Essex,25009,Investigate,25009-9,338,-70.936393,42.418097,,boundary vertex
Map,Essex,25009,Investigate,25009-9,339,-70.937432,42.4258,,boundary vertex
Map,Essex,25009,Investigate,25009-9,340,-70.9367765313368,42.4277921242722,,boundary vertex
Map,Essex,25009,Investigate,25009-9,341,-70.9363382524902,42.4291241573309,,boundary vertex
Map,Essex,25009,Investigate,25009-9,342,-70.9361602756,42.4296650711879,,boundary vertex
Map,Essex,25009,Investigate,25009-9,343,-70.935546,42.431532,,boundary vertex
Map,Essex,25009,Investigate,25009-9,344,-70.939771,42.438472,,boundary vertex
Map,Essex,25009,Investigate,25009-9,345,-70.940475,42.44376,,boundary vertex
Map,Essex,25009,Investigate,25009-9,346,-70.938528,42.45409,,boundary vertex
Map,Essex,25009,Investigate,25009-9,347,-70.938780931026,42.4557174114698,,boundary vertex
Map,Essex,25009,Investigate,25009-9,348,-70.938984,42.457024,,boundary vertex
Map,Essex,25009,Investigate,25009-9,349,-70.943664,42.458338,,boundary vertex
Map,Essex,25009,Investigate,25009-9,350,-70.9443528677282,42.4578567780897,,boundary vertex
Map,Essex,25009,Investigate,25009-9,351,-70.944557002753,42.4577141756095,,boundary vertex
Map,Essex,25009,Investigate,25009-9,352,-70.9489459026516,42.454648224474,,boundary vertex
Map,Essex,25009,Investigate,25009-9,353,-70.962607,42.445105,,boundary vertex
Map,Essex,25009,Investigate,25009-9,354,-70.965398,42.445424,,boundary vertex
Map,Essex,25009,Investigate,25009-9,355,-70.9661336611352,42.4435054731972,,boundary vertex
Map,Essex,25009,Investigate,25009-9,356,-70.9661388117846,42.4434920408457,,boundary vertex
Map,Essex,25009,Investigate,25009-9,357,-70.968594,42.444396,,boundary vertex
Map,Essex,25009,Investigate,25009-9,358,-70.971594,42.442696,,boundary vertex
Map,Essex,25009,Investigate,25009-9,359,-70.975194,42.436896,,boundary vertex
Map,Essex,25009,Investigate,25009-9,360,-70.979454,42.432815,,boundary vertex
Map,Essex,25009,Investigate,25009-9,361,-70.982294,42.431296,,boundary vertex
Map,Essex,25009,Investigate,25009-9,362,-70.983708,42.431663,,boundary vertex
Map,Essex,25009,Investigate,25009-9,363,-70.99012,42.434877,,boundary vertex
Map,Essex,25009,Investigate,25009-9,364,-70.992023,42.434135,,boundary vertex
Map,Essex,25009,Investigate,25009-9,365,-70.997234,42.431051,,boundary vertex
Map,Essex,25009,Investigate,25009-9,366,-70.997347,42.431066,,boundary vertex
Map,Essex,25009,Investigate,25009-9,367,-70.999857,42.431296,,boundary vertex
Map,Essex,25009,Investigate,25009-9,368,-71.00215,42.432608,,boundary vertex
Map,Essex,25009,Investigate,25009-9,369,-71.00592,42.433044,,boundary vertex
Map,Essex,25009,Investigate,25009-9,370,-71.006974,42.433838,,boundary vertex
Map,Essex,25009,Investigate,25009-9,371,-71.010777,42.434568,,boundary vertex
Map,Essex,25009,Investigate,25009-9,372,-71.011416,42.435991,,boundary vertex
Map,Essex,25009,Investigate,25009-9,373,-71.010105,42.438188,,boundary vertex
Map,Essex,25009,Investigate,25009-9,374,-71.012269,42.439724,,boundary vertex
Map,Essex,25009,Investigate,25009-9,375,-71.009671,42.441047,,boundary vertex
Map,Essex,25009,Investigate,25009-9,376,-71.011924,42.442164,,boundary vertex
Map,Essex,25009,Investigate,25009-9,377,-71.01324,42.443708,,boundary vertex
Map,Essex,25009,Investigate,25009-9,378,-71.01461,42.445289,,boundary vertex
Map,Essex,25009,Investigate,25009-9,379,-71.018757,42.450118,,boundary vertex
Map,Essex,25009,Investigate,25009-9,380,-71.025836,42.444709,,boundary vertex
Map,Essex,25009,Investigate,25009-9,381,-71.027572,42.446678,,boundary vertex
Map,Essex,25009,Investigate,25009-9,382,-71.039968,42.460735,,boundary vertex
Map,Essex,25009,Investigate,25009-9,383,-71.041591,42.462576,,boundary vertex
Map,Essex,25009,Investigate,25009-9,384,-71.046949,42.468653,,boundary vertex
Map,Essex,25009,Investigate,25009-9,385,-71.047778,42.469593,,boundary vertex
Map,Essex,25009,Investigate,25009-9,386,-71.053365,42.475925,,boundary vertex
Map,Essex,25009,Investigate,25009-9,387,-71.054214,42.476903,,boundary vertex
Map,Essex,25009,Investigate,25009-9,388,-71.052629,42.486057,,boundary vertex
Map,Essex,25009,Investigate,25009-9,389,-71.050252,42.486533,,boundary vertex
Map,Essex,25009,Investigate,25009-9,390,-71.046949,42.487964,,boundary vertex
Map,Essex,25009,Investigate,25009-9,391,-71.045209,42.48872,,boundary vertex
Map,Essex,25009,Investigate,25009-9,392,-71.041859,42.493292,,boundary vertex
Map,Essex,25009,Investigate,25009-9,393,-71.039908,42.495949,,boundary vertex
Map,Essex,25009,Investigate,25009-9,394,-71.040325,42.496712,,boundary vertex
Map,Essex,25009,Investigate,25009-9,395,-71.042087,42.498271,,boundary vertex
Map,Essex,25009,Investigate,25009-9,396,-71.043774,42.501199,,boundary vertex
Map,Essex,25009,Investigate,25009-9,397,-71.042229,42.502343,,boundary vertex
Map,Essex,25009,Investigate,25009-9,398,-71.038721,42.50272,,boundary vertex
Map,Essex,25009,Investigate,25009-9,399,-71.035839,42.505192,,boundary vertex
Map,Essex,25009,Investigate,25009-9,400,-71.0349,42.506758,,boundary vertex
Map,Essex,25009,Investigate,25009-9,401,-71.036946,42.510421,,boundary vertex
Map,Essex,25009,Investigate,25009-9,402,-71.036633,42.511766,,boundary vertex
Map,Essex,25009,Investigate,25009-9,403,-71.036556,42.512435,,boundary vertex
Map,Essex,25009,Investigate,25009-9,404,-71.039483,42.514536,,boundary vertex
Map,Essex,25009,Investigate,25009-9,405,-71.038302,42.516262,,boundary vertex
Map,Essex,25009,Investigate,25009-9,406,-71.040108,42.517237,,boundary vertex
Map,Essex,25009,Investigate,25009-9,407,-71.040989,42.519847,,boundary vertex
Map,Essex,25009,Investigate,25009-9,408,-71.040913,42.521718,,boundary vertex
Map,Essex,25009,Investigate,25009-9,409,-71.038599,42.52396,,boundary vertex
Map,Essex,25009,Investigate,25009-9,410,-71.040983,42.526262,,boundary vertex
Map,Essex,25009,Investigate,25009-9,411,-71.057513,42.524173,,boundary vertex
Map,Essex,25009,Investigate,25009-9,412,-71.058721,42.523745,,boundary vertex
Map,Essex,25009,Investigate,25009-9,413,-71.060673,42.525227,,boundary vertex
Map,Essex,25009,Investigate,25009-9,414,-71.061963,42.524299,,boundary vertex
Map,Essex,25009,Investigate,25009-9,415,-71.065855,42.524828,,boundary vertex
Map,Essex,25009,Investigate,25009-9,416,-71.066354,42.52481,,boundary vertex
Map,Essex,25009,Investigate,25009-9,417,-71.067267,42.524983,,boundary vertex
Map,Essex,25009,Investigate,25009-9,418,-71.07515,42.531035,,boundary vertex
Map,Essex,25009,Investigate,25009-9,419,-71.070978,42.555889,,boundary vertex
Map,Essex,25009,Investigate,25009-9,420,-71.064937,42.562116,,boundary vertex
Map,Essex,25009,Investigate,25009-9,421,-71.057199,42.573961,,boundary vertex
Map,Essex,25009,Investigate,25009-9,422,-71.053006,42.572994,,boundary vertex
Map,Essex,25009,Investigate,25009-9,423,-71.052724,42.571647,,boundary vertex
Map,Essex,25009,Investigate,25009-9,424,-71.051873,42.572115,,boundary vertex
Map,Essex,25009,Investigate,25009-9,425,-71.049753,42.571091,,boundary vertex
Map,Essex,25009,Investigate,25009-9,426,-71.044681,42.572949,,boundary vertex
Map,Essex,25009,Investigate,25009-9,427,-71.044281,42.573877,,boundary vertex
Map,Essex,25009,Investigate,25009-9,428,-71.041532,42.57349,,boundary vertex
Map,Essex,25009,Investigate,25009-9,429,-71.040098,42.571589,,boundary vertex
Map,Essex,25009,Investigate,25009-9,430,-71.037663,42.571164,,boundary vertex
Map,Essex,25009,Investigate,25009-9,431,-71.036665,42.571649,,boundary vertex
Map,Essex,25009,Investigate,25009-9,432,-71.03546,42.570259,,boundary vertex
Map,Essex,25009,Investigate,25009-9,433,-71.03098,42.572654,,boundary vertex
Map,Essex,25009,Investigate,25009-9,434,-71.028312,42.574082,,boundary vertex
Map,Essex,25009,Investigate,25009-9,435,-71.033998,42.585493,,boundary vertex
Map,Essex,25009,Investigate,25009-9,436,-71.057425,42.604744,,boundary vertex
Map,Essex,25009,Investigate,25009-9,437,-71.059352,42.606327,,boundary vertex
Map,Essex,25009,Investigate,25009-9,438,-71.058766,42.609077,,boundary vertex
Map,Essex,25009,Investigate,25009-9,439,-71.076167,42.604136,,boundary vertex
Map,Essex,25009,Investigate,25009-9,440,-71.089365,42.603007,,boundary vertex
Map,Essex,25009,Investigate,25009-9,441,-71.110996,42.601164,,boundary vertex
Map,Essex,25009,Investigate,25009-9,442,-71.12136,42.60028,,boundary vertex
Map,Essex,25009,Investigate,25009-9,443,-71.135456,42.599116,,boundary vertex
Map,Essex,25009,Investigate,25009-9,444,-71.141203,42.603207,,boundary vertex
Map,Essex,25009,Investigate,25009-9,445,-71.143197,42.604039,,boundary vertex
Map,Essex,25009,Investigate,25009-9,446,-71.145942,42.608335,,boundary vertex
Map,Essex,25009,Investigate,25009-9,447,-71.148653,42.613168,,boundary vertex
Map,Essex,25009,Investigate,25009-9,448,-71.154419,42.615268,,boundary vertex
Map,Essex,25009,Investigate,25009-9,449,-71.156564,42.614977,,boundary vertex
Map,Essex,25009,Investigate,25009-9,450,-71.158617,42.612948,,boundary vertex
Map,Essex,25009,Investigate,25009-9,451,-71.159517,42.607659,,boundary vertex
Map,Essex,25009,Investigate,25009-9,452,-71.160667,42.605318,,boundary vertex
Map,Essex,25009,Investigate,25009-9,453,-71.163909,42.601852,,boundary vertex
Map,Essex,25009,Investigate,25009-9,454,-71.164879,42.598021,,boundary vertex
Map,Essex,25009,Investigate,25009-9,455,-71.181349,42.608373,,boundary vertex
Map,Essex,25009,Investigate,25009-9,456,-71.182023,42.608431,,boundary vertex
Map,Essex,25009,Investigate,25009-9,457,-71.177495,42.608958,,boundary vertex
Map,Essex,25009,Investigate,25009-9,458,-71.178388,42.610799,,boundary vertex
Map,Essex,25009,Investigate,25009-9,459,-71.176116,42.614611,,boundary vertex
Map,Essex,25009,Investigate,25009-9,460,-71.17296,42.615012,,boundary vertex
Map,Essex,25009,Investigate,25009-9,461,-71.171758,42.616545,,boundary vertex
Map,Essex,25009,Investigate,25009-9,462,-71.175996,42.618621,,boundary vertex
Map,Essex,25009,Investigate,25009-9,463,-71.176213,42.618724,,boundary vertex
Map,Essex,25009,Investigate,25009-9,464,-71.198951,42.629652,,boundary vertex
Map,Essex,25009,Investigate,25009-9,465,-71.229261,42.644207,,boundary vertex
Map,Essex,25009,Investigate,25009-9,466,-71.239065,42.648915,,boundary vertex
Map,Essex,25009,Investigate,25009-9,467,-71.256188,42.657145,,boundary vertex
Map,Essex,25009,Investigate,25009-9,468,-71.254966,42.657775,,boundary vertex
Map,Franklin,25011,Investigate,25011-0,0,-73.0230149955487,42.7411352241426,,boundary vertex
Map,Franklin,25011,Investigate,25011-0,1,-73.022903,42.741133,,boundary vertex
Map,Franklin,25011,Investigate,25011-0,2,-73.018645354584,42.741042346546,,boundary vertex
Map,Franklin,25011,Investigate,25011-0,3,-72.9301048286621,42.739157148576,,boundary vertex
Map,Franklin,25011,Investigate,25011-0,4,-72.9271903680296,42.7390950941076,,boundary vertex
Map,Franklin,25011,Investigate,25011-0,5,-72.8643005207143,42.7377560483853,,boundary vertex
Map,Franklin,25011,Investigate,25011-0,6,-72.8576585835063,42.7376146287765,,boundary vertex
Map,Franklin,25011,Investigate,25011-0,7,-72.809113,42.736581,,boundary vertex
Map,Franklin,25011,Investigate,25011-0,8,-72.8069577886811,42.7365211989318,,boundary vertex
Map,Franklin,25011,Investigate,25011-0,9,-72.7910764312897,42.7360805358152,,boundary vertex
Map,Franklin,25011,Investigate,25011-0,10,-72.7792570809693,42.7357525819999,,boundary vertex
Map,Franklin,25011,Investigate,25011-0,11,-72.6857634884317,42.7331583970788,,boundary vertex
Map,Franklin,25011,Investigate,25011-0,12,-72.6746848221827,42.7328509951687,,boundary vertex
Map,Franklin,25011,Investigate,25011-0,13,-72.616353485468,42.7312324642083,,boundary vertex
Map,Franklin,25011,Investigate,25011-0,14,-72.5986203239781,42.7307404187227,,boundary vertex
Map,Franklin,25011,Investigate,25011-0,15,-72.5702884550829,42.7299542888385,,boundary vertex
Map,Franklin,25011,Investigate,25011-0,16,-72.5653564273728,42.7298174389051,,boundary vertex
Map,Franklin,25011,Investigate,25011-0,17,-72.5167111827822,42.7284676698292,,boundary vertex
Map,Franklin,25011,Investigate,25011-0,18,-72.458519,42.726853,,boundary vertex
Map,Franklin,25011,Investigate,25011-0,19,-72.4511957433251,42.7266313904827,,boundary vertex
Map,Franklin,25011,Investigate,25011-0,20,-72.4378719261575,42.726228197638,,boundary vertex
Map,Franklin,25011,Investigate,25011-0,21,-72.4292200847109,42.7259663837358,,boundary vertex
Map,Franklin,25011,Investigate,25011-0,22,-72.4120332374223,42.7254462915007,,boundary vertex
Map,Franklin,25011,Investigate,25011-0,23,-72.326282472606,42.7228513823716,,boundary vertex
Map,Franklin,25011,Investigate,25011-0,24,-72.285954,42.721631,,boundary vertex
Map,Franklin,25011,Investigate,25011-0,25,-72.2830328756509,42.7215587083791,,boundary vertex
Map,Franklin,25011,Investigate,25011-0,26,-72.271956,42.674672,,boundary vertex
Map,Franklin,25011,Investigate,25011-0,27,-72.258537,42.675424,,boundary vertex
Map,Franklin,25011,Investigate,25011-0,28,-72.257325,42.66794,,boundary vertex
Map,Franklin,25011,Investigate,25011-0,29,-72.243495,42.669248,,boundary vertex
Map,Franklin,25011,Investigate,25011-0,30,-72.242109,42.661642,,boundary vertex
Map,Franklin,25011,Investigate,25011-0,31,-72.22948,42.662666,,boundary vertex
Map,Franklin,25011,Investigate,25011-0,32,-72.224932,42.638937,,boundary vertex
Map,Franklin,25011,Investigate,25011-0,33,-72.229078,42.638354,,boundary vertex
Map,Franklin,25011,Investigate,25011-0,34,-72.228212,42.636494,,boundary vertex
Map,Franklin,25011,Investigate,25011-0,35,-72.226452,42.634946,,boundary vertex
Map,Franklin,25011,Investigate,25011-0,36,-72.225314,42.630426,,boundary vertex
Map,Franklin,25011,Investigate,25011-0,37,-72.226242,42.62949,,boundary vertex
Map,Franklin,25011,Investigate,25011-0,38,-72.227797,42.626498,,boundary vertex
Map,Franklin,25011,Investigate,25011-0,39,-72.231176,42.625862,,boundary vertex
Map,Franklin,25011,Investigate,25011-0,40,-72.231593,42.624864,,boundary vertex
Map,Franklin,25011,Investigate,25011-0,41,-72.230545,42.623782,,boundary vertex
Map,Franklin,25011,Investigate,25011-0,42,-72.229066,42.623999,,boundary vertex
Map,Franklin,25011,Investigate,25011-0,43,-72.229856,42.622084,,boundary vertex
Map,Franklin,25011,Investigate,25011-0,44,-72.22755,42.622074,,boundary vertex
Map,Franklin,25011,Investigate,25011-0,45,-72.228335,42.618858,,boundary vertex
Map,Franklin,25011,Investigate,25011-0,46,-72.227763,42.616223,,boundary vertex
Map,Franklin,25011,Investigate,25011-0,47,-72.229946,42.614388,,boundary vertex
Map,Franklin,25011,Investigate,25011-0,48,-72.23196,42.61395,,boundary vertex
Map,Franklin,25011,Investigate,25011-0,49,-72.238409,42.61462,,boundary vertex
Map,Franklin,25011,Investigate,25011-0,50,-72.240009,42.613721,,boundary vertex
Map,Franklin,25011,Investigate,25011-0,51,-72.251773,42.612139,,boundary vertex
Map,Franklin,25011,Investigate,25011-0,52,-72.254745,42.611614,,boundary vertex
Map,Franklin,25011,Investigate,25011-0,53,-72.253311,42.605336,,boundary vertex
Map,Franklin,25011,Investigate,25011-0,54,-72.256329,42.605122,,boundary vertex
Map,Franklin,25011,Investigate,25011-0,55,-72.25881,42.60372,,boundary vertex
Map,Franklin,25011,Investigate,25011-0,56,-72.260047,42.601143,,boundary vertex
Map,Franklin,25011,Investigate,25011-0,57,-72.262155,42.600251,,boundary vertex
Map,Franklin,25011,Investigate,25011-0,58,-72.265447,42.600957,,boundary vertex
Map,Franklin,25011,Investigate,25011-0,59,-72.267064,42.600813,,boundary vertex
Map,Franklin,25011,Investigate,25011-0,60,-72.263061,42.583433,,boundary vertex
Map,Franklin,25011,Investigate,25011-0,61,-72.261333,42.575922,,boundary vertex
Map,Franklin,25011,Investigate,25011-0,62,-72.263464,42.575957,,boundary vertex
Map,Franklin,25011,Investigate,25011-0,63,-72.265398,42.577611,,boundary vertex
Map,Franklin,25011,Investigate,25011-0,64,-72.268614,42.577872,,boundary vertex
Map,Franklin,25011,Investigate,25011-0,65,-72.270004,42.576337,,boundary vertex
Map,Franklin,25011,Investigate,25011-0,66,-72.271391,42.576273,,boundary vertex
Map,Franklin,25011,Investigate,25011-0,67,-72.271812,42.578301,,boundary vertex
Map,Franklin,25011,Investigate,25011-0,68,-72.273226,42.579342,,boundary vertex
Map,Franklin,25011,Investigate,25011-0,69,-72.273845,42.577433,,boundary vertex
Map,Franklin,25011,Investigate,25011-0,70,-72.275072,42.576693,,boundary vertex
Map,Franklin,25011,Investigate,25011-0,71,-72.276434,42.577374,,boundary vertex
Map,Franklin,25011,Investigate,25011-0,72,-72.27666,42.570438,,boundary vertex
Map,Franklin,25011,Investigate,25011-0,73,-72.2741,42.562568,,boundary vertex
Map,Franklin,25011,Investigate,25011-0,74,-72.27359,42.560999,,boundary vertex
Map,Franklin,25011,Investigate,25011-0,75,-72.271352,42.547227,,boundary vertex
Map,Franklin,25011,Investigate,25011-0,76,-72.269111,42.533425,,boundary vertex
Map,Franklin,25011,Investigate,25011-0,77,-72.244868,42.513439,,boundary vertex
Map,Franklin,25011,Investigate,25011-0,78,-72.291288,42.479525,,boundary vertex
Map,Franklin,25011,Investigate,25011-0,79,-72.283259,42.441189,,boundary vertex
Map,Franklin,25011,Investigate,25011-0,80,-72.28734,42.438458,,boundary vertex
Map,Franklin,25011,Investigate,25011-0,81,-72.287278,42.437246,,boundary vertex
Map,Franklin,25011,Investigate,25011-0,82,-72.290726,42.43734,,boundary vertex
Map,Franklin,25011,Investigate,25011-0,83,-72.288674,42.435575,,boundary vertex
Map,Franklin,25011,Investigate,25011-0,84,-72.290888,42.434045,,boundary vertex
Map,Franklin,25011,Investigate,25011-0,85,-72.292091,42.429966,,boundary vertex
Map,Franklin,25011,Investigate,25011-0,86,-72.293556,42.430022,,boundary vertex
Map,Franklin,25011,Investigate,25011-0,87,-72.297096,42.426593,,boundary vertex
Map,Franklin,25011,Investigate,25011-0,88,-72.300329,42.424562,,boundary vertex
Map,Franklin,25011,Investigate,25011-0,89,-72.302457,42.424019,,boundary vertex
Map,Franklin,25011,Investigate,25011-0,90,-72.301285,42.423619,,boundary vertex
Map,Franklin,25011,Investigate,25011-0,91,-72.300992,42.421945,,boundary vertex
Map,Franklin,25011,Investigate,25011-0,92,-72.302279,42.420316,,boundary vertex
Map,Franklin,25011,Investigate,25011-0,93,-72.30561,42.420357,,boundary vertex
Map,Franklin,25011,Investigate,25011-0,94,-72.306681,42.419201,,boundary vertex
Map,Franklin,25011,Investigate,25011-0,95,-72.306481,42.416468,,boundary vertex
Map,Franklin,25011,Investigate,25011-0,96,-72.308616,42.414691,,boundary vertex
Map,Franklin,25011,Investigate,25011-0,97,-72.309302,42.410857,,boundary vertex
Map,Franklin,25011,Investigate,25011-0,98,-72.310273,42.410674,,boundary vertex
Map,Franklin,25011,Investigate,25011-0,99,-72.310357,42.407929,,boundary vertex
Map,Franklin,25011,Investigate,25011-0,100,-72.313572,42.40664,,boundary vertex
Map,Franklin,25011,Investigate,25011-0,101,-72.312569,42.403503,,boundary vertex
Map,Franklin,25011,Investigate,25011-0,102,-72.31404,42.399183,,boundary vertex
Map,Franklin,25011,Investigate,25011-0,103,-72.315088,42.398856,,boundary vertex
Map,Franklin,25011,Investigate,25011-0,104,-72.313631,42.396404,,boundary vertex
Map,Franklin,25011,Investigate,25011-0,105,-72.315819,42.39454,,boundary vertex
Map,Franklin,25011,Investigate,25011-0,106,-72.313391,42.392759,,boundary vertex
Map,Franklin,25011,Investigate,25011-0,107,-72.314508,42.391655,,boundary vertex
Map,Franklin,25011,Investigate,25011-0,108,-72.312658,42.390932,,boundary vertex
Map,Franklin,25011,Investigate,25011-0,109,-72.312572,42.38867,,boundary vertex
Map,Franklin,25011,Investigate,25011-0,110,-72.310043,42.38739,,boundary vertex
Map,Franklin,25011,Investigate,25011-0,111,-72.311646,42.386609,,boundary vertex
Map,Franklin,25011,Investigate,25011-0,112,-72.310852,42.385866,,boundary vertex
Map,Franklin,25011,Investigate,25011-0,113,-72.312924,42.382687,,boundary vertex
Map,Franklin,25011,Investigate,25011-0,114,-72.31435,42.381656,,boundary vertex
Map,Franklin,25011,Investigate,25011-0,115,-72.313117,42.378751,,boundary vertex
Map,Franklin,25011,Investigate,25011-0,116,-72.313641,42.377584,,boundary vertex
Map,Franklin,25011,Investigate,25011-0,117,-72.312066,42.376431,,boundary vertex
Map,Franklin,25011,Investigate,25011-0,118,-72.313159,42.373587,,boundary vertex
Map,Franklin,25011,Investigate,25011-0,119,-72.312087,42.373765,,boundary vertex
Map,Franklin,25011,Investigate,25011-0,120,-72.311431,42.372206,,boundary vertex
Map,Franklin,25011,Investigate,25011-0,121,-72.314567,42.371405,,boundary vertex
Map,Franklin,25011,Investigate,25011-0,122,-72.315655,42.369479,,boundary vertex
Map,Franklin,25011,Investigate,25011-0,123,-72.313108,42.368557,,boundary vertex
Map,Franklin,25011,Investigate,25011-0,124,-72.310505,42.364294,,boundary vertex
Map,Franklin,25011,Investigate,25011-0,125,-72.312965,42.362114,,boundary vertex
Map,Franklin,25011,Investigate,25011-0,126,-72.311546,42.35885,,boundary vertex
Map,Franklin,25011,Investigate,25011-0,127,-72.313799,42.357791,,boundary vertex
Map,Franklin,25011,Investigate,25011-0,128,-72.313121,42.355697,,boundary vertex
Map,Franklin,25011,Investigate,25011-0,129,-72.313653,42.354336,,boundary vertex
Map,Franklin,25011,Investigate,25011-0,130,-72.312219,42.352524,,boundary vertex
Map,Franklin,25011,Investigate,25011-0,131,-72.312611,42.350796,,boundary vertex
Map,Franklin,25011,Investigate,25011-0,132,-72.314277,42.348338,,boundary vertex
Map,Franklin,25011,Investigate,25011-0,133,-72.314253,42.343688,,boundary vertex
Map,Franklin,25011,Investigate,25011-0,134,-72.314924,42.342645,,boundary vertex
Map,Franklin,25011,Investigate,25011-0,135,-72.315055,42.339411,,boundary vertex
Map,Franklin,25011,Investigate,25011-0,136,-72.317631,42.339626,,boundary vertex
Map,Franklin,25011,Investigate,25011-0,137,-72.323165,42.333523,,boundary vertex
Map,Franklin,25011,Investigate,25011-0,138,-72.322724,42.331039,,boundary vertex
Map,Franklin,25011,Investigate,25011-0,139,-72.324865,42.33082,,boundary vertex
Map,Franklin,25011,Investigate,25011-0,140,-72.326054,42.328478,,boundary vertex
Map,Franklin,25011,Investigate,25011-0,141,-72.324673,42.326766,,boundary vertex
Map,Franklin,25011,Investigate,25011-0,142,-72.326214,42.325158,,boundary vertex
Map,Franklin,25011,Investigate,25011-0,143,-72.326762,42.326814,,boundary vertex
Map,Franklin,25011,Investigate,25011-0,144,-72.328219,42.325248,,boundary vertex
Map,Franklin,25011,Investigate,25011-0,145,-72.3274,42.323477,,boundary vertex
Map,Franklin,25011,Investigate,25011-0,146,-72.327223,42.320467,,boundary vertex
Map,Franklin,25011,Investigate,25011-0,147,-72.328333,42.318558,,boundary vertex
Map,Franklin,25011,Investigate,25011-0,148,-72.329118,42.319687,,boundary vertex
Map,Franklin,25011,Investigate,25011-0,149,-72.332302,42.319409,,boundary vertex
Map,Franklin,25011,Investigate,25011-0,150,-72.334715,42.317618,,boundary vertex
Map,Franklin,25011,Investigate,25011-0,151,-72.335246,42.315142,,boundary vertex
Map,Franklin,25011,Investigate,25011-0,152,-72.337705,42.314539,,boundary vertex
Map,Franklin,25011,Investigate,25011-0,153,-72.342091,42.314331,,boundary vertex
Map,Franklin,25011,Investigate,25011-0,154,-72.343597,42.311887,,boundary vertex
Map,Franklin,25011,Investigate,25011-0,155,-72.345889,42.309969,,boundary vertex
Map,Franklin,25011,Investigate,25011-0,156,-72.348656,42.309176,,boundary vertex
Map,Franklin,25011,Investigate,25011-0,157,-72.350159,42.310312,,boundary vertex
Map,Franklin,25011,Investigate,25011-0,158,-72.351459,42.309993,,boundary vertex
Map,Franklin,25011,Investigate,25011-0,159,-72.349889,42.308043,,boundary vertex
Map,Franklin,25011,Investigate,25011-0,160,-72.352278,42.307938,,boundary vertex
Map,Franklin,25011,Investigate,25011-0,161,-72.350659,42.30739,,boundary vertex
Map,Franklin,25011,Investigate,25011-0,162,-72.349556,42.306031,,boundary vertex
Map,Franklin,25011,Investigate,25011-0,163,-72.350373,42.304168,,boundary vertex
Map,Franklin,25011,Investigate,25011-0,164,-72.351689,42.304262,,boundary vertex
Map,Franklin,25011,Investigate,25011-0,165,-72.351891,42.306412,,boundary vertex
Map,Franklin,25011,Investigate,25011-0,166,-72.35421,42.305684,,boundary vertex
Map,Franklin,25011,Investigate,25011-0,167,-72.356018,42.303283,,boundary vertex
Map,Franklin,25011,Investigate,25011-0,168,-72.36037,42.307791,,boundary vertex
Map,Franklin,25011,Investigate,25011-0,169,-72.360478,42.3087,,boundary vertex
Map,Franklin,25011,Investigate,25011-0,170,-72.358731,42.308822,,boundary vertex
Map,Franklin,25011,Investigate,25011-0,171,-72.359032,42.309757,,boundary vertex
Map,Franklin,25011,Investigate,25011-0,172,-72.357328,42.31039,,boundary vertex
Map,Franklin,25011,Investigate,25011-0,173,-72.356157,42.314374,,boundary vertex
Map,Franklin,25011,Investigate,25011-0,174,-72.354556,42.316049,,boundary vertex
Map,Franklin,25011,Investigate,25011-0,175,-72.355227,42.318198,,boundary vertex
Map,Franklin,25011,Investigate,25011-0,176,-72.353002,42.321252,,boundary vertex
Map,Franklin,25011,Investigate,25011-0,177,-72.354302,42.323683,,boundary vertex
Map,Franklin,25011,Investigate,25011-0,178,-72.351178,42.324884,,boundary vertex
Map,Franklin,25011,Investigate,25011-0,179,-72.353594,42.327692,,boundary vertex
Map,Franklin,25011,Investigate,25011-0,180,-72.351128,42.329563,,boundary vertex
Map,Franklin,25011,Investigate,25011-0,181,-72.352532,42.331135,,boundary vertex
Map,Franklin,25011,Investigate,25011-0,182,-72.352524,42.332438,,boundary vertex
Map,Franklin,25011,Investigate,25011-0,183,-72.351199,42.334417,,boundary vertex
Map,Franklin,25011,Investigate,25011-0,184,-72.352884,42.338174,,boundary vertex
Map,Franklin,25011,Investigate,25011-0,185,-72.354061,42.340085,,boundary vertex
Map,Franklin,25011,Investigate,25011-0,186,-72.355396,42.340678,,boundary vertex
Map,Franklin,25011,Investigate,25011-0,187,-72.35503,42.342715,,boundary vertex
Map,Franklin,25011,Investigate,25011-0,188,-72.356564,42.343234,,boundary vertex
Map,Franklin,25011,Investigate,25011-0,189,-72.359376,42.345566,,boundary vertex
Map,Franklin,25011,Investigate,25011-0,190,-72.358028,42.347912,,boundary vertex
Map,Franklin,25011,Investigate,25011-0,191,-72.358406,42.349929,,boundary vertex
Map,Franklin,25011,Investigate,25011-0,192,-72.356448,42.350667,,boundary vertex
Map,Franklin,25011,Investigate,25011-0,193,-72.357947,42.353094,,boundary vertex
Map,Franklin,25011,Investigate,25011-0,194,-72.357193,42.3543,,boundary vertex
Map,Franklin,25011,Investigate,25011-0,195,-72.358969,42.355639,,boundary vertex
Map,Franklin,25011,Investigate,25011-0,196,-72.358986,42.356695,,boundary vertex
Map,Franklin,25011,Investigate,25011-0,197,-72.357241,42.359696,,boundary vertex
Map,Franklin,25011,Investigate,25011-0,198,-72.359258,42.363914,,boundary vertex
Map,Franklin,25011,Investigate,25011-0,199,-72.357321,42.365009,,boundary vertex
Map,Franklin,25011,Investigate,25011-0,200,-72.356365,42.366507,,boundary vertex
Map,Franklin,25011,Investigate,25011-0,201,-72.358033,42.366797,,boundary vertex
Map,Franklin,25011,Investigate,25011-0,202,-72.360765,42.368775,,boundary vertex
Map,Franklin,25011,Investigate,25011-0,203,-72.360817,42.371213,,boundary vertex
Map,Franklin,25011,Investigate,25011-0,204,-72.362765,42.372041,,boundary vertex
Map,Franklin,25011,Investigate,25011-0,205,-72.363989,42.373637,,boundary vertex
Map,Franklin,25011,Investigate,25011-0,206,-72.363723,42.376443,,boundary vertex
Map,Franklin,25011,Investigate,25011-0,207,-72.36419,42.378816,,boundary vertex
Map,Franklin,25011,Investigate,25011-0,208,-72.366141,42.378239,,boundary vertex
Map,Franklin,25011,Investigate,25011-0,209,-72.366659,42.380855,,boundary vertex
Map,Franklin,25011,Investigate,25011-0,210,-72.365807,42.381746,,boundary vertex
Map,Franklin,25011,Investigate,25011-0,211,-72.363724,42.38182,,boundary vertex
Map,Franklin,25011,Investigate,25011-0,212,-72.365837,42.382946,,boundary vertex
Map,Franklin,25011,Investigate,25011-0,213,-72.36683,42.385353,,boundary vertex
Map,Franklin,25011,Investigate,25011-0,214,-72.363814,42.386672,,boundary vertex
Map,Franklin,25011,Investigate,25011-0,215,-72.36427,42.38813,,boundary vertex
Map,Franklin,25011,Investigate,25011-0,216,-72.365964,42.388762,,boundary vertex
Map,Franklin,25011,Investigate,25011-0,217,-72.365497,42.390633,,boundary vertex
Map,Franklin,25011,Investigate,25011-0,218,-72.366699,42.391124,,boundary vertex
Map,Franklin,25011,Investigate,25011-0,219,-72.367718,42.394068,,boundary vertex
Map,Franklin,25011,Investigate,25011-0,220,-72.367125,42.394583,,boundary vertex
Map,Franklin,25011,Investigate,25011-0,221,-72.368825,42.396441,,boundary vertex
Map,Franklin,25011,Investigate,25011-0,222,-72.367911,42.397537,,boundary vertex
Map,Franklin,25011,Investigate,25011-0,223,-72.369364,42.400283,,boundary vertex
Map,Franklin,25011,Investigate,25011-0,224,-72.367995,42.40266,,boundary vertex
Map,Franklin,25011,Investigate,25011-0,225,-72.366576,42.403506,,boundary vertex
Map,Franklin,25011,Investigate,25011-0,226,-72.369969,42.408032,,boundary vertex
Map,Franklin,25011,Investigate,25011-0,227,-72.371411,42.408615,,boundary vertex
Map,Franklin,25011,Investigate,25011-0,228,-72.369917,42.410741,,boundary vertex
Map,Franklin,25011,Investigate,25011-0,229,-72.373535,42.413392,,boundary vertex
Map,Franklin,25011,Investigate,25011-0,230,-72.371967,42.41597,,boundary vertex
Map,Franklin,25011,Investigate,25011-0,231,-72.375377,42.419009,,boundary vertex
Map,Franklin,25011,Investigate,25011-0,232,-72.375022,42.420819,,boundary vertex
Map,Franklin,25011,Investigate,25011-0,233,-72.483696,42.407481,,boundary vertex
Map,Franklin,25011,Investigate,25011-0,234,-72.483976,42.408715,,boundary vertex
Map,Franklin,25011,Investigate,25011-0,235,-72.489891,42.433816,,boundary vertex
Map,Franklin,25011,Investigate,25011-0,236,-72.530968,42.428853,,boundary vertex
Map,Franklin,25011,Investigate,25011-0,237,-72.540492,42.427629,,boundary vertex
Map,Franklin,25011,Investigate,25011-0,238,-72.544199,42.42715,,boundary vertex
Map,Franklin,25011,Investigate,25011-0,239,-72.575917,42.423256,,boundary vertex
Map,Franklin,25011,Investigate,25011-0,240,-72.581103,42.422579,,boundary vertex
Map,Franklin,25011,Investigate,25011-0,241,-72.581143,42.422581,,boundary vertex
Map,Franklin,25011,Investigate,25011-0,242,-72.585585,42.423144,,boundary vertex
Map,Franklin,25011,Investigate,25011-0,243,-72.622315,42.415108,,boundary vertex
Map,Franklin,25011,Investigate,25011-0,244,-72.629085,42.414311,,boundary vertex
Map,Franklin,25011,Investigate,25011-0,245,-72.669138,42.409711,,boundary vertex
Map,Franklin,25011,Investigate,25011-0,246,-72.704392,42.40555,,boundary vertex
Map,Franklin,25011,Investigate,25011-0,247,-72.704244,42.407481,,boundary vertex
Map,Franklin,25011,Investigate,25011-0,248,-72.700877,42.45292,,boundary vertex
Map,Franklin,25011,Investigate,25011-0,249,-72.757758,42.445883,,boundary vertex
Map,Franklin,25011,Investigate,25011-0,250,-72.75711,42.452413,,boundary vertex
Map,Franklin,25011,Investigate,25011-0,251,-72.765937,42.451681,,boundary vertex
Map,Franklin,25011,Investigate,25011-0,252,-72.765114,42.455884,,boundary vertex
Map,Franklin,25011,Investigate,25011-0,253,-72.759111,42.456494,,boundary vertex
Map,Franklin,25011,Investigate,25011-0,254,-72.758287,42.460926,,boundary vertex
Map,Franklin,25011,Investigate,25011-0,255,-72.7643,42.460156,,boundary vertex
Map,Franklin,25011,Investigate,25011-0,256,-72.763792,42.463665,,boundary vertex
Map,Franklin,25011,Investigate,25011-0,257,-72.773601,42.46554,,boundary vertex
Map,Franklin,25011,Investigate,25011-0,258,-72.773329,42.466782,,boundary vertex
Map,Franklin,25011,Investigate,25011-0,259,-72.809898,42.473205,,boundary vertex
Map,Franklin,25011,Investigate,25011-0,260,-72.831494,42.476998,,boundary vertex
Map,Franklin,25011,Investigate,25011-0,261,-72.831566,42.476376,,boundary vertex
Map,Franklin,25011,Investigate,25011-0,262,-72.855633,42.48092,,boundary vertex
Map,Franklin,25011,Investigate,25011-0,263,-72.871136,42.484041,,boundary vertex
Map,Franklin,25011,Investigate,25011-0,264,-72.875155,42.507249,,boundary vertex
Map,Franklin,25011,Investigate,25011-0,265,-72.87032,42.52515,,boundary vertex
Map,Franklin,25011,Investigate,25011-0,266,-72.875461,42.525897,,boundary vertex
Map,Franklin,25011,Investigate,25011-0,267,-72.876658,42.531733,,boundary vertex
Map,Franklin,25011,Investigate,25011-0,268,-72.876849,42.541197,,boundary vertex
Map,Franklin,25011,Investigate,25011-0,269,-72.975409,42.556037,,boundary vertex
Map,Franklin,25011,Investigate,25011-0,270,-72.954599,42.628654,,boundary vertex
Map,Franklin,25011,Investigate,25011-0,271,-72.951039,42.641006,,boundary vertex
Map,Franklin,25011,Investigate,25011-0,272,-72.951096,42.641356,,boundary vertex
Map,Franklin,25011,Investigate,25011-0,273,-72.95265,42.650853,,boundary vertex
Map,Franklin,25011,Investigate,25011-0,274,-72.953956,42.651222,,boundary vertex
Map,Franklin,25011,Investigate,25011-0,275,-72.955573,42.654513,,boundary vertex
Map,Franklin,25011,Investigate,25011-0,276,-72.955533,42.659374,,boundary vertex
Map,Franklin,25011,Investigate,25011-0,277,-72.954358,42.662461,,boundary vertex
Map,Franklin,25011,Investigate,25011-0,278,-72.954721,42.665624,,boundary vertex
Map,Franklin,25011,Investigate,25011-0,279,-72.957432,42.666972,,boundary vertex
Map,Franklin,25011,Investigate,25011-0,280,-72.960443,42.667387,,boundary vertex
Map,Franklin,25011,Investigate,25011-0,281,-72.962094,42.667023,,boundary vertex
Map,Franklin,25011,Investigate,25011-0,282,-72.963948,42.664294,,boundary vertex
Map,Franklin,25011,Investigate,25011-0,283,-72.968763,42.664247,,boundary vertex
Map,Franklin,25011,Investigate,25011-0,284,-72.972845,42.662722,,boundary vertex
Map,Franklin,25011,Investigate,25011-0,285,-72.975209,42.660824,,boundary vertex
Map,Franklin,25011,Investigate,25011-0,286,-72.976555,42.661232,,boundary vertex
Map,Franklin,25011,Investigate,25011-0,287,-72.980038,42.664108,,boundary vertex
Map,Franklin,25011,Investigate,25011-0,288,-72.982406,42.665201,,boundary vertex
Map,Franklin,25011,Investigate,25011-0,289,-72.985529,42.665938,,boundary vertex
Map,Franklin,25011,Investigate,25011-0,290,-72.988584,42.667376,,boundary vertex
Map,Franklin,25011,Investigate,25011-0,291,-72.993268,42.671046,,boundary vertex
Map,Franklin,25011,Investigate,25011-0,292,-72.995539,42.673156,,boundary vertex
Map,Franklin,25011,Investigate,25011-0,293,-72.994665,42.674322,,boundary vertex
Map,Franklin,25011,Investigate,25011-0,294,-72.989251,42.674233,,boundary vertex
Map,Franklin,25011,Investigate,25011-0,295,-72.988533,42.675332,,boundary vertex
Map,Franklin,25011,Investigate,25011-0,296,-72.989772,42.678219,,boundary vertex
Map,Franklin,25011,Investigate,25011-0,297,-72.988897,42.678663,,boundary vertex
Map,Franklin,25011,Investigate,25011-0,298,-72.983884,42.679385,,boundary vertex
Map,Franklin,25011,Investigate,25011-0,299,-72.977257,42.679051,,boundary vertex
Map,Franklin,25011,Investigate,25011-0,300,-72.975826,42.679422,,boundary vertex
Map,Franklin,25011,Investigate,25011-0,301,-72.97561,42.680424,,boundary vertex
Map,Franklin,25011,Investigate,25011-0,302,-72.976987,42.682793,,boundary vertex
Map,Franklin,25011,Investigate,25011-0,303,-72.977495,42.685913,,boundary vertex
Map,Franklin,25011,Investigate,25011-0,304,-72.97352,42.688808,,boundary vertex
Map,Franklin,25011,Investigate,25011-0,305,-72.971584,42.689055,,boundary vertex
Map,Franklin,25011,Investigate,25011-0,306,-72.963802,42.687492,,boundary vertex
Map,Franklin,25011,Investigate,25011-0,307,-72.961375,42.688225,,boundary vertex
Map,Franklin,25011,Investigate,25011-0,308,-72.959335,42.689518,,boundary vertex
Map,Franklin,25011,Investigate,25011-0,309,-72.957387,42.690113,,boundary vertex
Map,Franklin,25011,Investigate,25011-0,310,-72.954353,42.690276,,boundary vertex
Map,Franklin,25011,Investigate,25011-0,311,-72.952949,42.691294,,boundary vertex
Map,Franklin,25011,Investigate,25011-0,312,-72.951647,42.693951,,boundary vertex
Map,Franklin,25011,Investigate,25011-0,313,-72.951736,42.695653,,boundary vertex
Map,Franklin,25011,Investigate,25011-0,314,-72.95388,42.698158,,boundary vertex
Map,Franklin,25011,Investigate,25011-0,315,-72.951691,42.70051,,boundary vertex
Map,Franklin,25011,Investigate,25011-0,316,-72.950229,42.701165,,boundary vertex
Map,Franklin,25011,Investigate,25011-0,317,-72.948703,42.703635,,boundary vertex
Map,Franklin,25011,Investigate,25011-0,318,-72.949639,42.705111,,boundary vertex
Map,Franklin,25011,Investigate,25011-0,319,-72.997878,42.701264,,boundary vertex
Map,Franklin,25011,Investigate,25011-0,320,-73.023709,42.70269,,boundary vertex
Map,Franklin,25011,Investigate,25011-0,321,-73.0230149955487,42.7411352241426,,boundary vertex
Map,Hampden,25013,Investigate,25013-0,0,-73.074845,42.106146,,boundary vertex
Map,Hampden,25013,Investigate,25013-0,1,-73.072889,42.107017,,boundary vertex
Map,Hampden,25013,Investigate,25013-0,2,-73.071867,42.108163,,boundary vertex
Map,Hampden,25013,Investigate,25013-0,3,-73.071837,42.109356,,boundary vertex
Map,Hampden,25013,Investigate,25013-0,4,-73.072897,42.110335,,boundary vertex
Map,Hampden,25013,Investigate,25013-0,5,-73.072672,42.111684,,boundary vertex
Map,Hampden,25013,Investigate,25013-0,6,-73.069227,42.113926,,boundary vertex
Map,Hampden,25013,Investigate,25013-0,7,-73.065745,42.114778,,boundary vertex
Map,Hampden,25013,Investigate,25013-0,8,-73.063353,42.11585,,boundary vertex
Map,Hampden,25013,Investigate,25013-0,9,-73.061206,42.118112,,boundary vertex
Map,Hampden,25013,Investigate,25013-0,10,-73.061384,42.119389,,boundary vertex
Map,Hampden,25013,Investigate,25013-0,11,-73.06426,42.122775,,boundary vertex
Map,Hampden,25013,Investigate,25013-0,12,-73.066574,42.124791,,boundary vertex
Map,Hampden,25013,Investigate,25013-0,13,-73.067206,42.127351,,boundary vertex
Map,Hampden,25013,Investigate,25013-0,14,-73.069285,42.130869,,boundary vertex
Map,Hampden,25013,Investigate,25013-0,15,-73.069827,42.133228,,boundary vertex
Map,Hampden,25013,Investigate,25013-0,16,-73.069442,42.134986,,boundary vertex
Map,Hampden,25013,Investigate,25013-0,17,-73.0685,42.135498,,boundary vertex
Map,Hampden,25013,Investigate,25013-0,18,-73.069182,42.138967,,boundary vertex
Map,Hampden,25013,Investigate,25013-0,19,-73.070546,42.14016,,boundary vertex
Map,Hampden,25013,Investigate,25013-0,20,-73.07213,42.143548,,boundary vertex
Map,Hampden,25013,Investigate,25013-0,21,-73.070419,42.144749,,boundary vertex
Map,Hampden,25013,Investigate,25013-0,22,-73.070405,42.146956,,boundary vertex
Map,Hampden,25013,Investigate,25013-0,23,-73.071113,42.148206,,boundary vertex
Map,Hampden,25013,Investigate,25013-0,24,-73.03492,42.143652,,boundary vertex
Map,Hampden,25013,Investigate,25013-0,25,-73.007867,42.238409,,boundary vertex
Map,Hampden,25013,Investigate,25013-0,26,-73.004294,42.251347,,boundary vertex
Map,Hampden,25013,Investigate,25013-0,27,-73.00185,42.251017,,boundary vertex
Map,Hampden,25013,Investigate,25013-0,28,-73.000278,42.312597,,boundary vertex
Map,Hampden,25013,Investigate,25013-0,29,-72.953825,42.34386,,boundary vertex
Map,Hampden,25013,Investigate,25013-0,30,-72.953272,42.34383,,boundary vertex
Map,Hampden,25013,Investigate,25013-0,31,-72.895638,42.340702,,boundary vertex
Map,Hampden,25013,Investigate,25013-0,32,-72.894788,42.331491,,boundary vertex
Map,Hampden,25013,Investigate,25013-0,33,-72.885208,42.332612,,boundary vertex
Map,Hampden,25013,Investigate,25013-0,34,-72.880602,42.265382,,boundary vertex
Map,Hampden,25013,Investigate,25013-0,35,-72.881183,42.264904,,boundary vertex
Map,Hampden,25013,Investigate,25013-0,36,-72.894566,42.253812,,boundary vertex
Map,Hampden,25013,Investigate,25013-0,37,-72.912302,42.239133,,boundary vertex
Map,Hampden,25013,Investigate,25013-0,38,-72.87218,42.216439,,boundary vertex
Map,Hampden,25013,Investigate,25013-0,39,-72.86847,42.223657,,boundary vertex
Map,Hampden,25013,Investigate,25013-0,40,-72.864279,42.232266,,boundary vertex
Map,Hampden,25013,Investigate,25013-0,41,-72.857634,42.24048,,boundary vertex
Map,Hampden,25013,Investigate,25013-0,42,-72.856671,42.240579,,boundary vertex
Map,Hampden,25013,Investigate,25013-0,43,-72.813422,42.245004,,boundary vertex
Map,Hampden,25013,Investigate,25013-0,44,-72.812576,42.234954,,boundary vertex
Map,Hampden,25013,Investigate,25013-0,45,-72.793414,42.236854,,boundary vertex
Map,Hampden,25013,Investigate,25013-0,46,-72.793292,42.235274,,boundary vertex
Map,Hampden,25013,Investigate,25013-0,47,-72.791987,42.217302,,boundary vertex
Map,Hampden,25013,Investigate,25013-0,48,-72.782111,42.217271,,boundary vertex
Map,Hampden,25013,Investigate,25013-0,49,-72.781039,42.199749,,boundary vertex
Map,Hampden,25013,Investigate,25013-0,50,-72.766556,42.197235,,boundary vertex
Map,Hampden,25013,Investigate,25013-0,51,-72.726096,42.190207,,boundary vertex
Map,Hampden,25013,Investigate,25013-0,52,-72.703391,42.186279,,boundary vertex
Map,Hampden,25013,Investigate,25013-0,53,-72.686861,42.18339,,boundary vertex
Map,Hampden,25013,Investigate,25013-0,54,-72.686245,42.188829,,boundary vertex
Map,Hampden,25013,Investigate,25013-0,55,-72.690515,42.213076,,boundary vertex
Map,Hampden,25013,Investigate,25013-0,56,-72.670033,42.216504,,boundary vertex
Map,Hampden,25013,Investigate,25013-0,57,-72.66777,42.225456,,boundary vertex
Map,Hampden,25013,Investigate,25013-0,58,-72.656536,42.227739,,boundary vertex
Map,Hampden,25013,Investigate,25013-0,59,-72.651842,42.237639,,boundary vertex
Map,Hampden,25013,Investigate,25013-0,60,-72.634585,42.273943,,boundary vertex
Map,Hampden,25013,Investigate,25013-0,61,-72.613138,42.286265,,boundary vertex
Map,Hampden,25013,Investigate,25013-0,62,-72.612007,42.285573,,boundary vertex
Map,Hampden,25013,Investigate,25013-0,63,-72.609948,42.285224,,boundary vertex
Map,Hampden,25013,Investigate,25013-0,64,-72.605232,42.284463,,boundary vertex
Map,Hampden,25013,Investigate,25013-0,65,-72.601209,42.281259,,boundary vertex
Map,Hampden,25013,Investigate,25013-0,66,-72.600376,42.277393,,boundary vertex
Map,Hampden,25013,Investigate,25013-0,67,-72.599364,42.275336,,boundary vertex
Map,Hampden,25013,Investigate,25013-0,68,-72.598816,42.269902,,boundary vertex
Map,Hampden,25013,Investigate,25013-0,69,-72.599173,42.267381,,boundary vertex
Map,Hampden,25013,Investigate,25013-0,70,-72.600232,42.265385,,boundary vertex
Map,Hampden,25013,Investigate,25013-0,71,-72.607781,42.26058,,boundary vertex
Map,Hampden,25013,Investigate,25013-0,72,-72.611555,42.256913,,boundary vertex
Map,Hampden,25013,Investigate,25013-0,73,-72.615071,42.252014,,boundary vertex
Map,Hampden,25013,Investigate,25013-0,74,-72.618009,42.248369,,boundary vertex
Map,Hampden,25013,Investigate,25013-0,75,-72.621342,42.24182,,boundary vertex
Map,Hampden,25013,Investigate,25013-0,76,-72.624032,42.235359,,boundary vertex
Map,Hampden,25013,Investigate,25013-0,77,-72.623656,42.231656,,boundary vertex
Map,Hampden,25013,Investigate,25013-0,78,-72.623191,42.230911,,boundary vertex
Map,Hampden,25013,Investigate,25013-0,79,-72.622463,42.230211,,boundary vertex
Map,Hampden,25013,Investigate,25013-0,80,-72.615127,42.22681,,boundary vertex
Map,Hampden,25013,Investigate,25013-0,81,-72.613564,42.225582,,boundary vertex
Map,Hampden,25013,Investigate,25013-0,82,-72.611633,42.222772,,boundary vertex
Map,Hampden,25013,Investigate,25013-0,83,-72.610749,42.21942,,boundary vertex
Map,Hampden,25013,Investigate,25013-0,84,-72.607926,42.21623,,boundary vertex
Map,Hampden,25013,Investigate,25013-0,85,-72.603803,42.213867,,boundary vertex
Map,Hampden,25013,Investigate,25013-0,86,-72.596166,42.211786,,boundary vertex
Map,Hampden,25013,Investigate,25013-0,87,-72.595802,42.211799,,boundary vertex
Map,Hampden,25013,Investigate,25013-0,88,-72.593448,42.211557,,boundary vertex
Map,Hampden,25013,Investigate,25013-0,89,-72.572202,42.213804,,boundary vertex
Map,Hampden,25013,Investigate,25013-0,90,-72.546356,42.216489,,boundary vertex
Map,Hampden,25013,Investigate,25013-0,91,-72.541264,42.216987,,boundary vertex
Map,Hampden,25013,Investigate,25013-0,92,-72.52429,42.218734,,boundary vertex
Map,Hampden,25013,Investigate,25013-0,93,-72.498062,42.221634,,boundary vertex
Map,Hampden,25013,Investigate,25013-0,94,-72.478335,42.223811,,boundary vertex
Map,Hampden,25013,Investigate,25013-0,95,-72.44712,42.227254,,boundary vertex
Map,Hampden,25013,Investigate,25013-0,96,-72.403947,42.231847,,boundary vertex
Map,Hampden,25013,Investigate,25013-0,97,-72.402922,42.226276,,boundary vertex
Map,Hampden,25013,Investigate,25013-0,98,-72.395478,42.185737,,boundary vertex
Map,Hampden,25013,Investigate,25013-0,99,-72.360766,42.189522,,boundary vertex
Map,Hampden,25013,Investigate,25013-0,100,-72.358219,42.189802,,boundary vertex
Map,Hampden,25013,Investigate,25013-0,101,-72.360159,42.190145,,boundary vertex
Map,Hampden,25013,Investigate,25013-0,102,-72.361667,42.193485,,boundary vertex
Map,Hampden,25013,Investigate,25013-0,103,-72.361275,42.194629,,boundary vertex
Map,Hampden,25013,Investigate,25013-0,104,-72.359384,42.194251,,boundary vertex
Map,Hampden,25013,Investigate,25013-0,105,-72.359859,42.196321,,boundary vertex
Map,Hampden,25013,Investigate,25013-0,106,-72.360999,42.197257,,boundary vertex
Map,Hampden,25013,Investigate,25013-0,107,-72.363529,42.197018,,boundary vertex
Map,Hampden,25013,Investigate,25013-0,108,-72.363853,42.197955,,boundary vertex
Map,Hampden,25013,Investigate,25013-0,109,-72.362646,42.198522,,boundary vertex
Map,Hampden,25013,Investigate,25013-0,110,-72.363477,42.20204,,boundary vertex
Map,Hampden,25013,Investigate,25013-0,111,-72.364603,42.203149,,boundary vertex
Map,Hampden,25013,Investigate,25013-0,112,-72.364979,42.206693,,boundary vertex
Map,Hampden,25013,Investigate,25013-0,113,-72.364667,42.20726,,boundary vertex
Map,Hampden,25013,Investigate,25013-0,114,-72.361991,42.207328,,boundary vertex
Map,Hampden,25013,Investigate,25013-0,115,-72.363292,42.206029,,boundary vertex
Map,Hampden,25013,Investigate,25013-0,116,-72.361477,42.205424,,boundary vertex
Map,Hampden,25013,Investigate,25013-0,117,-72.359038,42.206512,,boundary vertex
Map,Hampden,25013,Investigate,25013-0,118,-72.357338,42.209003,,boundary vertex
Map,Hampden,25013,Investigate,25013-0,119,-72.355018,42.208854,,boundary vertex
Map,Hampden,25013,Investigate,25013-0,120,-72.353714,42.207015,,boundary vertex
Map,Hampden,25013,Investigate,25013-0,121,-72.352323,42.207014,,boundary vertex
Map,Hampden,25013,Investigate,25013-0,122,-72.350369,42.208526,,boundary vertex
Map,Hampden,25013,Investigate,25013-0,123,-72.349305,42.210215,,boundary vertex
Map,Hampden,25013,Investigate,25013-0,124,-72.347394,42.21014,,boundary vertex
Map,Hampden,25013,Investigate,25013-0,125,-72.346547,42.210787,,boundary vertex
Map,Hampden,25013,Investigate,25013-0,126,-72.34554,42.213161,,boundary vertex
Map,Hampden,25013,Investigate,25013-0,127,-72.346193,42.215978,,boundary vertex
Map,Hampden,25013,Investigate,25013-0,128,-72.343207,42.21865,,boundary vertex
Map,Hampden,25013,Investigate,25013-0,129,-72.34168,42.219232,,boundary vertex
Map,Hampden,25013,Investigate,25013-0,130,-72.33632,42.219545,,boundary vertex
Map,Hampden,25013,Investigate,25013-0,131,-72.335968,42.220159,,boundary vertex
Map,Hampden,25013,Investigate,25013-0,132,-72.294493,42.231433,,boundary vertex
Map,Hampden,25013,Investigate,25013-0,133,-72.281295,42.23502,,boundary vertex
Map,Hampden,25013,Investigate,25013-0,134,-72.27767,42.233103,,boundary vertex
Map,Hampden,25013,Investigate,25013-0,135,-72.273772,42.235847,,boundary vertex
Map,Hampden,25013,Investigate,25013-0,136,-72.271439,42.236368,,boundary vertex
Map,Hampden,25013,Investigate,25013-0,137,-72.270548,42.237126,,boundary vertex
Map,Hampden,25013,Investigate,25013-0,138,-72.268231,42.229311,,boundary vertex
Map,Hampden,25013,Investigate,25013-0,139,-72.257614,42.229874,,boundary vertex
Map,Hampden,25013,Investigate,25013-0,140,-72.249755,42.239017,,boundary vertex
Map,Hampden,25013,Investigate,25013-0,141,-72.247013,42.242094,,boundary vertex
Map,Hampden,25013,Investigate,25013-0,142,-72.221218,42.245252,,boundary vertex
Map,Hampden,25013,Investigate,25013-0,143,-72.239127,42.226812,,boundary vertex
Map,Hampden,25013,Investigate,25013-0,144,-72.255674,42.209707,,boundary vertex
Map,Hampden,25013,Investigate,25013-0,145,-72.257504,42.207809,,boundary vertex
Map,Hampden,25013,Investigate,25013-0,146,-72.260159,42.205869,,boundary vertex
Map,Hampden,25013,Investigate,25013-0,147,-72.262792,42.202534,,boundary vertex
Map,Hampden,25013,Investigate,25013-0,148,-72.264108,42.199501,,boundary vertex
Map,Hampden,25013,Investigate,25013-0,149,-72.264691,42.196725,,boundary vertex
Map,Hampden,25013,Investigate,25013-0,150,-72.264398,42.193529,,boundary vertex
Map,Hampden,25013,Investigate,25013-0,151,-72.263276,42.192601,,boundary vertex
Map,Hampden,25013,Investigate,25013-0,152,-72.263132,42.190109,,boundary vertex
Map,Hampden,25013,Investigate,25013-0,153,-72.26375,42.188323,,boundary vertex
Map,Hampden,25013,Investigate,25013-0,154,-72.263924,42.183831,,boundary vertex
Map,Hampden,25013,Investigate,25013-0,155,-72.255924,42.180976,,boundary vertex
Map,Hampden,25013,Investigate,25013-0,156,-72.207907,42.163879,,boundary vertex
Map,Hampden,25013,Investigate,25013-0,157,-72.200626,42.161287,,boundary vertex
Map,Hampden,25013,Investigate,25013-0,158,-72.199348,42.153707,,boundary vertex
Map,Hampden,25013,Investigate,25013-0,159,-72.141886,42.161,,boundary vertex
Map,Hampden,25013,Investigate,25013-0,160,-72.135011,42.161784,,boundary vertex
Map,Hampden,25013,Investigate,25013-0,161,-72.135042,42.140602,,boundary vertex
Map,Hampden,25013,Investigate,25013-0,162,-72.135086,42.111803,,boundary vertex
Map,Hampden,25013,Investigate,25013-0,163,-72.135082,42.111445,,boundary vertex
Map,Hampden,25013,Investigate,25013-0,164,-72.135112,42.090665,,boundary vertex
Map,Hampden,25013,Investigate,25013-0,165,-72.13518,42.083514,,boundary vertex
Map,Hampden,25013,Investigate,25013-0,166,-72.135388,42.063146,,boundary vertex
Map,Hampden,25013,Investigate,25013-0,167,-72.135491,42.05293,,boundary vertex
Map,Hampden,25013,Investigate,25013-0,168,-72.135715,42.0302453396816,,boundary vertex
Map,Hampden,25013,Investigate,25013-0,169,-72.1432302502593,42.0303365108455,,boundary vertex
Map,Hampden,25013,Investigate,25013-0,170,-72.1500880173965,42.0304197057611,,boundary vertex
Map,Hampden,25013,Investigate,25013-0,171,-72.1988321207782,42.0310110442372,,boundary vertex
Map,Hampden,25013,Investigate,25013-0,172,-72.2050807834552,42.0310868498098,,boundary vertex
Map,Hampden,25013,Investigate,25013-0,173,-72.2412901545176,42.0315261233387,,boundary vertex
Map,Hampden,25013,Investigate,25013-0,174,-72.249523,42.031626,,boundary vertex
Map,Hampden,25013,Investigate,25013-0,175,-72.2706561367986,42.0317138138475,,boundary vertex
Map,Hampden,25013,Investigate,25013-0,176,-72.317148,42.031907,,boundary vertex
Map,Hampden,25013,Investigate,25013-0,177,-72.3212667983303,42.0319687530467,,boundary vertex
Map,Hampden,25013,Investigate,25013-0,178,-72.3218210714148,42.03197706325,,boundary vertex
Map,Hampden,25013,Investigate,25013-0,179,-72.3669917600491,42.0326543063241,,boundary vertex
Map,Hampden,25013,Investigate,25013-0,180,-72.3974333745419,42.0331107167355,,boundary vertex
Map,Hampden,25013,Investigate,25013-0,181,-72.4414941437451,42.0337713188137,,boundary vertex
Map,Hampden,25013,Investigate,25013-0,182,-72.45668,42.033999,,boundary vertex
Map,Hampden,25013,Investigate,25013-0,183,-72.4582913228665,42.0340056752259,,boundary vertex
Map,Hampden,25013,Investigate,25013-0,184,-72.4596911701656,42.0340114743722,,boundary vertex
Map,Hampden,25013,Investigate,25013-0,185,-72.4601204240419,42.0340132526419,,boundary vertex
Map,Hampden,25013,Investigate,25013-0,186,-72.5092040512358,42.0342165913446,,boundary vertex
Map,Hampden,25013,Investigate,25013-0,187,-72.5246152595797,42.034280435345,,boundary vertex
Map,Hampden,25013,Investigate,25013-0,188,-72.528131,42.034295,,boundary vertex
Map,Hampden,25013,Investigate,25013-0,189,-72.5314944001573,42.0339852092183,,boundary vertex
Map,Hampden,25013,Investigate,25013-0,190,-72.5501111622106,42.0322704857245,,boundary vertex
Map,Hampden,25013,Investigate,25013-0,191,-72.552858204224,42.0320174654912,,boundary vertex
Map,Hampden,25013,Investigate,25013-0,192,-72.5530545610102,42.0319993797686,,boundary vertex
Map,Hampden,25013,Investigate,25013-0,193,-72.560958712171,42.0312713566218,,boundary vertex
Map,Hampden,25013,Investigate,25013-0,194,-72.5609752476445,42.0312698335984,,boundary vertex
Map,Hampden,25013,Investigate,25013-0,195,-72.5634267784983,42.031044031843,,boundary vertex
Map,Hampden,25013,Investigate,25013-0,196,-72.573231,42.030141,,boundary vertex
Map,Hampden,25013,Investigate,25013-0,197,-72.5741893219163,42.0295675442087,,boundary vertex
Map,Hampden,25013,Investigate,25013-0,198,-72.582332,42.024695,,boundary vertex
Map,Hampden,25013,Investigate,25013-0,199,-72.5898262911392,42.024695,,boundary vertex
Map,Hampden,25013,Investigate,25013-0,200,-72.590233,42.024695,,boundary vertex
Map,Hampden,25013,Investigate,25013-0,201,-72.606933,42.024995,,boundary vertex
Map,Hampden,25013,Investigate,25013-0,202,-72.6069560573249,42.0251287324845,,boundary vertex
Map,Hampden,25013,Investigate,25013-0,203,-72.607933,42.030795,,boundary vertex
Map,Hampden,25013,Investigate,25013-0,204,-72.6079909707697,42.0307976349601,,boundary vertex
Map,Hampden,25013,Investigate,25013-0,205,-72.6169036025419,42.0312027430774,,boundary vertex
Map,Hampden,25013,Investigate,25013-0,206,-72.61690464073,42.0312027902664,,boundary vertex
Map,Hampden,25013,Investigate,25013-0,207,-72.643134,42.032395,,boundary vertex
Map,Hampden,25013,Investigate,25013-0,208,-72.6729633546716,42.0348771539801,,boundary vertex
Map,Hampden,25013,Investigate,25013-0,209,-72.6860801113328,42.0359686227736,,boundary vertex
Map,Hampden,25013,Investigate,25013-0,210,-72.695927,42.036788,,boundary vertex
Map,Hampden,25013,Investigate,25013-0,211,-72.6994029866905,42.0367535946302,,boundary vertex
Map,Hampden,25013,Investigate,25013-0,212,-72.7128274389607,42.0366207191951,,boundary vertex
Map,Hampden,25013,Investigate,25013-0,213,-72.714557957256,42.0366035904984,,boundary vertex
Map,Hampden,25013,Investigate,25013-0,214,-72.7192527914859,42.0365571209569,,boundary vertex
Map,Hampden,25013,Investigate,25013-0,215,-72.755838,42.036195,,boundary vertex
Map,Hampden,25013,Investigate,25013-0,216,-72.757538,42.033295,,boundary vertex
Map,Hampden,25013,Investigate,25013-0,217,-72.753538,42.032095,,boundary vertex
Map,Hampden,25013,Investigate,25013-0,218,-72.751738,42.030195,,boundary vertex
Map,Hampden,25013,Investigate,25013-0,219,-72.754038,42.025395,,boundary vertex
Map,Hampden,25013,Investigate,25013-0,220,-72.757467,42.020947,,boundary vertex
Map,Hampden,25013,Investigate,25013-0,221,-72.758151,42.020865,,boundary vertex
Map,Hampden,25013,Investigate,25013-0,222,-72.760558,42.021846,,boundary vertex
Map,Hampden,25013,Investigate,25013-0,223,-72.762151,42.021527,,boundary vertex
Map,Hampden,25013,Investigate,25013-0,224,-72.76231,42.019775,,boundary vertex
Map,Hampden,25013,Investigate,25013-0,225,-72.761354,42.018183,,boundary vertex
Map,Hampden,25013,Investigate,25013-0,226,-72.759738,42.016995,,boundary vertex
Map,Hampden,25013,Investigate,25013-0,227,-72.761238,42.014595,,boundary vertex
Map,Hampden,25013,Investigate,25013-0,228,-72.763238,42.012795,,boundary vertex
Map,Hampden,25013,Investigate,25013-0,229,-72.763265,42.009742,,boundary vertex
Map,Hampden,25013,Investigate,25013-0,230,-72.766139,42.007695,,boundary vertex
Map,Hampden,25013,Investigate,25013-0,231,-72.766739,42.002995,,boundary vertex
Map,Hampden,25013,Investigate,25013-0,232,-72.7706452603118,42.0025731407607,,boundary vertex
Map,Hampden,25013,Investigate,25013-0,233,-72.77475938856,42.0021288326822,,boundary vertex
Map,Hampden,25013,Investigate,25013-0,234,-72.7949002458136,41.9999537071038,,boundary vertex
Map,Hampden,25013,Investigate,25013-0,235,-72.816741,41.997595,,boundary vertex
Map,Hampden,25013,Investigate,25013-0,236,-72.8167357432203,41.997658901085,,boundary vertex
Map,Hampden,25013,Investigate,25013-0,237,-72.813541,42.036494,,boundary vertex
Map,Hampden,25013,Investigate,25013-0,238,-72.8349699391824,42.0367490988266,,boundary vertex
Map,Hampden,25013,Investigate,25013-0,239,-72.847142,42.036894,,boundary vertex
Map,Hampden,25013,Investigate,25013-0,240,-72.863619,42.037709,,boundary vertex
Map,Hampden,25013,Investigate,25013-0,241,-72.8636384107871,42.0377091702701,,boundary vertex
Map,Hampden,25013,Investigate,25013-0,242,-72.863733,42.03771,,boundary vertex
Map,Hampden,25013,Investigate,25013-0,243,-72.9242297429858,42.0381300420321,,boundary vertex
Map,Hampden,25013,Investigate,25013-0,244,-72.9789786343673,42.0385101754816,,boundary vertex
Map,Hampden,25013,Investigate,25013-0,245,-72.999549,42.038653,,boundary vertex
Map,Hampden,25013,Investigate,25013-0,246,-73.0087643066587,42.038860282198,,boundary vertex
Map,Hampden,25013,Investigate,25013-0,247,-73.053254,42.039861,,boundary vertex
Map,Hampden,25013,Investigate,25013-0,248,-73.0532880861326,42.0398619684613,,boundary vertex
Map,Hampden,25013,Investigate,25013-0,249,-73.055807,42.045047,,boundary vertex
Map,Hampden,25013,Investigate,25013-0,250,-73.056549,42.047419,,boundary vertex
Map,Hampden,25013,Investigate,25013-0,251,-73.053905,42.05499,,boundary vertex
Map,Hampden,25013,Investigate,25013-0,252,-73.054651,42.0576,,boundary vertex
Map,Hampden,25013,Investigate,25013-0,253,-73.056128,42.05889,,boundary vertex
Map,Hampden,25013,Investigate,25013-0,254,-73.058012,42.059479,,boundary vertex
Map,Hampden,25013,Investigate,25013-0,255,-73.061742,42.061939,,boundary vertex
Map,Hampden,25013,Investigate,25013-0,256,-73.058153,42.066753,,boundary vertex
Map,Hampden,25013,Investigate,25013-0,257,-73.061805,42.070638,,boundary vertex
Map,Hampden,25013,Investigate,25013-0,258,-73.073087,42.094213,,boundary vertex
Map,Hampden,25013,Investigate,25013-0,259,-73.074167,42.101867,,boundary vertex
Map,Hampden,25013,Investigate,25013-0,260,-73.075036,42.105195,,boundary vertex
Map,Hampden,25013,Investigate,25013-0,261,-73.074845,42.106146,,boundary vertex
Map,Hampshire,25015,Not selected,25015-0,0,-73.065772,42.389111,,boundary vertex
Map,Hampshire,25015,Not selected,25015-0,1,-73.011683,42.379683,,boundary vertex
Map,Hampshire,25015,Not selected,25015-0,2,-73.009085,42.387734,,boundary vertex
Map,Hampshire,25015,Not selected,25015-0,3,-72.992643,42.449094,,boundary vertex
Map,Hampshire,25015,Not selected,25015-0,4,-72.988126,42.466947,,boundary vertex
Map,Hampshire,25015,Not selected,25015-0,5,-72.986473,42.466706,,boundary vertex
Map,Hampshire,25015,Not selected,25015-0,6,-72.979284,42.497857,,boundary vertex
Map,Hampshire,25015,Not selected,25015-0,7,-72.968583,42.540012,,boundary vertex
Map,Hampshire,25015,Not selected,25015-0,8,-72.979036,42.541617,,boundary vertex
Map,Hampshire,25015,Not selected,25015-0,9,-72.975409,42.556037,,boundary vertex
Map,Hampshire,25015,Not selected,25015-0,10,-72.876849,42.541197,,boundary vertex
Map,Hampshire,25015,Not selected,25015-0,11,-72.876658,42.531733,,boundary vertex
Map,Hampshire,25015,Not selected,25015-0,12,-72.875461,42.525897,,boundary vertex
Map,Hampshire,25015,Not selected,25015-0,13,-72.87032,42.52515,,boundary vertex
Map,Hampshire,25015,Not selected,25015-0,14,-72.875155,42.507249,,boundary vertex
Map,Hampshire,25015,Not selected,25015-0,15,-72.871136,42.484041,,boundary vertex
Map,Hampshire,25015,Not selected,25015-0,16,-72.855633,42.48092,,boundary vertex
Map,Hampshire,25015,Not selected,25015-0,17,-72.831566,42.476376,,boundary vertex
Map,Hampshire,25015,Not selected,25015-0,18,-72.831494,42.476998,,boundary vertex
Map,Hampshire,25015,Not selected,25015-0,19,-72.809898,42.473205,,boundary vertex
Map,Hampshire,25015,Not selected,25015-0,20,-72.773329,42.466782,,boundary vertex
Map,Hampshire,25015,Not selected,25015-0,21,-72.773601,42.46554,,boundary vertex
Map,Hampshire,25015,Not selected,25015-0,22,-72.763792,42.463665,,boundary vertex
Map,Hampshire,25015,Not selected,25015-0,23,-72.7643,42.460156,,boundary vertex
Map,Hampshire,25015,Not selected,25015-0,24,-72.758287,42.460926,,boundary vertex
Map,Hampshire,25015,Not selected,25015-0,25,-72.759111,42.456494,,boundary vertex
Map,Hampshire,25015,Not selected,25015-0,26,-72.765114,42.455884,,boundary vertex
Map,Hampshire,25015,Not selected,25015-0,27,-72.765937,42.451681,,boundary vertex
Map,Hampshire,25015,Not selected,25015-0,28,-72.75711,42.452413,,boundary vertex
Map,Hampshire,25015,Not selected,25015-0,29,-72.757758,42.445883,,boundary vertex
Map,Hampshire,25015,Not selected,25015-0,30,-72.700877,42.45292,,boundary vertex
Map,Hampshire,25015,Not selected,25015-0,31,-72.704244,42.407481,,boundary vertex
Map,Hampshire,25015,Not selected,25015-0,32,-72.704392,42.40555,,boundary vertex
Map,Hampshire,25015,Not selected,25015-0,33,-72.669138,42.409711,,boundary vertex
Map,Hampshire,25015,Not selected,25015-0,34,-72.629085,42.414311,,boundary vertex
Map,Hampshire,25015,Not selected,25015-0,35,-72.622315,42.415108,,boundary vertex
Map,Hampshire,25015,Not selected,25015-0,36,-72.585585,42.423144,,boundary vertex
Map,Hampshire,25015,Not selected,25015-0,37,-72.581143,42.422581,,boundary vertex
Map,Hampshire,25015,Not selected,25015-0,38,-72.581103,42.422579,,boundary vertex
Map,Hampshire,25015,Not selected,25015-0,39,-72.575917,42.423256,,boundary vertex
Map,Hampshire,25015,Not selected,25015-0,40,-72.544199,42.42715,,boundary vertex
Map,Hampshire,25015,Not selected,25015-0,41,-72.540492,42.427629,,boundary vertex
Map,Hampshire,25015,Not selected,25015-0,42,-72.530968,42.428853,,boundary vertex
Map,Hampshire,25015,Not selected,25015-0,43,-72.489891,42.433816,,boundary vertex
Map,Hampshire,25015,Not selected,25015-0,44,-72.483976,42.408715,,boundary vertex
Map,Hampshire,25015,Not selected,25015-0,45,-72.483696,42.407481,,boundary vertex
Map,Hampshire,25015,Not selected,25015-0,46,-72.375022,42.420819,,boundary vertex
Map,Hampshire,25015,Not selected,25015-0,47,-72.375377,42.419009,,boundary vertex
Map,Hampshire,25015,Not selected,25015-0,48,-72.371967,42.41597,,boundary vertex
Map,Hampshire,25015,Not selected,25015-0,49,-72.373535,42.413392,,boundary vertex
Map,Hampshire,25015,Not selected,25015-0,50,-72.369917,42.410741,,boundary vertex
Map,Hampshire,25015,Not selected,25015-0,51,-72.371411,42.408615,,boundary vertex
Map,Hampshire,25015,Not selected,25015-0,52,-72.369969,42.408032,,boundary vertex
Map,Hampshire,25015,Not selected,25015-0,53,-72.366576,42.403506,,boundary vertex
Map,Hampshire,25015,Not selected,25015-0,54,-72.367995,42.40266,,boundary vertex
Map,Hampshire,25015,Not selected,25015-0,55,-72.369364,42.400283,,boundary vertex
Map,Hampshire,25015,Not selected,25015-0,56,-72.367911,42.397537,,boundary vertex
Map,Hampshire,25015,Not selected,25015-0,57,-72.368825,42.396441,,boundary vertex
Map,Hampshire,25015,Not selected,25015-0,58,-72.367125,42.394583,,boundary vertex
Map,Hampshire,25015,Not selected,25015-0,59,-72.367718,42.394068,,boundary vertex
Map,Hampshire,25015,Not selected,25015-0,60,-72.366699,42.391124,,boundary vertex
Map,Hampshire,25015,Not selected,25015-0,61,-72.365497,42.390633,,boundary vertex
Map,Hampshire,25015,Not selected,25015-0,62,-72.365964,42.388762,,boundary vertex
Map,Hampshire,25015,Not selected,25015-0,63,-72.36427,42.38813,,boundary vertex
Map,Hampshire,25015,Not selected,25015-0,64,-72.363814,42.386672,,boundary vertex
Map,Hampshire,25015,Not selected,25015-0,65,-72.36683,42.385353,,boundary vertex
Map,Hampshire,25015,Not selected,25015-0,66,-72.365837,42.382946,,boundary vertex
Map,Hampshire,25015,Not selected,25015-0,67,-72.363724,42.38182,,boundary vertex
Map,Hampshire,25015,Not selected,25015-0,68,-72.365807,42.381746,,boundary vertex
Map,Hampshire,25015,Not selected,25015-0,69,-72.366659,42.380855,,boundary vertex
Map,Hampshire,25015,Not selected,25015-0,70,-72.366141,42.378239,,boundary vertex
Map,Hampshire,25015,Not selected,25015-0,71,-72.36419,42.378816,,boundary vertex
Map,Hampshire,25015,Not selected,25015-0,72,-72.363723,42.376443,,boundary vertex
Map,Hampshire,25015,Not selected,25015-0,73,-72.363989,42.373637,,boundary vertex
Map,Hampshire,25015,Not selected,25015-0,74,-72.362765,42.372041,,boundary vertex
Map,Hampshire,25015,Not selected,25015-0,75,-72.360817,42.371213,,boundary vertex
Map,Hampshire,25015,Not selected,25015-0,76,-72.360765,42.368775,,boundary vertex
Map,Hampshire,25015,Not selected,25015-0,77,-72.358033,42.366797,,boundary vertex
Map,Hampshire,25015,Not selected,25015-0,78,-72.356365,42.366507,,boundary vertex
Map,Hampshire,25015,Not selected,25015-0,79,-72.357321,42.365009,,boundary vertex
Map,Hampshire,25015,Not selected,25015-0,80,-72.359258,42.363914,,boundary vertex
Map,Hampshire,25015,Not selected,25015-0,81,-72.357241,42.359696,,boundary vertex
Map,Hampshire,25015,Not selected,25015-0,82,-72.358986,42.356695,,boundary vertex
Map,Hampshire,25015,Not selected,25015-0,83,-72.358969,42.355639,,boundary vertex
Map,Hampshire,25015,Not selected,25015-0,84,-72.357193,42.3543,,boundary vertex
Map,Hampshire,25015,Not selected,25015-0,85,-72.357947,42.353094,,boundary vertex
Map,Hampshire,25015,Not selected,25015-0,86,-72.356448,42.350667,,boundary vertex
Map,Hampshire,25015,Not selected,25015-0,87,-72.358406,42.349929,,boundary vertex
Map,Hampshire,25015,Not selected,25015-0,88,-72.358028,42.347912,,boundary vertex
Map,Hampshire,25015,Not selected,25015-0,89,-72.359376,42.345566,,boundary vertex
Map,Hampshire,25015,Not selected,25015-0,90,-72.356564,42.343234,,boundary vertex
Map,Hampshire,25015,Not selected,25015-0,91,-72.35503,42.342715,,boundary vertex
Map,Hampshire,25015,Not selected,25015-0,92,-72.355396,42.340678,,boundary vertex
Map,Hampshire,25015,Not selected,25015-0,93,-72.354061,42.340085,,boundary vertex
Map,Hampshire,25015,Not selected,25015-0,94,-72.352884,42.338174,,boundary vertex
Map,Hampshire,25015,Not selected,25015-0,95,-72.351199,42.334417,,boundary vertex
Map,Hampshire,25015,Not selected,25015-0,96,-72.352524,42.332438,,boundary vertex
Map,Hampshire,25015,Not selected,25015-0,97,-72.352532,42.331135,,boundary vertex
Map,Hampshire,25015,Not selected,25015-0,98,-72.351128,42.329563,,boundary vertex
Map,Hampshire,25015,Not selected,25015-0,99,-72.353594,42.327692,,boundary vertex
Map,Hampshire,25015,Not selected,25015-0,100,-72.351178,42.324884,,boundary vertex
Map,Hampshire,25015,Not selected,25015-0,101,-72.354302,42.323683,,boundary vertex
Map,Hampshire,25015,Not selected,25015-0,102,-72.353002,42.321252,,boundary vertex
Map,Hampshire,25015,Not selected,25015-0,103,-72.355227,42.318198,,boundary vertex
Map,Hampshire,25015,Not selected,25015-0,104,-72.354556,42.316049,,boundary vertex
Map,Hampshire,25015,Not selected,25015-0,105,-72.356157,42.314374,,boundary vertex
Map,Hampshire,25015,Not selected,25015-0,106,-72.357328,42.31039,,boundary vertex
Map,Hampshire,25015,Not selected,25015-0,107,-72.359032,42.309757,,boundary vertex
Map,Hampshire,25015,Not selected,25015-0,108,-72.358731,42.308822,,boundary vertex
Map,Hampshire,25015,Not selected,25015-0,109,-72.360478,42.3087,,boundary vertex
Map,Hampshire,25015,Not selected,25015-0,110,-72.36037,42.307791,,boundary vertex
Map,Hampshire,25015,Not selected,25015-0,111,-72.356018,42.303283,,boundary vertex
Map,Hampshire,25015,Not selected,25015-0,112,-72.35421,42.305684,,boundary vertex
Map,Hampshire,25015,Not selected,25015-0,113,-72.351891,42.306412,,boundary vertex
Map,Hampshire,25015,Not selected,25015-0,114,-72.351689,42.304262,,boundary vertex
Map,Hampshire,25015,Not selected,25015-0,115,-72.350373,42.304168,,boundary vertex
Map,Hampshire,25015,Not selected,25015-0,116,-72.349556,42.306031,,boundary vertex
Map,Hampshire,25015,Not selected,25015-0,117,-72.350659,42.30739,,boundary vertex
Map,Hampshire,25015,Not selected,25015-0,118,-72.352278,42.307938,,boundary vertex
Map,Hampshire,25015,Not selected,25015-0,119,-72.349889,42.308043,,boundary vertex
Map,Hampshire,25015,Not selected,25015-0,120,-72.351459,42.309993,,boundary vertex
Map,Hampshire,25015,Not selected,25015-0,121,-72.350159,42.310312,,boundary vertex
Map,Hampshire,25015,Not selected,25015-0,122,-72.348656,42.309176,,boundary vertex
Map,Hampshire,25015,Not selected,25015-0,123,-72.345889,42.309969,,boundary vertex
Map,Hampshire,25015,Not selected,25015-0,124,-72.343597,42.311887,,boundary vertex
Map,Hampshire,25015,Not selected,25015-0,125,-72.342091,42.314331,,boundary vertex
Map,Hampshire,25015,Not selected,25015-0,126,-72.337705,42.314539,,boundary vertex
Map,Hampshire,25015,Not selected,25015-0,127,-72.335246,42.315142,,boundary vertex
Map,Hampshire,25015,Not selected,25015-0,128,-72.334715,42.317618,,boundary vertex
Map,Hampshire,25015,Not selected,25015-0,129,-72.332302,42.319409,,boundary vertex
Map,Hampshire,25015,Not selected,25015-0,130,-72.329118,42.319687,,boundary vertex
Map,Hampshire,25015,Not selected,25015-0,131,-72.328333,42.318558,,boundary vertex
Map,Hampshire,25015,Not selected,25015-0,132,-72.327223,42.320467,,boundary vertex
Map,Hampshire,25015,Not selected,25015-0,133,-72.3274,42.323477,,boundary vertex
Map,Hampshire,25015,Not selected,25015-0,134,-72.328219,42.325248,,boundary vertex
Map,Hampshire,25015,Not selected,25015-0,135,-72.326762,42.326814,,boundary vertex
Map,Hampshire,25015,Not selected,25015-0,136,-72.326214,42.325158,,boundary vertex
Map,Hampshire,25015,Not selected,25015-0,137,-72.324673,42.326766,,boundary vertex
Map,Hampshire,25015,Not selected,25015-0,138,-72.326054,42.328478,,boundary vertex
Map,Hampshire,25015,Not selected,25015-0,139,-72.324865,42.33082,,boundary vertex
Map,Hampshire,25015,Not selected,25015-0,140,-72.322724,42.331039,,boundary vertex
Map,Hampshire,25015,Not selected,25015-0,141,-72.323165,42.333523,,boundary vertex
Map,Hampshire,25015,Not selected,25015-0,142,-72.317631,42.339626,,boundary vertex
Map,Hampshire,25015,Not selected,25015-0,143,-72.315055,42.339411,,boundary vertex
Map,Hampshire,25015,Not selected,25015-0,144,-72.314924,42.342645,,boundary vertex
Map,Hampshire,25015,Not selected,25015-0,145,-72.314253,42.343688,,boundary vertex
Map,Hampshire,25015,Not selected,25015-0,146,-72.312176,42.342802,,boundary vertex
Map,Hampshire,25015,Not selected,25015-0,147,-72.309409,42.343761,,boundary vertex
Map,Hampshire,25015,Not selected,25015-0,148,-72.308788,42.344891,,boundary vertex
Map,Hampshire,25015,Not selected,25015-0,149,-72.306804,42.344282,,boundary vertex
Map,Hampshire,25015,Not selected,25015-0,150,-72.306143,42.346127,,boundary vertex
Map,Hampshire,25015,Not selected,25015-0,151,-72.303753,42.345757,,boundary vertex
Map,Hampshire,25015,Not selected,25015-0,152,-72.301397,42.348229,,boundary vertex
Map,Hampshire,25015,Not selected,25015-0,153,-72.298744,42.349322,,boundary vertex
Map,Hampshire,25015,Not selected,25015-0,154,-72.296709,42.349369,,boundary vertex
Map,Hampshire,25015,Not selected,25015-0,155,-72.295389,42.350569,,boundary vertex
Map,Hampshire,25015,Not selected,25015-0,156,-72.291333,42.351736,,boundary vertex
Map,Hampshire,25015,Not selected,25015-0,157,-72.288734,42.352024,,boundary vertex
Map,Hampshire,25015,Not selected,25015-0,158,-72.288559,42.352078,,boundary vertex
Map,Hampshire,25015,Not selected,25015-0,159,-72.284231,42.35201,,boundary vertex
Map,Hampshire,25015,Not selected,25015-0,160,-72.281382,42.336127,,boundary vertex
Map,Hampshire,25015,Not selected,25015-0,161,-72.278491,42.336465,,boundary vertex
Map,Hampshire,25015,Not selected,25015-0,162,-72.277079,42.329405,,boundary vertex
Map,Hampshire,25015,Not selected,25015-0,163,-72.280003,42.329091,,boundary vertex
Map,Hampshire,25015,Not selected,25015-0,164,-72.274639,42.301963,,boundary vertex
Map,Hampshire,25015,Not selected,25015-0,165,-72.268653,42.303524,,boundary vertex
Map,Hampshire,25015,Not selected,25015-0,166,-72.261922,42.305258,,boundary vertex
Map,Hampshire,25015,Not selected,25015-0,167,-72.261545,42.303331,,boundary vertex
Map,Hampshire,25015,Not selected,25015-0,168,-72.244543,42.306033,,boundary vertex
Map,Hampshire,25015,Not selected,25015-0,169,-72.232935,42.307875,,boundary vertex
Map,Hampshire,25015,Not selected,25015-0,170,-72.210795,42.31138,,boundary vertex
Map,Hampshire,25015,Not selected,25015-0,171,-72.212144,42.310218,,boundary vertex
Map,Hampshire,25015,Not selected,25015-0,172,-72.212852,42.307566,,boundary vertex
Map,Hampshire,25015,Not selected,25015-0,173,-72.213067,42.303809,,boundary vertex
Map,Hampshire,25015,Not selected,25015-0,174,-72.212775,42.301514,,boundary vertex
Map,Hampshire,25015,Not selected,25015-0,175,-72.216262,42.299307,,boundary vertex
Map,Hampshire,25015,Not selected,25015-0,176,-72.216745,42.294056,,boundary vertex
Map,Hampshire,25015,Not selected,25015-0,177,-72.213973,42.294257,,boundary vertex
Map,Hampshire,25015,Not selected,25015-0,178,-72.210798,42.294479,,boundary vertex
Map,Hampshire,25015,Not selected,25015-0,179,-72.203281,42.291182,,boundary vertex
Map,Hampshire,25015,Not selected,25015-0,180,-72.203957,42.288878,,boundary vertex
Map,Hampshire,25015,Not selected,25015-0,181,-72.207109,42.285246,,boundary vertex
Map,Hampshire,25015,Not selected,25015-0,182,-72.212043,42.282652,,boundary vertex
Map,Hampshire,25015,Not selected,25015-0,183,-72.212779,42.269805,,boundary vertex
Map,Hampshire,25015,Not selected,25015-0,184,-72.217649,42.270172,,boundary vertex
Map,Hampshire,25015,Not selected,25015-0,185,-72.21757,42.268198,,boundary vertex
Map,Hampshire,25015,Not selected,25015-0,186,-72.216514,42.259648,,boundary vertex
Map,Hampshire,25015,Not selected,25015-0,187,-72.216091,42.256197,,boundary vertex
Map,Hampshire,25015,Not selected,25015-0,188,-72.211101,42.255677,,boundary vertex
Map,Hampshire,25015,Not selected,25015-0,189,-72.211079,42.251262,,boundary vertex
Map,Hampshire,25015,Not selected,25015-0,190,-72.21046,42.247205,,boundary vertex
Map,Hampshire,25015,Not selected,25015-0,191,-72.214584,42.247571,,boundary vertex
Map,Hampshire,25015,Not selected,25015-0,192,-72.214821,42.249041,,boundary vertex
Map,Hampshire,25015,Not selected,25015-0,193,-72.218068,42.248605,,boundary vertex
Map,Hampshire,25015,Not selected,25015-0,194,-72.221218,42.245252,,boundary vertex
Map,Hampshire,25015,Not selected,25015-0,195,-72.247013,42.242094,,boundary vertex
Map,Hampshire,25015,Not selected,25015-0,196,-72.249755,42.239017,,boundary vertex
Map,Hampshire,25015,Not selected,25015-0,197,-72.257614,42.229874,,boundary vertex
Map,Hampshire,25015,Not selected,25015-0,198,-72.268231,42.229311,,boundary vertex
Map,Hampshire,25015,Not selected,25015-0,199,-72.270548,42.237126,,boundary vertex
Map,Hampshire,25015,Not selected,25015-0,200,-72.271439,42.236368,,boundary vertex
Map,Hampshire,25015,Not selected,25015-0,201,-72.273772,42.235847,,boundary vertex
Map,Hampshire,25015,Not selected,25015-0,202,-72.27767,42.233103,,boundary vertex
Map,Hampshire,25015,Not selected,25015-0,203,-72.281295,42.23502,,boundary vertex
Map,Hampshire,25015,Not selected,25015-0,204,-72.294493,42.231433,,boundary vertex
Map,Hampshire,25015,Not selected,25015-0,205,-72.335968,42.220159,,boundary vertex
Map,Hampshire,25015,Not selected,25015-0,206,-72.33632,42.219545,,boundary vertex
Map,Hampshire,25015,Not selected,25015-0,207,-72.34168,42.219232,,boundary vertex
Map,Hampshire,25015,Not selected,25015-0,208,-72.343207,42.21865,,boundary vertex
Map,Hampshire,25015,Not selected,25015-0,209,-72.346193,42.215978,,boundary vertex
Map,Hampshire,25015,Not selected,25015-0,210,-72.34554,42.213161,,boundary vertex
Map,Hampshire,25015,Not selected,25015-0,211,-72.346547,42.210787,,boundary vertex
Map,Hampshire,25015,Not selected,25015-0,212,-72.347394,42.21014,,boundary vertex
Map,Hampshire,25015,Not selected,25015-0,213,-72.349305,42.210215,,boundary vertex
Map,Hampshire,25015,Not selected,25015-0,214,-72.350369,42.208526,,boundary vertex
Map,Hampshire,25015,Not selected,25015-0,215,-72.352323,42.207014,,boundary vertex
Map,Hampshire,25015,Not selected,25015-0,216,-72.353714,42.207015,,boundary vertex
Map,Hampshire,25015,Not selected,25015-0,217,-72.355018,42.208854,,boundary vertex
Map,Hampshire,25015,Not selected,25015-0,218,-72.357338,42.209003,,boundary vertex
Map,Hampshire,25015,Not selected,25015-0,219,-72.359038,42.206512,,boundary vertex
Map,Hampshire,25015,Not selected,25015-0,220,-72.361477,42.205424,,boundary vertex
Map,Hampshire,25015,Not selected,25015-0,221,-72.363292,42.206029,,boundary vertex
Map,Hampshire,25015,Not selected,25015-0,222,-72.361991,42.207328,,boundary vertex
Map,Hampshire,25015,Not selected,25015-0,223,-72.364667,42.20726,,boundary vertex
Map,Hampshire,25015,Not selected,25015-0,224,-72.364979,42.206693,,boundary vertex
Map,Hampshire,25015,Not selected,25015-0,225,-72.364603,42.203149,,boundary vertex
Map,Hampshire,25015,Not selected,25015-0,226,-72.363477,42.20204,,boundary vertex
Map,Hampshire,25015,Not selected,25015-0,227,-72.362646,42.198522,,boundary vertex
Map,Hampshire,25015,Not selected,25015-0,228,-72.363853,42.197955,,boundary vertex
Map,Hampshire,25015,Not selected,25015-0,229,-72.363529,42.197018,,boundary vertex
Map,Hampshire,25015,Not selected,25015-0,230,-72.360999,42.197257,,boundary vertex
Map,Hampshire,25015,Not selected,25015-0,231,-72.359859,42.196321,,boundary vertex
Map,Hampshire,25015,Not selected,25015-0,232,-72.359384,42.194251,,boundary vertex
Map,Hampshire,25015,Not selected,25015-0,233,-72.361275,42.194629,,boundary vertex
Map,Hampshire,25015,Not selected,25015-0,234,-72.361667,42.193485,,boundary vertex
Map,Hampshire,25015,Not selected,25015-0,235,-72.360159,42.190145,,boundary vertex
Map,Hampshire,25015,Not selected,25015-0,236,-72.358219,42.189802,,boundary vertex
Map,Hampshire,25015,Not selected,25015-0,237,-72.360766,42.189522,,boundary vertex
Map,Hampshire,25015,Not selected,25015-0,238,-72.395478,42.185737,,boundary vertex
Map,Hampshire,25015,Not selected,25015-0,239,-72.402922,42.226276,,boundary vertex
Map,Hampshire,25015,Not selected,25015-0,240,-72.403947,42.231847,,boundary vertex
Map,Hampshire,25015,Not selected,25015-0,241,-72.44712,42.227254,,boundary vertex
Map,Hampshire,25015,Not selected,25015-0,242,-72.478335,42.223811,,boundary vertex
Map,Hampshire,25015,Not selected,25015-0,243,-72.498062,42.221634,,boundary vertex
Map,Hampshire,25015,Not selected,25015-0,244,-72.52429,42.218734,,boundary vertex
Map,Hampshire,25015,Not selected,25015-0,245,-72.541264,42.216987,,boundary vertex
Map,Hampshire,25015,Not selected,25015-0,246,-72.546356,42.216489,,boundary vertex
Map,Hampshire,25015,Not selected,25015-0,247,-72.572202,42.213804,,boundary vertex
Map,Hampshire,25015,Not selected,25015-0,248,-72.593448,42.211557,,boundary vertex
Map,Hampshire,25015,Not selected,25015-0,249,-72.595802,42.211799,,boundary vertex
Map,Hampshire,25015,Not selected,25015-0,250,-72.596166,42.211786,,boundary vertex
Map,Hampshire,25015,Not selected,25015-0,251,-72.603803,42.213867,,boundary vertex
Map,Hampshire,25015,Not selected,25015-0,252,-72.607926,42.21623,,boundary vertex
Map,Hampshire,25015,Not selected,25015-0,253,-72.610749,42.21942,,boundary vertex
Map,Hampshire,25015,Not selected,25015-0,254,-72.611633,42.222772,,boundary vertex
Map,Hampshire,25015,Not selected,25015-0,255,-72.613564,42.225582,,boundary vertex
Map,Hampshire,25015,Not selected,25015-0,256,-72.615127,42.22681,,boundary vertex
Map,Hampshire,25015,Not selected,25015-0,257,-72.622463,42.230211,,boundary vertex
Map,Hampshire,25015,Not selected,25015-0,258,-72.623191,42.230911,,boundary vertex
Map,Hampshire,25015,Not selected,25015-0,259,-72.623656,42.231656,,boundary vertex
Map,Hampshire,25015,Not selected,25015-0,260,-72.624032,42.235359,,boundary vertex
Map,Hampshire,25015,Not selected,25015-0,261,-72.621342,42.24182,,boundary vertex
Map,Hampshire,25015,Not selected,25015-0,262,-72.618009,42.248369,,boundary vertex
Map,Hampshire,25015,Not selected,25015-0,263,-72.615071,42.252014,,boundary vertex
Map,Hampshire,25015,Not selected,25015-0,264,-72.611555,42.256913,,boundary vertex
Map,Hampshire,25015,Not selected,25015-0,265,-72.607781,42.26058,,boundary vertex
Map,Hampshire,25015,Not selected,25015-0,266,-72.600232,42.265385,,boundary vertex
Map,Hampshire,25015,Not selected,25015-0,267,-72.599173,42.267381,,boundary vertex
Map,Hampshire,25015,Not selected,25015-0,268,-72.598816,42.269902,,boundary vertex
Map,Hampshire,25015,Not selected,25015-0,269,-72.599364,42.275336,,boundary vertex
Map,Hampshire,25015,Not selected,25015-0,270,-72.600376,42.277393,,boundary vertex
Map,Hampshire,25015,Not selected,25015-0,271,-72.601209,42.281259,,boundary vertex
Map,Hampshire,25015,Not selected,25015-0,272,-72.605232,42.284463,,boundary vertex
Map,Hampshire,25015,Not selected,25015-0,273,-72.609948,42.285224,,boundary vertex
Map,Hampshire,25015,Not selected,25015-0,274,-72.612007,42.285573,,boundary vertex
Map,Hampshire,25015,Not selected,25015-0,275,-72.613138,42.286265,,boundary vertex
Map,Hampshire,25015,Not selected,25015-0,276,-72.634585,42.273943,,boundary vertex
Map,Hampshire,25015,Not selected,25015-0,277,-72.651842,42.237639,,boundary vertex
Map,Hampshire,25015,Not selected,25015-0,278,-72.656536,42.227739,,boundary vertex
Map,Hampshire,25015,Not selected,25015-0,279,-72.66777,42.225456,,boundary vertex
Map,Hampshire,25015,Not selected,25015-0,280,-72.670033,42.216504,,boundary vertex
Map,Hampshire,25015,Not selected,25015-0,281,-72.690515,42.213076,,boundary vertex
Map,Hampshire,25015,Not selected,25015-0,282,-72.686245,42.188829,,boundary vertex
Map,Hampshire,25015,Not selected,25015-0,283,-72.686861,42.18339,,boundary vertex
Map,Hampshire,25015,Not selected,25015-0,284,-72.703391,42.186279,,boundary vertex
Map,Hampshire,25015,Not selected,25015-0,285,-72.726096,42.190207,,boundary vertex
Map,Hampshire,25015,Not selected,25015-0,286,-72.766556,42.197235,,boundary vertex
Map,Hampshire,25015,Not selected,25015-0,287,-72.781039,42.199749,,boundary vertex
Map,Hampshire,25015,Not selected,25015-0,288,-72.782111,42.217271,,boundary vertex
Map,Hampshire,25015,Not selected,25015-0,289,-72.791987,42.217302,,boundary vertex
Map,Hampshire,25015,Not selected,25015-0,290,-72.793292,42.235274,,boundary vertex
Map,Hampshire,25015,Not selected,25015-0,291,-72.793414,42.236854,,boundary vertex
Map,Hampshire,25015,Not selected,25015-0,292,-72.812576,42.234954,,boundary vertex
Map,Hampshire,25015,Not selected,25015-0,293,-72.813422,42.245004,,boundary vertex
Map,Hampshire,25015,Not selected,25015-0,294,-72.856671,42.240579,,boundary vertex
Map,Hampshire,25015,Not selected,25015-0,295,-72.857634,42.24048,,boundary vertex
Map,Hampshire,25015,Not selected,25015-0,296,-72.864279,42.232266,,boundary vertex
Map,Hampshire,25015,Not selected,25015-0,297,-72.86847,42.223657,,boundary vertex
Map,Hampshire,25015,Not selected,25015-0,298,-72.87218,42.216439,,boundary vertex
Map,Hampshire,25015,Not selected,25015-0,299,-72.912302,42.239133,,boundary vertex
Map,Hampshire,25015,Not selected,25015-0,300,-72.894566,42.253812,,boundary vertex
Map,Hampshire,25015,Not selected,25015-0,301,-72.881183,42.264904,,boundary vertex
Map,Hampshire,25015,Not selected,25015-0,302,-72.880602,42.265382,,boundary vertex
Map,Hampshire,25015,Not selected,25015-0,303,-72.885208,42.332612,,boundary vertex
Map,Hampshire,25015,Not selected,25015-0,304,-72.894788,42.331491,,boundary vertex
Map,Hampshire,25015,Not selected,25015-0,305,-72.895638,42.340702,,boundary vertex
Map,Hampshire,25015,Not selected,25015-0,306,-72.953272,42.34383,,boundary vertex
Map,Hampshire,25015,Not selected,25015-0,307,-72.953825,42.34386,,boundary vertex
Map,Hampshire,25015,Not selected,25015-0,308,-73.000278,42.312597,,boundary vertex
Map,Hampshire,25015,Not selected,25015-0,309,-73.001909,42.311785,,boundary vertex
Map,Hampshire,25015,Not selected,25015-0,310,-73.002193,42.310239,,boundary vertex
Map,Hampshire,25015,Not selected,25015-0,311,-73.00333,42.309785,,boundary vertex
Map,Hampshire,25015,Not selected,25015-0,312,-73.003714,42.307729,,boundary vertex
Map,Hampshire,25015,Not selected,25015-0,313,-73.005809,42.306471,,boundary vertex
Map,Hampshire,25015,Not selected,25015-0,314,-73.005354,42.3052,,boundary vertex
Map,Hampshire,25015,Not selected,25015-0,315,-73.00642,42.304829,,boundary vertex
Map,Hampshire,25015,Not selected,25015-0,316,-73.010249,42.304682,,boundary vertex
Map,Hampshire,25015,Not selected,25015-0,317,-73.012742,42.306767,,boundary vertex
Map,Hampshire,25015,Not selected,25015-0,318,-73.01433,42.309037,,boundary vertex
Map,Hampshire,25015,Not selected,25015-0,319,-73.016535,42.311113,,boundary vertex
Map,Hampshire,25015,Not selected,25015-0,320,-73.018241,42.309005,,boundary vertex
Map,Hampshire,25015,Not selected,25015-0,321,-73.020146,42.308259,,boundary vertex
Map,Hampshire,25015,Not selected,25015-0,322,-73.022073,42.309505,,boundary vertex
Map,Hampshire,25015,Not selected,25015-0,323,-73.02507,42.309093,,boundary vertex
Map,Hampshire,25015,Not selected,25015-0,324,-73.026141,42.308014,,boundary vertex
Map,Hampshire,25015,Not selected,25015-0,325,-73.029398,42.308568,,boundary vertex
Map,Hampshire,25015,Not selected,25015-0,326,-73.031282,42.309302,,boundary vertex
Map,Hampshire,25015,Not selected,25015-0,327,-73.034163,42.31212,,boundary vertex
Map,Hampshire,25015,Not selected,25015-0,328,-73.036127,42.313562,,boundary vertex
Map,Hampshire,25015,Not selected,25015-0,329,-73.038954,42.314955,,boundary vertex
Map,Hampshire,25015,Not selected,25015-0,330,-73.039629,42.318631,,boundary vertex
Map,Hampshire,25015,Not selected,25015-0,331,-73.040752,42.320183,,boundary vertex
Map,Hampshire,25015,Not selected,25015-0,332,-73.045445,42.319396,,boundary vertex
Map,Hampshire,25015,Not selected,25015-0,333,-73.046675,42.320745,,boundary vertex
Map,Hampshire,25015,Not selected,25015-0,334,-73.049016,42.321418,,boundary vertex
Map,Hampshire,25015,Not selected,25015-0,335,-73.052656,42.324289,,boundary vertex
Map,Hampshire,25015,Not selected,25015-0,336,-73.056766,42.325945,,boundary vertex
Map,Hampshire,25015,Not selected,25015-0,337,-73.062886,42.328951,,boundary vertex
Map,Hampshire,25015,Not selected,25015-0,338,-73.064288,42.339732,,boundary vertex
Map,Hampshire,25015,Not selected,25015-0,339,-73.068508,42.38072,,boundary vertex
Map,Hampshire,25015,Not selected,25015-0,340,-73.065772,42.389111,,boundary vertex
Map,Middlesex,25017,Not selected,25017-0,0,-71.89877002948,42.7114218822193,,boundary vertex
Map,Middlesex,25017,Not selected,25017-0,1,-71.8238024745524,42.7093952338362,,boundary vertex
Map,Middlesex,25017,Not selected,25017-0,2,-71.8053900684015,42.7088974788648,,boundary vertex
Map,Middlesex,25017,Not selected,25017-0,3,-71.7725568791756,42.708009877156,,boundary vertex
Map,Middlesex,25017,Not selected,25017-0,4,-71.745817,42.707287,,boundary vertex
Map,Middlesex,25017,Not selected,25017-0,5,-71.7268565049543,42.7068719910348,,boundary vertex
Map,Middlesex,25017,Not selected,25017-0,6,-71.7013916601883,42.706314614297,,boundary vertex
Map,Middlesex,25017,Not selected,25017-0,7,-71.6723850899704,42.7056797159643,,boundary vertex
Map,Middlesex,25017,Not selected,25017-0,8,-71.6518259158306,42.705229714972,,boundary vertex
Map,Middlesex,25017,Not selected,25017-0,9,-71.636214,42.704888,,boundary vertex
Map,Middlesex,25017,Not selected,25017-0,10,-71.631814,42.704788,,boundary vertex
Map,Middlesex,25017,Not selected,25017-0,11,-71.6306223191203,42.7047597596236,,boundary vertex
Map,Middlesex,25017,Not selected,25017-0,12,-71.6197896004541,42.7045030465579,,boundary vertex
Map,Middlesex,25017,Not selected,25017-0,13,-71.5673092780746,42.7032593712751,,boundary vertex
Map,Middlesex,25017,Not selected,25017-0,14,-71.5426896188347,42.702675936184,,boundary vertex
Map,Middlesex,25017,Not selected,25017-0,15,-71.5425377313421,42.702672336764,,boundary vertex
Map,Middlesex,25017,Not selected,25017-0,16,-71.4881010212958,42.7013822991329,,boundary vertex
Map,Middlesex,25017,Not selected,25017-0,17,-71.488035032966,42.7013807353457,,boundary vertex
Map,Middlesex,25017,Not selected,25017-0,18,-71.467553246573,42.7008953592976,,boundary vertex
Map,Middlesex,25017,Not selected,25017-0,19,-71.457687763627,42.7006615677213,,boundary vertex
Map,Middlesex,25017,Not selected,25017-0,20,-71.4517143448072,42.7005200100288,,boundary vertex
Map,Middlesex,25017,Not selected,25017-0,21,-71.4491741670486,42.7004598130607,,boundary vertex
Map,Middlesex,25017,Not selected,25017-0,22,-71.4323540138531,42.700061210159,,boundary vertex
Map,Middlesex,25017,Not selected,25017-0,23,-71.432335697233,42.7000607760929,,boundary vertex
Map,Middlesex,25017,Not selected,25017-0,24,-71.3881948332448,42.6990147287553,,boundary vertex
Map,Middlesex,25017,Not selected,25017-0,25,-71.3869430269232,42.6989850635301,,boundary vertex
Map,Middlesex,25017,Not selected,25017-0,26,-71.3697250416668,42.69857703283,,boundary vertex
Map,Middlesex,25017,Not selected,25017-0,27,-71.367434834859,42.6985227596573,,boundary vertex
Map,Middlesex,25017,Not selected,25017-0,28,-71.3651866518468,42.6984694823618,,boundary vertex
Map,Middlesex,25017,Not selected,25017-0,29,-71.351874,42.698154,,boundary vertex
Map,Middlesex,25017,Not selected,25017-0,30,-71.3517972926831,42.6981505873245,,boundary vertex
Map,Middlesex,25017,Not selected,25017-0,31,-71.3516242384972,42.6981428882182,,boundary vertex
Map,Middlesex,25017,Not selected,25017-0,32,-71.3303306369927,42.6971955450462,,boundary vertex
Map,Middlesex,25017,Not selected,25017-0,33,-71.330206,42.69719,,boundary vertex
Map,Middlesex,25017,Not selected,25017-0,34,-71.3134922158094,42.6970971482225,,boundary vertex
Map,Middlesex,25017,Not selected,25017-0,35,-71.313446645429,42.6970968950608,,boundary vertex
Map,Middlesex,25017,Not selected,25017-0,36,-71.294205,42.69699,,boundary vertex
Map,Middlesex,25017,Not selected,25017-0,37,-71.2888325141297,42.7020079777689,,boundary vertex
Map,Middlesex,25017,Not selected,25017-0,38,-71.278929,42.711258,,boundary vertex
Map,Middlesex,25017,Not selected,25017-0,39,-71.2785168854597,42.7118049938274,,boundary vertex
Map,Middlesex,25017,Not selected,25017-0,40,-71.2754068854342,42.7159328530776,,boundary vertex
Map,Middlesex,25017,Not selected,25017-0,41,-71.267905,42.72589,,boundary vertex
Map,Middlesex,25017,Not selected,25017-0,42,-71.2663745651487,42.7271963443499,,boundary vertex
Map,Middlesex,25017,Not selected,25017-0,43,-71.255605,42.736389,,boundary vertex
Map,Middlesex,25017,Not selected,25017-0,44,-71.2551987703894,42.7366383439844,,boundary vertex
Map,Middlesex,25017,Not selected,25017-0,45,-71.255147,42.736554,,boundary vertex
Map,Middlesex,25017,Not selected,25017-0,46,-71.251236,42.721222,,boundary vertex
Map,Middlesex,25017,Not selected,25017-0,47,-71.247913,42.708119,,boundary vertex
Map,Middlesex,25017,Not selected,25017-0,48,-71.245937,42.700309,,boundary vertex
Map,Middlesex,25017,Not selected,25017-0,49,-71.244272,42.693746,,boundary vertex
Map,Middlesex,25017,Not selected,25017-0,50,-71.238434,42.670763,,boundary vertex
Map,Middlesex,25017,Not selected,25017-0,51,-71.238179,42.669419,,boundary vertex
Map,Middlesex,25017,Not selected,25017-0,52,-71.240397,42.66673,,boundary vertex
Map,Middlesex,25017,Not selected,25017-0,53,-71.24249,42.662346,,boundary vertex
Map,Middlesex,25017,Not selected,25017-0,54,-71.244172,42.661514,,boundary vertex
Map,Middlesex,25017,Not selected,25017-0,55,-71.250112,42.660987,,boundary vertex
Map,Middlesex,25017,Not selected,25017-0,56,-71.251716,42.660332,,boundary vertex
Map,Middlesex,25017,Not selected,25017-0,57,-71.254966,42.657775,,boundary vertex
Map,Middlesex,25017,Not selected,25017-0,58,-71.256188,42.657145,,boundary vertex
Map,Middlesex,25017,Not selected,25017-0,59,-71.239065,42.648915,,boundary vertex
Map,Middlesex,25017,Not selected,25017-0,60,-71.229261,42.644207,,boundary vertex
Map,Middlesex,25017,Not selected,25017-0,61,-71.198951,42.629652,,boundary vertex
Map,Middlesex,25017,Not selected,25017-0,62,-71.176213,42.618724,,boundary vertex
Map,Middlesex,25017,Not selected,25017-0,63,-71.175996,42.618621,,boundary vertex
Map,Middlesex,25017,Not selected,25017-0,64,-71.171758,42.616545,,boundary vertex
Map,Middlesex,25017,Not selected,25017-0,65,-71.17296,42.615012,,boundary vertex
Map,Middlesex,25017,Not selected,25017-0,66,-71.176116,42.614611,,boundary vertex
Map,Middlesex,25017,Not selected,25017-0,67,-71.178388,42.610799,,boundary vertex
Map,Middlesex,25017,Not selected,25017-0,68,-71.177495,42.608958,,boundary vertex
Map,Middlesex,25017,Not selected,25017-0,69,-71.182023,42.608431,,boundary vertex
Map,Middlesex,25017,Not selected,25017-0,70,-71.181349,42.608373,,boundary vertex
Map,Middlesex,25017,Not selected,25017-0,71,-71.164879,42.598021,,boundary vertex
Map,Middlesex,25017,Not selected,25017-0,72,-71.163909,42.601852,,boundary vertex
Map,Middlesex,25017,Not selected,25017-0,73,-71.160667,42.605318,,boundary vertex
Map,Middlesex,25017,Not selected,25017-0,74,-71.159517,42.607659,,boundary vertex
Map,Middlesex,25017,Not selected,25017-0,75,-71.158617,42.612948,,boundary vertex
Map,Middlesex,25017,Not selected,25017-0,76,-71.156564,42.614977,,boundary vertex
Map,Middlesex,25017,Not selected,25017-0,77,-71.154419,42.615268,,boundary vertex
Map,Middlesex,25017,Not selected,25017-0,78,-71.148653,42.613168,,boundary vertex
Map,Middlesex,25017,Not selected,25017-0,79,-71.145942,42.608335,,boundary vertex
Map,Middlesex,25017,Not selected,25017-0,80,-71.143197,42.604039,,boundary vertex
Map,Middlesex,25017,Not selected,25017-0,81,-71.141203,42.603207,,boundary vertex
Map,Middlesex,25017,Not selected,25017-0,82,-71.135456,42.599116,,boundary vertex
Map,Middlesex,25017,Not selected,25017-0,83,-71.12136,42.60028,,boundary vertex
Map,Middlesex,25017,Not selected,25017-0,84,-71.110996,42.601164,,boundary vertex
Map,Middlesex,25017,Not selected,25017-0,85,-71.089365,42.603007,,boundary vertex
Map,Middlesex,25017,Not selected,25017-0,86,-71.076167,42.604136,,boundary vertex
Map,Middlesex,25017,Not selected,25017-0,87,-71.058766,42.609077,,boundary vertex
Map,Middlesex,25017,Not selected,25017-0,88,-71.059352,42.606327,,boundary vertex
Map,Middlesex,25017,Not selected,25017-0,89,-71.057425,42.604744,,boundary vertex
Map,Middlesex,25017,Not selected,25017-0,90,-71.033998,42.585493,,boundary vertex
Map,Middlesex,25017,Not selected,25017-0,91,-71.028312,42.574082,,boundary vertex
Map,Middlesex,25017,Not selected,25017-0,92,-71.03098,42.572654,,boundary vertex
Map,Middlesex,25017,Not selected,25017-0,93,-71.03546,42.570259,,boundary vertex
Map,Middlesex,25017,Not selected,25017-0,94,-71.036665,42.571649,,boundary vertex
Map,Middlesex,25017,Not selected,25017-0,95,-71.037663,42.571164,,boundary vertex
Map,Middlesex,25017,Not selected,25017-0,96,-71.040098,42.571589,,boundary vertex
Map,Middlesex,25017,Not selected,25017-0,97,-71.041532,42.57349,,boundary vertex
Map,Middlesex,25017,Not selected,25017-0,98,-71.044281,42.573877,,boundary vertex
Map,Middlesex,25017,Not selected,25017-0,99,-71.044681,42.572949,,boundary vertex
Map,Middlesex,25017,Not selected,25017-0,100,-71.049753,42.571091,,boundary vertex
Map,Middlesex,25017,Not selected,25017-0,101,-71.051873,42.572115,,boundary vertex
Map,Middlesex,25017,Not selected,25017-0,102,-71.052724,42.571647,,boundary vertex
Map,Middlesex,25017,Not selected,25017-0,103,-71.053006,42.572994,,boundary vertex
Map,Middlesex,25017,Not selected,25017-0,104,-71.057199,42.573961,,boundary vertex
Map,Middlesex,25017,Not selected,25017-0,105,-71.064937,42.562116,,boundary vertex
Map,Middlesex,25017,Not selected,25017-0,106,-71.070978,42.555889,,boundary vertex
Map,Middlesex,25017,Not selected,25017-0,107,-71.07515,42.531035,,boundary vertex
Map,Middlesex,25017,Not selected,25017-0,108,-71.067267,42.524983,,boundary vertex
Map,Middlesex,25017,Not selected,25017-0,109,-71.066354,42.52481,,boundary vertex
Map,Middlesex,25017,Not selected,25017-0,110,-71.065855,42.524828,,boundary vertex
Map,Middlesex,25017,Not selected,25017-0,111,-71.061963,42.524299,,boundary vertex
Map,Middlesex,25017,Not selected,25017-0,112,-71.060673,42.525227,,boundary vertex
Map,Middlesex,25017,Not selected,25017-0,113,-71.058721,42.523745,,boundary vertex
Map,Middlesex,25017,Not selected,25017-0,114,-71.057513,42.524173,,boundary vertex
Map,Middlesex,25017,Not selected,25017-0,115,-71.040983,42.526262,,boundary vertex
Map,Middlesex,25017,Not selected,25017-0,116,-71.038599,42.52396,,boundary vertex
Map,Middlesex,25017,Not selected,25017-0,117,-71.040913,42.521718,,boundary vertex
Map,Middlesex,25017,Not selected,25017-0,118,-71.040989,42.519847,,boundary vertex
Map,Middlesex,25017,Not selected,25017-0,119,-71.040108,42.517237,,boundary vertex
Map,Middlesex,25017,Not selected,25017-0,120,-71.038302,42.516262,,boundary vertex
Map,Middlesex,25017,Not selected,25017-0,121,-71.039483,42.514536,,boundary vertex
Map,Middlesex,25017,Not selected,25017-0,122,-71.036556,42.512435,,boundary vertex
Map,Middlesex,25017,Not selected,25017-0,123,-71.036633,42.511766,,boundary vertex
Map,Middlesex,25017,Not selected,25017-0,124,-71.036946,42.510421,,boundary vertex
Map,Middlesex,25017,Not selected,25017-0,125,-71.0349,42.506758,,boundary vertex
Map,Middlesex,25017,Not selected,25017-0,126,-71.035839,42.505192,,boundary vertex
Map,Middlesex,25017,Not selected,25017-0,127,-71.038721,42.50272,,boundary vertex
Map,Middlesex,25017,Not selected,25017-0,128,-71.042229,42.502343,,boundary vertex
Map,Middlesex,25017,Not selected,25017-0,129,-71.043774,42.501199,,boundary vertex
Map,Middlesex,25017,Not selected,25017-0,130,-71.042087,42.498271,,boundary vertex
Map,Middlesex,25017,Not selected,25017-0,131,-71.040325,42.496712,,boundary vertex
Map,Middlesex,25017,Not selected,25017-0,132,-71.039908,42.495949,,boundary vertex
Map,Middlesex,25017,Not selected,25017-0,133,-71.041859,42.493292,,boundary vertex
Map,Middlesex,25017,Not selected,25017-0,134,-71.045209,42.48872,,boundary vertex
Map,Middlesex,25017,Not selected,25017-0,135,-71.046949,42.487964,,boundary vertex
Map,Middlesex,25017,Not selected,25017-0,136,-71.050252,42.486533,,boundary vertex
Map,Middlesex,25017,Not selected,25017-0,137,-71.052629,42.486057,,boundary vertex
Map,Middlesex,25017,Not selected,25017-0,138,-71.054214,42.476903,,boundary vertex
Map,Middlesex,25017,Not selected,25017-0,139,-71.053365,42.475925,,boundary vertex
Map,Middlesex,25017,Not selected,25017-0,140,-71.047778,42.469593,,boundary vertex
Map,Middlesex,25017,Not selected,25017-0,141,-71.046949,42.468653,,boundary vertex
Map,Middlesex,25017,Not selected,25017-0,142,-71.041591,42.462576,,boundary vertex
Map,Middlesex,25017,Not selected,25017-0,143,-71.039968,42.460735,,boundary vertex
Map,Middlesex,25017,Not selected,25017-0,144,-71.027572,42.446678,,boundary vertex
Map,Middlesex,25017,Not selected,25017-0,145,-71.025836,42.444709,,boundary vertex
Map,Middlesex,25017,Not selected,25017-0,146,-71.024996,42.443715,,boundary vertex
Map,Middlesex,25017,Not selected,25017-0,147,-71.020377,42.43825,,boundary vertex
Map,Middlesex,25017,Not selected,25017-0,148,-71.021005,42.437117,,boundary vertex
Map,Middlesex,25017,Not selected,25017-0,149,-71.021348,42.436505,,boundary vertex
Map,Middlesex,25017,Not selected,25017-0,150,-71.023002,42.433521,,boundary vertex
Map,Middlesex,25017,Not selected,25017-0,151,-71.023036,42.43346,,boundary vertex
Map,Middlesex,25017,Not selected,25017-0,152,-71.024088,42.431582,,boundary vertex
Map,Middlesex,25017,Not selected,25017-0,153,-71.028227,42.424202,,boundary vertex
Map,Middlesex,25017,Not selected,25017-0,154,-71.029319,42.421877,,boundary vertex
Map,Middlesex,25017,Not selected,25017-0,155,-71.031086,42.418782,,boundary vertex
Map,Middlesex,25017,Not selected,25017-0,156,-71.031729,42.417392,,boundary vertex
Map,Middlesex,25017,Not selected,25017-0,157,-71.032566,42.415533,,boundary vertex
Map,Middlesex,25017,Not selected,25017-0,158,-71.033181,42.414206,,boundary vertex
Map,Middlesex,25017,Not selected,25017-0,159,-71.033442,42.41338,,boundary vertex
Map,Middlesex,25017,Not selected,25017-0,160,-71.03491,42.410876,,boundary vertex
Map,Middlesex,25017,Not selected,25017-0,161,-71.035629,42.409641,,boundary vertex
Map,Middlesex,25017,Not selected,25017-0,162,-71.037097,42.407315,,boundary vertex
Map,Middlesex,25017,Not selected,25017-0,163,-71.037743,42.406318,,boundary vertex
Map,Middlesex,25017,Not selected,25017-0,164,-71.039075,42.404263,,boundary vertex
Map,Middlesex,25017,Not selected,25017-0,165,-71.039487,42.403626,,boundary vertex
Map,Middlesex,25017,Not selected,25017-0,166,-71.040568,42.401982,,boundary vertex
Map,Middlesex,25017,Not selected,25017-0,167,-71.040887,42.401749,,boundary vertex
Map,Middlesex,25017,Not selected,25017-0,168,-71.046148,42.398044,,boundary vertex
Map,Middlesex,25017,Not selected,25017-0,169,-71.046161,42.398035,,boundary vertex
Map,Middlesex,25017,Not selected,25017-0,170,-71.048145,42.396634,,boundary vertex
Map,Middlesex,25017,Not selected,25017-0,171,-71.051945,42.397619,,boundary vertex
Map,Middlesex,25017,Not selected,25017-0,172,-71.053297,42.396178,,boundary vertex
Map,Middlesex,25017,Not selected,25017-0,173,-71.050002,42.393471,,boundary vertex
Map,Middlesex,25017,Not selected,25017-0,174,-71.050695,42.391996,,boundary vertex
Map,Middlesex,25017,Not selected,25017-0,175,-71.055295,42.387097,,boundary vertex
Map,Middlesex,25017,Not selected,25017-0,176,-71.055524,42.387119,,boundary vertex
Map,Middlesex,25017,Not selected,25017-0,177,-71.065695,42.386596,,boundary vertex
Map,Middlesex,25017,Not selected,25017-0,178,-71.070896,42.388996,,boundary vertex
Map,Middlesex,25017,Not selected,25017-0,179,-71.070696,42.389596,,boundary vertex
Map,Middlesex,25017,Not selected,25017-0,180,-71.066997,42.394006,,boundary vertex
Map,Middlesex,25017,Not selected,25017-0,181,-71.066944,42.394755,,boundary vertex
Map,Middlesex,25017,Not selected,25017-0,182,-71.069322,42.394022,,boundary vertex
Map,Middlesex,25017,Not selected,25017-0,183,-71.072696,42.390796,,boundary vertex
Map,Middlesex,25017,Not selected,25017-0,184,-71.073496,42.391796,,boundary vertex
Map,Middlesex,25017,Not selected,25017-0,185,-71.077405,42.386167,,boundary vertex
Map,Middlesex,25017,Not selected,25017-0,186,-71.077638,42.385838,,boundary vertex
Map,Middlesex,25017,Not selected,25017-0,187,-71.078727,42.384306,,boundary vertex
Map,Middlesex,25017,Not selected,25017-0,188,-71.079428,42.38332,,boundary vertex
Map,Middlesex,25017,Not selected,25017-0,189,-71.080932,42.382133,,boundary vertex
Map,Middlesex,25017,Not selected,25017-0,190,-71.080701,42.381039,,boundary vertex
Map,Middlesex,25017,Not selected,25017-0,191,-71.075657,42.380196,,boundary vertex
Map,Middlesex,25017,Not selected,25017-0,192,-71.072689,42.373222,,boundary vertex
Map,Middlesex,25017,Not selected,25017-0,193,-71.072466,42.372658,,boundary vertex
Map,Middlesex,25017,Not selected,25017-0,194,-71.070545,42.372356,,boundary vertex
Map,Middlesex,25017,Not selected,25017-0,195,-71.067115,42.371816,,boundary vertex
Map,Middlesex,25017,Not selected,25017-0,196,-71.064059,42.369001,,boundary vertex
Map,Middlesex,25017,Not selected,25017-0,197,-71.069478,42.369046,,boundary vertex
Map,Middlesex,25017,Not selected,25017-0,198,-71.070575,42.368015,,boundary vertex
Map,Middlesex,25017,Not selected,25017-0,199,-71.070644,42.367949,,boundary vertex
Map,Middlesex,25017,Not selected,25017-0,200,-71.071537,42.36711,,boundary vertex
Map,Middlesex,25017,Not selected,25017-0,201,-71.074792,42.363773,,boundary vertex
Map,Middlesex,25017,Not selected,25017-0,202,-71.075657,42.361613,,boundary vertex
Map,Middlesex,25017,Not selected,25017-0,203,-71.076092,42.36038,,boundary vertex
Map,Middlesex,25017,Not selected,25017-0,204,-71.077952,42.358735,,boundary vertex
Map,Middlesex,25017,Not selected,25017-0,205,-71.085175,42.356333,,boundary vertex
Map,Middlesex,25017,Not selected,25017-0,206,-71.087511,42.355557,,boundary vertex
Map,Middlesex,25017,Not selected,25017-0,207,-71.091235,42.354338,,boundary vertex
Map,Middlesex,25017,Not selected,25017-0,208,-71.093002,42.353894,,boundary vertex
Map,Middlesex,25017,Not selected,25017-0,209,-71.09789,42.35312,,boundary vertex
Map,Middlesex,25017,Not selected,25017-0,210,-71.103032,42.352514,,boundary vertex
Map,Middlesex,25017,Not selected,25017-0,211,-71.104316,42.352403,,boundary vertex
Map,Middlesex,25017,Not selected,25017-0,212,-71.110358,42.352586,,boundary vertex
Map,Middlesex,25017,Not selected,25017-0,213,-71.110589,42.352616,,boundary vertex
Map,Middlesex,25017,Not selected,25017-0,214,-71.113196,42.35311,,boundary vertex
Map,Middlesex,25017,Not selected,25017-0,215,-71.116852,42.355385,,boundary vertex
Map,Middlesex,25017,Not selected,25017-0,216,-71.117165,42.356997,,boundary vertex
Map,Middlesex,25017,Not selected,25017-0,217,-71.116681,42.358736,,boundary vertex
Map,Middlesex,25017,Not selected,25017-0,218,-71.116597,42.359185,,boundary vertex
Map,Middlesex,25017,Not selected,25017-0,219,-71.116704,42.361255,,boundary vertex
Map,Middlesex,25017,Not selected,25017-0,220,-71.116936,42.363677,,boundary vertex
Map,Middlesex,25017,Not selected,25017-0,221,-71.116921,42.364246,,boundary vertex
Map,Middlesex,25017,Not selected,25017-0,222,-71.11723,42.367367,,boundary vertex
Map,Middlesex,25017,Not selected,25017-0,223,-71.11896,42.36876,,boundary vertex
Map,Middlesex,25017,Not selected,25017-0,224,-71.123204,42.368938,,boundary vertex
Map,Middlesex,25017,Not selected,25017-0,225,-71.128203,42.373572,,boundary vertex
Map,Middlesex,25017,Not selected,25017-0,226,-71.130997,42.373892,,boundary vertex
Map,Middlesex,25017,Not selected,25017-0,227,-71.133179,42.372338,,boundary vertex
Map,Middlesex,25017,Not selected,25017-0,228,-71.131762,42.369864,,boundary vertex
Map,Middlesex,25017,Not selected,25017-0,229,-71.132373,42.368891,,boundary vertex
Map,Middlesex,25017,Not selected,25017-0,230,-71.136658,42.366752,,boundary vertex
Map,Middlesex,25017,Not selected,25017-0,231,-71.139892,42.36444,,boundary vertex
Map,Middlesex,25017,Not selected,25017-0,232,-71.143667,42.365081,,boundary vertex
Map,Middlesex,25017,Not selected,25017-0,233,-71.144492,42.364822,,boundary vertex
Map,Middlesex,25017,Not selected,25017-0,234,-71.14717,42.361754,,boundary vertex
Map,Middlesex,25017,Not selected,25017-0,235,-71.148332,42.361119,,boundary vertex
Map,Middlesex,25017,Not selected,25017-0,236,-71.154475,42.360036,,boundary vertex
Map,Middlesex,25017,Not selected,25017-0,237,-71.159746,42.359781,,boundary vertex
Map,Middlesex,25017,Not selected,25017-0,238,-71.161508,42.358972,,boundary vertex
Map,Middlesex,25017,Not selected,25017-0,239,-71.163888,42.358523,,boundary vertex
Map,Middlesex,25017,Not selected,25017-0,240,-71.167625,42.360073,,boundary vertex
Map,Middlesex,25017,Not selected,25017-0,241,-71.169474,42.358047,,boundary vertex
Map,Middlesex,25017,Not selected,25017-0,242,-71.171387,42.356089,,boundary vertex
Map,Middlesex,25017,Not selected,25017-0,243,-71.173935,42.353397,,boundary vertex
Map,Middlesex,25017,Not selected,25017-0,244,-71.174798,42.350265,,boundary vertex
Map,Middlesex,25017,Not selected,25017-0,245,-71.174265,42.349584,,boundary vertex
Map,Middlesex,25017,Not selected,25017-0,246,-71.166699,42.340009,,boundary vertex
Map,Middlesex,25017,Not selected,25017-0,247,-71.16674,42.339854,,boundary vertex
Map,Middlesex,25017,Not selected,25017-0,248,-71.168936,42.338449,,boundary vertex
Map,Middlesex,25017,Not selected,25017-0,249,-71.168886,42.335826,,boundary vertex
Map,Middlesex,25017,Not selected,25017-0,250,-71.167565,42.333441,,boundary vertex
Map,Middlesex,25017,Not selected,25017-0,251,-71.162732,42.333961,,boundary vertex
Map,Middlesex,25017,Not selected,25017-0,252,-71.160917,42.333639,,boundary vertex
Map,Middlesex,25017,Not selected,25017-0,253,-71.157036,42.33039,,boundary vertex
Map,Middlesex,25017,Not selected,25017-0,254,-71.164599,42.324632,,boundary vertex
Map,Middlesex,25017,Not selected,25017-0,255,-71.167348,42.322641,,boundary vertex
Map,Middlesex,25017,Not selected,25017-0,256,-71.169223,42.321994,,boundary vertex
Map,Middlesex,25017,Not selected,25017-0,257,-71.170485,42.321538,,boundary vertex
Map,Middlesex,25017,Not selected,25017-0,258,-71.17172,42.31949,,boundary vertex
Map,Middlesex,25017,Not selected,25017-0,259,-71.173715,42.318051,,boundary vertex
Map,Middlesex,25017,Not selected,25017-0,260,-71.178935,42.314316,,boundary vertex
Map,Middlesex,25017,Not selected,25017-0,261,-71.1698,42.307607,,boundary vertex
Map,Middlesex,25017,Not selected,25017-0,262,-71.16642,42.304747,,boundary vertex
Map,Middlesex,25017,Not selected,25017-0,263,-71.164702,42.30383,,boundary vertex
Map,Middlesex,25017,Not selected,25017-0,264,-71.169808,42.300443,,boundary vertex
Map,Middlesex,25017,Not selected,25017-0,265,-71.178636,42.294595,,boundary vertex
Map,Middlesex,25017,Not selected,25017-0,266,-71.190904,42.283248,,boundary vertex
Map,Middlesex,25017,Not selected,25017-0,267,-71.191247,42.282992,,boundary vertex
Map,Middlesex,25017,Not selected,25017-0,268,-71.190886,42.285823,,boundary vertex
Map,Middlesex,25017,Not selected,25017-0,269,-71.19322,42.288014,,boundary vertex
Map,Middlesex,25017,Not selected,25017-0,270,-71.195268,42.287965,,boundary vertex
Map,Middlesex,25017,Not selected,25017-0,271,-71.195793,42.286196,,boundary vertex
Map,Middlesex,25017,Not selected,25017-0,272,-71.196732,42.286078,,boundary vertex
Map,Middlesex,25017,Not selected,25017-0,273,-71.20159,42.288633,,boundary vertex
Map,Middlesex,25017,Not selected,25017-0,274,-71.202975,42.288574,,boundary vertex
Map,Middlesex,25017,Not selected,25017-0,275,-71.20524,42.289568,,boundary vertex
Map,Middlesex,25017,Not selected,25017-0,276,-71.20635,42.294267,,boundary vertex
Map,Middlesex,25017,Not selected,25017-0,277,-71.207881,42.297157,,boundary vertex
Map,Middlesex,25017,Not selected,25017-0,278,-71.211565,42.29973,,boundary vertex
Map,Middlesex,25017,Not selected,25017-0,279,-71.211253,42.302266,,boundary vertex
Map,Middlesex,25017,Not selected,25017-0,280,-71.211289,42.303106,,boundary vertex
Map,Middlesex,25017,Not selected,25017-0,281,-71.213275,42.306161,,boundary vertex
Map,Middlesex,25017,Not selected,25017-0,282,-71.21819,42.306796,,boundary vertex
Map,Middlesex,25017,Not selected,25017-0,283,-71.220508,42.306407,,boundary vertex
Map,Middlesex,25017,Not selected,25017-0,284,-71.22411,42.3073,,boundary vertex
Map,Middlesex,25017,Not selected,25017-0,285,-71.226688,42.30825,,boundary vertex
Map,Middlesex,25017,Not selected,25017-0,286,-71.226311,42.310284,,boundary vertex
Map,Middlesex,25017,Not selected,25017-0,287,-71.227068,42.312398,,boundary vertex
Map,Middlesex,25017,Not selected,25017-0,288,-71.226286,42.314117,,boundary vertex
Map,Middlesex,25017,Not selected,25017-0,289,-71.227543,42.3154,,boundary vertex
Map,Middlesex,25017,Not selected,25017-0,290,-71.228035,42.316838,,boundary vertex
Map,Middlesex,25017,Not selected,25017-0,291,-71.228256,42.318846,,boundary vertex
Map,Middlesex,25017,Not selected,25017-0,292,-71.230913,42.320727,,boundary vertex
Map,Middlesex,25017,Not selected,25017-0,293,-71.23442,42.320809,,boundary vertex
Map,Middlesex,25017,Not selected,25017-0,294,-71.238421,42.321791,,boundary vertex
Map,Middlesex,25017,Not selected,25017-0,295,-71.240789,42.320898,,boundary vertex
Map,Middlesex,25017,Not selected,25017-0,296,-71.246146,42.321013,,boundary vertex
Map,Middlesex,25017,Not selected,25017-0,297,-71.246799,42.321061,,boundary vertex
Map,Middlesex,25017,Not selected,25017-0,298,-71.24919,42.323638,,boundary vertex
Map,Middlesex,25017,Not selected,25017-0,299,-71.252937,42.326756,,boundary vertex
Map,Middlesex,25017,Not selected,25017-0,300,-71.254594,42.325286,,boundary vertex
Map,Middlesex,25017,Not selected,25017-0,301,-71.257396,42.324482,,boundary vertex
Map,Middlesex,25017,Not selected,25017-0,302,-71.258474,42.3253,,boundary vertex
Map,Middlesex,25017,Not selected,25017-0,303,-71.258999,42.326341,,boundary vertex
Map,Middlesex,25017,Not selected,25017-0,304,-71.263092,42.326052,,boundary vertex
Map,Middlesex,25017,Not selected,25017-0,305,-71.265687,42.327242,,boundary vertex
Map,Middlesex,25017,Not selected,25017-0,306,-71.269958,42.328086,,boundary vertex
Map,Middlesex,25017,Not selected,25017-0,307,-71.28137,42.325226,,boundary vertex
Map,Middlesex,25017,Not selected,25017-0,308,-71.291793,42.322602,,boundary vertex
Map,Middlesex,25017,Not selected,25017-0,309,-71.305981,42.319069,,boundary vertex
Map,Middlesex,25017,Not selected,25017-0,310,-71.317208,42.316257,,boundary vertex
Map,Middlesex,25017,Not selected,25017-0,311,-71.327327,42.313746,,boundary vertex
Map,Middlesex,25017,Not selected,25017-0,312,-71.32975,42.312991,,boundary vertex
Map,Middlesex,25017,Not selected,25017-0,313,-71.326396,42.304402,,boundary vertex
Map,Middlesex,25017,Not selected,25017-0,314,-71.326351,42.304289,,boundary vertex
Map,Middlesex,25017,Not selected,25017-0,315,-71.323662,42.297415,,boundary vertex
Map,Middlesex,25017,Not selected,25017-0,316,-71.321658,42.293894,,boundary vertex
Map,Middlesex,25017,Not selected,25017-0,317,-71.321541,42.293686,,boundary vertex
Map,Middlesex,25017,Not selected,25017-0,318,-71.30846,42.270709,,boundary vertex
Map,Middlesex,25017,Not selected,25017-0,319,-71.305832,42.260081,,boundary vertex
Map,Middlesex,25017,Not selected,25017-0,320,-71.302922,42.248274,,boundary vertex
Map,Middlesex,25017,Not selected,25017-0,321,-71.332496,42.249075,,boundary vertex
Map,Middlesex,25017,Not selected,25017-0,322,-71.332434,42.247729,,boundary vertex
Map,Middlesex,25017,Not selected,25017-0,323,-71.329436,42.245302,,boundary vertex
Map,Middlesex,25017,Not selected,25017-0,324,-71.329772,42.242593,,boundary vertex
Map,Middlesex,25017,Not selected,25017-0,325,-71.330777,42.241051,,boundary vertex
Map,Middlesex,25017,Not selected,25017-0,326,-71.331185,42.237585,,boundary vertex
Map,Middlesex,25017,Not selected,25017-0,327,-71.329695,42.233328,,boundary vertex
Map,Middlesex,25017,Not selected,25017-0,328,-71.331731,42.231437,,boundary vertex
Map,Middlesex,25017,Not selected,25017-0,329,-71.333581,42.230397,,boundary vertex
Map,Middlesex,25017,Not selected,25017-0,330,-71.336746,42.227493,,boundary vertex
Map,Middlesex,25017,Not selected,25017-0,331,-71.341012,42.224472,,boundary vertex
Map,Middlesex,25017,Not selected,25017-0,332,-71.341657,42.221922,,boundary vertex
Map,Middlesex,25017,Not selected,25017-0,333,-71.343166,42.220613,,boundary vertex
Map,Middlesex,25017,Not selected,25017-0,334,-71.340966,42.218108,,boundary vertex
Map,Middlesex,25017,Not selected,25017-0,335,-71.338623,42.216894,,boundary vertex
Map,Middlesex,25017,Not selected,25017-0,336,-71.338505,42.21523,,boundary vertex
Map,Middlesex,25017,Not selected,25017-0,337,-71.339954,42.213873,,boundary vertex
Map,Middlesex,25017,Not selected,25017-0,338,-71.34681,42.215589,,boundary vertex
Map,Middlesex,25017,Not selected,25017-0,339,-71.348316,42.214889,,boundary vertex
Map,Middlesex,25017,Not selected,25017-0,340,-71.349983,42.213951,,boundary vertex
Map,Middlesex,25017,Not selected,25017-0,341,-71.351479,42.211546,,boundary vertex
Map,Middlesex,25017,Not selected,25017-0,342,-71.352156,42.207371,,boundary vertex
Map,Middlesex,25017,Not selected,25017-0,343,-71.3507,42.205783,,boundary vertex
Map,Middlesex,25017,Not selected,25017-0,344,-71.346541,42.204641,,boundary vertex
Map,Middlesex,25017,Not selected,25017-0,345,-71.346815,42.203557,,boundary vertex
Map,Middlesex,25017,Not selected,25017-0,346,-71.34417,42.200703,,boundary vertex
Map,Middlesex,25017,Not selected,25017-0,347,-71.361986,42.195761,,boundary vertex
Map,Middlesex,25017,Not selected,25017-0,348,-71.378391,42.193472,,boundary vertex
Map,Middlesex,25017,Not selected,25017-0,349,-71.384765,42.192014,,boundary vertex
Map,Middlesex,25017,Not selected,25017-0,350,-71.404427,42.188433,,boundary vertex
Map,Middlesex,25017,Not selected,25017-0,351,-71.403139,42.18261,,boundary vertex
Map,Middlesex,25017,Not selected,25017-0,352,-71.402295,42.178794,,boundary vertex
Map,Middlesex,25017,Not selected,25017-0,353,-71.42355,42.178131,,boundary vertex
Map,Middlesex,25017,Not selected,25017-0,354,-71.42373,42.179253,,boundary vertex
Map,Middlesex,25017,Not selected,25017-0,355,-71.426624,42.179312,,boundary vertex
Map,Middlesex,25017,Not selected,25017-0,356,-71.430174,42.179386,,boundary vertex
Map,Middlesex,25017,Not selected,25017-0,357,-71.444067,42.174889,,boundary vertex
Map,Middlesex,25017,Not selected,25017-0,358,-71.464005,42.158199,,boundary vertex
Map,Middlesex,25017,Not selected,25017-0,359,-71.472744,42.156873,,boundary vertex
Map,Middlesex,25017,Not selected,25017-0,360,-71.478119,42.156782,,boundary vertex
Map,Middlesex,25017,Not selected,25017-0,361,-71.478096,42.158661,,boundary vertex
Map,Middlesex,25017,Not selected,25017-0,362,-71.478027,42.165871,,boundary vertex
Map,Middlesex,25017,Not selected,25017-0,363,-71.493136,42.16621,,boundary vertex
Map,Middlesex,25017,Not selected,25017-0,364,-71.497378,42.166643,,boundary vertex
Map,Middlesex,25017,Not selected,25017-0,365,-71.502626,42.191416,,boundary vertex
Map,Middlesex,25017,Not selected,25017-0,366,-71.506894,42.188927,,boundary vertex
Map,Middlesex,25017,Not selected,25017-0,367,-71.523219,42.189332,,boundary vertex
Map,Middlesex,25017,Not selected,25017-0,368,-71.53589,42.189649,,boundary vertex
Map,Middlesex,25017,Not selected,25017-0,369,-71.539277,42.18973,,boundary vertex
Map,Middlesex,25017,Not selected,25017-0,370,-71.555738,42.182503,,boundary vertex
Map,Middlesex,25017,Not selected,25017-0,371,-71.555067,42.184476,,boundary vertex
Map,Middlesex,25017,Not selected,25017-0,372,-71.556447,42.186614,,boundary vertex
Map,Middlesex,25017,Not selected,25017-0,373,-71.555817,42.189843,,boundary vertex
Map,Middlesex,25017,Not selected,25017-0,374,-71.556782,42.19245,,boundary vertex
Map,Middlesex,25017,Not selected,25017-0,375,-71.572271,42.192733,,boundary vertex
Map,Middlesex,25017,Not selected,25017-0,376,-71.571548,42.194653,,boundary vertex
Map,Middlesex,25017,Not selected,25017-0,377,-71.578225,42.195202,,boundary vertex
Map,Middlesex,25017,Not selected,25017-0,378,-71.58291,42.195559,,boundary vertex
Map,Middlesex,25017,Not selected,25017-0,379,-71.589216,42.202906,,boundary vertex
Map,Middlesex,25017,Not selected,25017-0,380,-71.602221,42.218101,,boundary vertex
Map,Middlesex,25017,Not selected,25017-0,381,-71.599318,42.225959,,boundary vertex
Map,Middlesex,25017,Not selected,25017-0,382,-71.592868,42.243211,,boundary vertex
Map,Middlesex,25017,Not selected,25017-0,383,-71.589855,42.251265,,boundary vertex
Map,Middlesex,25017,Not selected,25017-0,384,-71.586759,42.259545,,boundary vertex
Map,Middlesex,25017,Not selected,25017-0,385,-71.564564,42.266866,,boundary vertex
Map,Middlesex,25017,Not selected,25017-0,386,-71.558533,42.267819,,boundary vertex
Map,Middlesex,25017,Not selected,25017-0,387,-71.558503,42.267538,,boundary vertex
Map,Middlesex,25017,Not selected,25017-0,388,-71.556584,42.268134,,boundary vertex
Map,Middlesex,25017,Not selected,25017-0,389,-71.552412,42.267431,,boundary vertex
Map,Middlesex,25017,Not selected,25017-0,390,-71.550115,42.266023,,boundary vertex
Map,Middlesex,25017,Not selected,25017-0,391,-71.547949,42.265937,,boundary vertex
Map,Middlesex,25017,Not selected,25017-0,392,-71.543668,42.26393,,boundary vertex
Map,Middlesex,25017,Not selected,25017-0,393,-71.541692,42.263966,,boundary vertex
Map,Middlesex,25017,Not selected,25017-0,394,-71.539632,42.262793,,boundary vertex
Map,Middlesex,25017,Not selected,25017-0,395,-71.538011,42.264563,,boundary vertex
Map,Middlesex,25017,Not selected,25017-0,396,-71.533937,42.265266,,boundary vertex
Map,Middlesex,25017,Not selected,25017-0,397,-71.532255,42.266106,,boundary vertex
Map,Middlesex,25017,Not selected,25017-0,398,-71.527995,42.266525,,boundary vertex
Map,Middlesex,25017,Not selected,25017-0,399,-71.524931,42.265905,,boundary vertex
Map,Middlesex,25017,Not selected,25017-0,400,-71.522385,42.266437,,boundary vertex
Map,Middlesex,25017,Not selected,25017-0,401,-71.522178,42.266454,,boundary vertex
Map,Middlesex,25017,Not selected,25017-0,402,-71.518221,42.267715,,boundary vertex
Map,Middlesex,25017,Not selected,25017-0,403,-71.513882,42.267585,,boundary vertex
Map,Middlesex,25017,Not selected,25017-0,404,-71.51054,42.266227,,boundary vertex
Map,Middlesex,25017,Not selected,25017-0,405,-71.510226,42.265518,,boundary vertex
Map,Middlesex,25017,Not selected,25017-0,406,-71.508985,42.264486,,boundary vertex
Map,Middlesex,25017,Not selected,25017-0,407,-71.506478,42.264276,,boundary vertex
Map,Middlesex,25017,Not selected,25017-0,408,-71.505928,42.266578,,boundary vertex
Map,Middlesex,25017,Not selected,25017-0,409,-71.505882,42.272938,,boundary vertex
Map,Middlesex,25017,Not selected,25017-0,410,-71.499575,42.284992,,boundary vertex
Map,Middlesex,25017,Not selected,25017-0,411,-71.499015,42.286062,,boundary vertex
Map,Middlesex,25017,Not selected,25017-0,412,-71.497046,42.289829,,boundary vertex
Map,Middlesex,25017,Not selected,25017-0,413,-71.493182,42.297282,,boundary vertex
Map,Middlesex,25017,Not selected,25017-0,414,-71.489897,42.303655,,boundary vertex
Map,Middlesex,25017,Not selected,25017-0,415,-71.48635,42.310449,,boundary vertex
Map,Middlesex,25017,Not selected,25017-0,416,-71.485109,42.323164,,boundary vertex
Map,Middlesex,25017,Not selected,25017-0,417,-71.486744,42.329937,,boundary vertex
Map,Middlesex,25017,Not selected,25017-0,418,-71.486797,42.330189,,boundary vertex
Map,Middlesex,25017,Not selected,25017-0,419,-71.508216,42.327928,,boundary vertex
Map,Middlesex,25017,Not selected,25017-0,420,-71.511238,42.328805,,boundary vertex
Map,Middlesex,25017,Not selected,25017-0,421,-71.516527,42.330336,,boundary vertex
Map,Middlesex,25017,Not selected,25017-0,422,-71.531883,42.328587,,boundary vertex
Map,Middlesex,25017,Not selected,25017-0,423,-71.537316,42.327969,,boundary vertex
Map,Middlesex,25017,Not selected,25017-0,424,-71.551126,42.326395,,boundary vertex
Map,Middlesex,25017,Not selected,25017-0,425,-71.569085,42.320373,,boundary vertex
Map,Middlesex,25017,Not selected,25017-0,426,-71.570308,42.319661,,boundary vertex
Map,Middlesex,25017,Not selected,25017-0,427,-71.57825,42.315017,,boundary vertex
Map,Middlesex,25017,Not selected,25017-0,428,-71.58521,42.310952,,boundary vertex
Map,Middlesex,25017,Not selected,25017-0,429,-71.592502,42.317901,,boundary vertex
Map,Middlesex,25017,Not selected,25017-0,430,-71.597363,42.321016,,boundary vertex
Map,Middlesex,25017,Not selected,25017-0,431,-71.601885,42.326971,,boundary vertex
Map,Middlesex,25017,Not selected,25017-0,432,-71.605266,42.33016,,boundary vertex
Map,Middlesex,25017,Not selected,25017-0,433,-71.603591,42.331676,,boundary vertex
Map,Middlesex,25017,Not selected,25017-0,434,-71.60396,42.335341,,boundary vertex
Map,Middlesex,25017,Not selected,25017-0,435,-71.604099,42.336769,,boundary vertex
Map,Middlesex,25017,Not selected,25017-0,436,-71.611529,42.338993,,boundary vertex
Map,Middlesex,25017,Not selected,25017-0,437,-71.61826,42.342589,,boundary vertex
Map,Middlesex,25017,Not selected,25017-0,438,-71.620658,42.345249,,boundary vertex
Map,Middlesex,25017,Not selected,25017-0,439,-71.625825,42.349724,,boundary vertex
Map,Middlesex,25017,Not selected,25017-0,440,-71.624702,42.350465,,boundary vertex
Map,Middlesex,25017,Not selected,25017-0,441,-71.610007,42.357403,,boundary vertex
Map,Middlesex,25017,Not selected,25017-0,442,-71.603065,42.367267,,boundary vertex
Map,Middlesex,25017,Not selected,25017-0,443,-71.607759,42.370022,,boundary vertex
Map,Middlesex,25017,Not selected,25017-0,444,-71.58794,42.38219,,boundary vertex
Map,Middlesex,25017,Not selected,25017-0,445,-71.580186,42.386976,,boundary vertex
Map,Middlesex,25017,Not selected,25017-0,446,-71.602537,42.396942,,boundary vertex
Map,Middlesex,25017,Not selected,25017-0,447,-71.604251,42.397703,,boundary vertex
Map,Middlesex,25017,Not selected,25017-0,448,-71.602631,42.3985,,boundary vertex
Map,Middlesex,25017,Not selected,25017-0,449,-71.58526,42.407097,,boundary vertex
Map,Middlesex,25017,Not selected,25017-0,450,-71.579095,42.408239,,boundary vertex
Map,Middlesex,25017,Not selected,25017-0,451,-71.564584,42.410928,,boundary vertex
Map,Middlesex,25017,Not selected,25017-0,452,-71.5591,42.411943,,boundary vertex
Map,Middlesex,25017,Not selected,25017-0,453,-71.550702,42.441067,,boundary vertex
Map,Middlesex,25017,Not selected,25017-0,454,-71.548903,42.447308,,boundary vertex
Map,Middlesex,25017,Not selected,25017-0,455,-71.543394,42.466452,,boundary vertex
Map,Middlesex,25017,Not selected,25017-0,456,-71.560367,42.47435,,boundary vertex
Map,Middlesex,25017,Not selected,25017-0,457,-71.550691,42.489141,,boundary vertex
Map,Middlesex,25017,Not selected,25017-0,458,-71.534855,42.51333,,boundary vertex
Map,Middlesex,25017,Not selected,25017-0,459,-71.532718,42.51465,,boundary vertex
Map,Middlesex,25017,Not selected,25017-0,460,-71.529841,42.519841,,boundary vertex
Map,Middlesex,25017,Not selected,25017-0,461,-71.531377,42.520352,,boundary vertex
Map,Middlesex,25017,Not selected,25017-0,462,-71.53376,42.527654,,boundary vertex
Map,Middlesex,25017,Not selected,25017-0,463,-71.53878,42.54303,,boundary vertex
Map,Middlesex,25017,Not selected,25017-0,464,-71.556019,42.546119,,boundary vertex
Map,Middlesex,25017,Not selected,25017-0,465,-71.57541,42.549593,,boundary vertex
Map,Middlesex,25017,Not selected,25017-0,466,-71.57794,42.550046,,boundary vertex
Map,Middlesex,25017,Not selected,25017-0,467,-71.580287,42.550467,,boundary vertex
Map,Middlesex,25017,Not selected,25017-0,468,-71.588559,42.546295,,boundary vertex
Map,Middlesex,25017,Not selected,25017-0,469,-71.591124,42.544504,,boundary vertex
Map,Middlesex,25017,Not selected,25017-0,470,-71.593012,42.543895,,boundary vertex
Map,Middlesex,25017,Not selected,25017-0,471,-71.593189,42.543834,,boundary vertex
Map,Middlesex,25017,Not selected,25017-0,472,-71.594624,42.543378,,boundary vertex
Map,Middlesex,25017,Not selected,25017-0,473,-71.60229,42.545204,,boundary vertex
Map,Middlesex,25017,Not selected,25017-0,474,-71.607852,42.54538,,boundary vertex
Map,Middlesex,25017,Not selected,25017-0,475,-71.619927,42.552502,,boundary vertex
Map,Middlesex,25017,Not selected,25017-0,476,-71.621097,42.551934,,boundary vertex
Map,Middlesex,25017,Not selected,25017-0,477,-71.625126,42.550099,,boundary vertex
Map,Middlesex,25017,Not selected,25017-0,478,-71.628475,42.548001,,boundary vertex
Map,Middlesex,25017,Not selected,25017-0,479,-71.632017,42.544518,,boundary vertex
Map,Middlesex,25017,Not selected,25017-0,480,-71.634011,42.540876,,boundary vertex
Map,Middlesex,25017,Not selected,25017-0,481,-71.635885,42.540001,,boundary vertex
Map,Middlesex,25017,Not selected,25017-0,482,-71.636432,42.534367,,boundary vertex
Map,Middlesex,25017,Not selected,25017-0,483,-71.63665,42.533127,,boundary vertex
Map,Middlesex,25017,Not selected,25017-0,484,-71.639206,42.530957,,boundary vertex
Map,Middlesex,25017,Not selected,25017-0,485,-71.638938,42.528783,,boundary vertex
Map,Middlesex,25017,Not selected,25017-0,486,-71.635869,42.524024,,boundary vertex
Map,Middlesex,25017,Not selected,25017-0,487,-71.665328,42.528397,,boundary vertex
Map,Middlesex,25017,Not selected,25017-0,488,-71.675741,42.529951,,boundary vertex
Map,Middlesex,25017,Not selected,25017-0,489,-71.678969,42.53043,,boundary vertex
Map,Middlesex,25017,Not selected,25017-0,490,-71.677691,42.539411,,boundary vertex
Map,Middlesex,25017,Not selected,25017-0,491,-71.671902,42.571403,,boundary vertex
Map,Middlesex,25017,Not selected,25017-0,492,-71.668029,42.592719,,boundary vertex
Map,Middlesex,25017,Not selected,25017-0,493,-71.664601,42.611598,,boundary vertex
Map,Middlesex,25017,Not selected,25017-0,494,-71.69416,42.620275,,boundary vertex
Map,Middlesex,25017,Not selected,25017-0,495,-71.701339,42.622381,,boundary vertex
Map,Middlesex,25017,Not selected,25017-0,496,-71.732257,42.631454,,boundary vertex
Map,Middlesex,25017,Not selected,25017-0,497,-71.775755,42.64423,,boundary vertex
Map,Middlesex,25017,Not selected,25017-0,498,-71.775325,42.636663,,boundary vertex
Map,Middlesex,25017,Not selected,25017-0,499,-71.794186,42.637025,,boundary vertex
Map,Middlesex,25017,Not selected,25017-0,500,-71.844843,42.637985,,boundary vertex
Map,Middlesex,25017,Not selected,25017-0,501,-71.858483,42.633815,,boundary vertex
Map,Middlesex,25017,Not selected,25017-0,502,-71.856814,42.660836,,boundary vertex
Map,Middlesex,25017,Not selected,25017-0,503,-71.856393,42.667643,,boundary vertex
Map,Middlesex,25017,Not selected,25017-0,504,-71.857757,42.674982,,boundary vertex
Map,Middlesex,25017,Not selected,25017-0,505,-71.863754,42.679551,,boundary vertex
Map,Middlesex,25017,Not selected,25017-0,506,-71.865751,42.684111,,boundary vertex
Map,Middlesex,25017,Not selected,25017-0,507,-71.869778,42.683647,,boundary vertex
Map,Middlesex,25017,Not selected,25017-0,508,-71.87745,42.689286,,boundary vertex
Map,Middlesex,25017,Not selected,25017-0,509,-71.897103,42.703728,,boundary vertex
Map,Middlesex,25017,Not selected,25017-0,510,-71.89877002948,42.7114218822193,,boundary vertex
Map,Nantucket,25019,Not selected,25019-0,0,-70.234054,41.285653,,boundary vertex
Map,Nantucket,25019,Not selected,25019-0,1,-70.221219,41.281903,,boundary vertex
Map,Nantucket,25019,Not selected,25019-0,2,-70.21504,41.279581,,boundary vertex
Map,Nantucket,25019,Not selected,25019-0,3,-70.211712,41.275651,,boundary vertex
Map,Nantucket,25019,Not selected,25019-0,4,-70.2116092230359,41.2756601945331,,boundary vertex
Map,Nantucket,25019,Not selected,25019-0,5,-70.2105269365785,41.2757570169941,,boundary vertex
Map,Nantucket,25019,Not selected,25019-0,6,-70.2061254145417,41.2761507816885,,boundary vertex
Map,Nantucket,25019,Not selected,25019-0,7,-70.20173,41.276544,,boundary vertex
Map,Nantucket,25019,Not selected,25019-0,8,-70.2005230988279,41.2771211400174,,boundary vertex
Map,Nantucket,25019,Not selected,25019-0,9,-70.193886,41.280295,,boundary vertex
Map,Nantucket,25019,Not selected,25019-0,10,-70.1918870027769,41.2861368567749,,boundary vertex
Map,Nantucket,25019,Not selected,25019-0,11,-70.191747,41.286546,,boundary vertex
Map,Nantucket,25019,Not selected,25019-0,12,-70.1923053296939,41.2871135868306,,boundary vertex
Map,Nantucket,25019,Not selected,25019-0,13,-70.1956228769996,41.2904861392513,,boundary vertex
Map,Nantucket,25019,Not selected,25019-0,14,-70.195788,41.290654,,boundary vertex
Map,Nantucket,25019,Not selected,25019-0,15,-70.202205,41.287975,,boundary vertex
Map,Nantucket,25019,Not selected,25019-0,16,-70.207434,41.288689,,boundary vertex
Map,Nantucket,25019,Not selected,25019-0,17,-70.205692,41.291246,,boundary vertex
Map,Nantucket,25019,Not selected,25019-0,18,-70.199115,41.29619,,boundary vertex
Map,Nantucket,25019,Not selected,25019-0,19,-70.193411,41.296726,,boundary vertex
Map,Nantucket,25019,Not selected,25019-0,20,-70.1921737521572,41.2962995156579,,boundary vertex
Map,Nantucket,25019,Not selected,25019-0,21,-70.1880176594541,41.2948668936716,,boundary vertex
Map,Nantucket,25019,Not selected,25019-0,22,-70.186991,41.294513,,boundary vertex
Map,Nantucket,25019,Not selected,25019-0,23,-70.1855105039345,41.2944973263598,,boundary vertex
Map,Nantucket,25019,Not selected,25019-0,24,-70.1727984311467,41.2943627468363,,boundary vertex
Map,Nantucket,25019,Not selected,25019-0,25,-70.1677298705201,41.2943090872573,,boundary vertex
Map,Nantucket,25019,Not selected,25019-0,26,-70.12446,41.293851,,boundary vertex
Map,Nantucket,25019,Not selected,25019-0,27,-70.1228553487567,41.2940161449518,,boundary vertex
Map,Nantucket,25019,Not selected,25019-0,28,-70.109613,41.295379,,boundary vertex
Map,Nantucket,25019,Not selected,25019-0,29,-70.104415,41.297327,,boundary vertex
Map,Nantucket,25019,Not selected,25019-0,30,-70.0946867536375,41.2976551588849,,boundary vertex
Map,Nantucket,25019,Not selected,25019-0,31,-70.092142,41.297741,,boundary vertex
Map,Nantucket,25019,Not selected,25019-0,32,-70.082072,41.299093,,boundary vertex
Map,Nantucket,25019,Not selected,25019-0,33,-70.062565,41.308726,,boundary vertex
Map,Nantucket,25019,Not selected,25019-0,34,-70.046088,41.321651,,boundary vertex
Map,Nantucket,25019,Not selected,25019-0,35,-70.031332,41.339332,,boundary vertex
Map,Nantucket,25019,Not selected,25019-0,36,-70.024421,41.360622,,boundary vertex
Map,Nantucket,25019,Not selected,25019-0,37,-70.024031,41.368613,,boundary vertex
Map,Nantucket,25019,Not selected,25019-0,38,-70.030363,41.37507,,boundary vertex
Map,Nantucket,25019,Not selected,25019-0,39,-70.034641,41.378994,,boundary vertex
Map,Nantucket,25019,Not selected,25019-0,40,-70.041517,41.381539,,boundary vertex
Map,Nantucket,25019,Not selected,25019-0,41,-70.045586,41.383598,,boundary vertex
Map,Nantucket,25019,Not selected,25019-0,42,-70.049564,41.3879,,boundary vertex
Map,Nantucket,25019,Not selected,25019-0,43,-70.049053,41.391702,,boundary vertex
Map,Nantucket,25019,Not selected,25019-0,44,-70.04274,41.389311,,boundary vertex
Map,Nantucket,25019,Not selected,25019-0,45,-70.037371,41.384066,,boundary vertex
Map,Nantucket,25019,Not selected,25019-0,46,-70.02038,41.369006,,boundary vertex
Map,Nantucket,25019,Not selected,25019-0,47,-69.9751853643607,41.3011234361955,,boundary vertex
Map,Nantucket,25019,Not selected,25019-0,48,-69.9686160689453,41.2912563223472,,boundary vertex
Map,Nantucket,25019,Not selected,25019-0,49,-69.960277,41.278731,,boundary vertex
Map,Nantucket,25019,Not selected,25019-0,50,-69.960181,41.264546,,boundary vertex
Map,Nantucket,25019,Not selected,25019-0,51,-69.964129,41.255382,,boundary vertex
Map,Nantucket,25019,Not selected,25019-0,52,-69.968088,41.250978,,boundary vertex
Map,Nantucket,25019,Not selected,25019-0,53,-69.974983,41.246528,,boundary vertex
Map,Nantucket,25019,Not selected,25019-0,54,-69.9850096084073,41.2440375441476,,boundary vertex
Map,Nantucket,25019,Not selected,25019-0,55,-70.001603,41.239916,,boundary vertex
Map,Nantucket,25019,Not selected,25019-0,56,-70.015225,41.237964,,boundary vertex
Map,Nantucket,25019,Not selected,25019-0,57,-70.036972831898,41.2414374648127,,boundary vertex
Map,Nantucket,25019,Not selected,25019-0,58,-70.05318,41.244026,,boundary vertex
Map,Nantucket,25019,Not selected,25019-0,59,-70.0750937317934,41.2445675350263,,boundary vertex
Map,Nantucket,25019,Not selected,25019-0,60,-70.083489,41.244775,,boundary vertex
Map,Nantucket,25019,Not selected,25019-0,61,-70.092404,41.24332,,boundary vertex
Map,Nantucket,25019,Not selected,25019-0,62,-70.097861,41.241149,,boundary vertex
Map,Nantucket,25019,Not selected,25019-0,63,-70.100495,41.240553,,boundary vertex
Map,Nantucket,25019,Not selected,25019-0,64,-70.1022607417466,41.2407276893177,,boundary vertex
Map,Nantucket,25019,Not selected,25019-0,65,-70.118669,41.242351,,boundary vertex
Map,Nantucket,25019,Not selected,25019-0,66,-70.1629639170759,41.2552717434123,,boundary vertex
Map,Nantucket,25019,Not selected,25019-0,67,-70.170356,41.257428,,boundary vertex
Map,Nantucket,25019,Not selected,25019-0,68,-70.195635063167,41.2671515938288,,boundary vertex
Map,Nantucket,25019,Not selected,25019-0,69,-70.2126523957224,41.2736973122649,,boundary vertex
Map,Nantucket,25019,Not selected,25019-0,70,-70.22134,41.277039,,boundary vertex
Map,Nantucket,25019,Not selected,25019-0,71,-70.237144,41.285117,,boundary vertex
Map,Nantucket,25019,Not selected,25019-0,72,-70.234054,41.285653,,boundary vertex
Map,Nantucket,25019,Not selected,25019-1,0,-70.277262,41.310506,,boundary vertex
Map,Nantucket,25019,Not selected,25019-1,1,-70.276653,41.311283,,boundary vertex
Map,Nantucket,25019,Not selected,25019-1,2,-70.272999,41.310872,,boundary vertex
Map,Nantucket,25019,Not selected,25019-1,3,-70.271051,41.311238,,boundary vertex
Map,Nantucket,25019,Not selected,25019-1,4,-70.26752,41.311192,,boundary vertex
Map,Nantucket,25019,Not selected,25019-1,5,-70.265389,41.311375,,boundary vertex
Map,Nantucket,25019,Not selected,25019-1,6,-70.26295,41.311452,,boundary vertex
Map,Nantucket,25019,Not selected,25019-1,7,-70.253477,41.308641,,boundary vertex
Map,Nantucket,25019,Not selected,25019-1,8,-70.246552,41.306186,,boundary vertex
Map,Nantucket,25019,Not selected,25019-1,9,-70.24281,41.303384,,boundary vertex
Map,Nantucket,25019,Not selected,25019-1,10,-70.242069,41.300947,,boundary vertex
Map,Nantucket,25019,Not selected,25019-1,11,-70.241875,41.299801,,boundary vertex
Map,Nantucket,25019,Not selected,25019-1,12,-70.240249,41.2974,,boundary vertex
Map,Nantucket,25019,Not selected,25019-1,13,-70.239816,41.295823,,boundary vertex
Map,Nantucket,25019,Not selected,25019-1,14,-70.241095,41.294954,,boundary vertex
Map,Nantucket,25019,Not selected,25019-1,15,-70.242495,41.294222,,boundary vertex
Map,Nantucket,25019,Not selected,25019-1,16,-70.243287,41.293124,,boundary vertex
Map,Nantucket,25019,Not selected,25019-1,17,-70.242617,41.290562,,boundary vertex
Map,Nantucket,25019,Not selected,25019-1,18,-70.242739,41.28919,,boundary vertex
Map,Nantucket,25019,Not selected,25019-1,19,-70.244322,41.288138,,boundary vertex
Map,Nantucket,25019,Not selected,25019-1,20,-70.24767,41.288641,,boundary vertex
Map,Nantucket,25019,Not selected,25019-1,21,-70.252541,41.293033,,boundary vertex
Map,Nantucket,25019,Not selected,25019-1,22,-70.255951,41.294954,,boundary vertex
Map,Nantucket,25019,Not selected,25019-1,23,-70.259665,41.296006,,boundary vertex
Map,Nantucket,25019,Not selected,25019-1,24,-70.261553,41.297653,,boundary vertex
Map,Nantucket,25019,Not selected,25019-1,25,-70.268616,41.30177,,boundary vertex
Map,Nantucket,25019,Not selected,25019-1,26,-70.273121,41.305521,,boundary vertex
Map,Nantucket,25019,Not selected,25019-1,27,-70.276653,41.308631,,boundary vertex
Map,Nantucket,25019,Not selected,25019-1,28,-70.277262,41.310506,,boundary vertex
Map,Nantucket,25019,Not selected,25019-2,0,-70.30897,41.336057,,boundary vertex
Map,Nantucket,25019,Not selected,25019-2,1,-70.308104,41.337683,,boundary vertex
Map,Nantucket,25019,Not selected,25019-2,2,-70.304319,41.33842,,boundary vertex
Map,Nantucket,25019,Not selected,25019-2,3,-70.297204,41.337681,,boundary vertex
Map,Nantucket,25019,Not selected,25019-2,4,-70.292027,41.337788,,boundary vertex
Map,Nantucket,25019,Not selected,25019-2,5,-70.289719,41.336323,,boundary vertex
Map,Nantucket,25019,Not selected,25019-2,6,-70.289325,41.335022,,boundary vertex
Map,Nantucket,25019,Not selected,25019-2,7,-70.29086,41.333663,,boundary vertex
Map,Nantucket,25019,Not selected,25019-2,8,-70.29649,41.333426,,boundary vertex
Map,Nantucket,25019,Not selected,25019-2,9,-70.302513,41.332598,,boundary vertex
Map,Nantucket,25019,Not selected,25019-2,10,-70.307001,41.332391,,boundary vertex
Map,Nantucket,25019,Not selected,25019-2,11,-70.309245,41.334579,,boundary vertex
Map,Nantucket,25019,Not selected,25019-2,12,-70.30897,41.336057,,boundary vertex
Map,Norfolk,25021,Not selected,25021-0,0,-70.844664,42.242271,,boundary vertex
Map,Norfolk,25021,Not selected,25021-0,1,-70.841152,42.243346,,boundary vertex
Map,Norfolk,25021,Not selected,25021-0,2,-70.841241,42.244546,,boundary vertex
Map,Norfolk,25021,Not selected,25021-0,3,-70.849277,42.247331,,boundary vertex
Map,Norfolk,25021,Not selected,25021-0,4,-70.848227,42.250246,,boundary vertex
Map,Norfolk,25021,Not selected,25021-0,5,-70.848937,42.25214,,boundary vertex
Map,Norfolk,25021,Not selected,25021-0,6,-70.84729,42.254101,,boundary vertex
Map,Norfolk,25021,Not selected,25021-0,7,-70.845698,42.258072,,boundary vertex
Map,Norfolk,25021,Not selected,25021-0,8,-70.844753,42.259779,,boundary vertex
Map,Norfolk,25021,Not selected,25021-0,9,-70.844627,42.260426,,boundary vertex
Map,Norfolk,25021,Not selected,25021-0,10,-70.840627,42.260989,,boundary vertex
Map,Norfolk,25021,Not selected,25021-0,11,-70.838644,42.263498,,boundary vertex
Map,Norfolk,25021,Not selected,25021-0,12,-70.836237,42.264664,,boundary vertex
Map,Norfolk,25021,Not selected,25021-0,13,-70.826986,42.264368,,boundary vertex
Map,Norfolk,25021,Not selected,25021-0,14,-70.8246607239285,42.2659346457723,,boundary vertex
Map,Norfolk,25021,Not selected,25021-0,15,-70.811742,42.262935,,boundary vertex
Map,Norfolk,25021,Not selected,25021-0,16,-70.7913819098197,42.2549609704155,,boundary vertex
Map,Norfolk,25021,Not selected,25021-0,17,-70.788724,42.25392,,boundary vertex
Map,Norfolk,25021,Not selected,25021-0,18,-70.786778,42.250871,,boundary vertex
Map,Norfolk,25021,Not selected,25021-0,19,-70.784402,42.248584,,boundary vertex
Map,Norfolk,25021,Not selected,25021-0,20,-70.7814619230446,42.2487180195672,,boundary vertex
Map,Norfolk,25021,Not selected,25021-0,21,-70.784821,42.246299,,boundary vertex
Map,Norfolk,25021,Not selected,25021-0,22,-70.786725,42.24255,,boundary vertex
Map,Norfolk,25021,Not selected,25021-0,23,-70.789041,42.24017,,boundary vertex
Map,Norfolk,25021,Not selected,25021-0,24,-70.786617,42.239572,,boundary vertex
Map,Norfolk,25021,Not selected,25021-0,25,-70.783354,42.240514,,boundary vertex
Map,Norfolk,25021,Not selected,25021-0,26,-70.783941,42.237647,,boundary vertex
Map,Norfolk,25021,Not selected,25021-0,27,-70.781973,42.236432,,boundary vertex
Map,Norfolk,25021,Not selected,25021-0,28,-70.784514,42.234693,,boundary vertex
Map,Norfolk,25021,Not selected,25021-0,29,-70.786771,42.234041,,boundary vertex
Map,Norfolk,25021,Not selected,25021-0,30,-70.78868,42.232597,,boundary vertex
Map,Norfolk,25021,Not selected,25021-0,31,-70.787883,42.2291,,boundary vertex
Map,Norfolk,25021,Not selected,25021-0,32,-70.785523,42.229464,,boundary vertex
Map,Norfolk,25021,Not selected,25021-0,33,-70.785557,42.226345,,boundary vertex
Map,Norfolk,25021,Not selected,25021-0,34,-70.784814,42.225881,,boundary vertex
Map,Norfolk,25021,Not selected,25021-0,35,-70.788937,42.225475,,boundary vertex
Map,Norfolk,25021,Not selected,25021-0,36,-70.789142,42.222808,,boundary vertex
Map,Norfolk,25021,Not selected,25021-0,37,-70.791372,42.221512,,boundary vertex
Map,Norfolk,25021,Not selected,25021-0,38,-70.797111,42.218176,,boundary vertex
Map,Norfolk,25021,Not selected,25021-0,39,-70.827015,42.200786,,boundary vertex
Map,Norfolk,25021,Not selected,25021-0,40,-70.8408,42.213118,,boundary vertex
Map,Norfolk,25021,Not selected,25021-0,41,-70.85338,42.239607,,boundary vertex
Map,Norfolk,25021,Not selected,25021-0,42,-70.844664,42.242271,,boundary vertex
Map,Norfolk,25021,Not selected,25021-1,0,-71.173715,42.318051,,boundary vertex
Map,Norfolk,25021,Not selected,25021-1,1,-71.17172,42.31949,,boundary vertex
Map,Norfolk,25021,Not selected,25021-1,2,-71.170485,42.321538,,boundary vertex
Map,Norfolk,25021,Not selected,25021-1,3,-71.169223,42.321994,,boundary vertex
Map,Norfolk,25021,Not selected,25021-1,4,-71.167348,42.322641,,boundary vertex
Map,Norfolk,25021,Not selected,25021-1,5,-71.164599,42.324632,,boundary vertex
Map,Norfolk,25021,Not selected,25021-1,6,-71.157036,42.33039,,boundary vertex
Map,Norfolk,25021,Not selected,25021-1,7,-71.156262,42.330847,,boundary vertex
Map,Norfolk,25021,Not selected,25021-1,8,-71.149853,42.334635,,boundary vertex
Map,Norfolk,25021,Not selected,25021-1,9,-71.150104,42.335282,,boundary vertex
Map,Norfolk,25021,Not selected,25021-1,10,-71.148295,42.335807,,boundary vertex
Map,Norfolk,25021,Not selected,25021-1,11,-71.148482,42.336253,,boundary vertex
Map,Norfolk,25021,Not selected,25021-1,12,-71.147266,42.337201,,boundary vertex
Map,Norfolk,25021,Not selected,25021-1,13,-71.146156,42.337442,,boundary vertex
Map,Norfolk,25021,Not selected,25021-1,14,-71.146215,42.338632,,boundary vertex
Map,Norfolk,25021,Not selected,25021-1,15,-71.144779,42.339657,,boundary vertex
Map,Norfolk,25021,Not selected,25021-1,16,-71.144212,42.340022,,boundary vertex
Map,Norfolk,25021,Not selected,25021-1,17,-71.141754,42.340396,,boundary vertex
Map,Norfolk,25021,Not selected,25021-1,18,-71.141298,42.34107,,boundary vertex
Map,Norfolk,25021,Not selected,25021-1,19,-71.139977,42.34214,,boundary vertex
Map,Norfolk,25021,Not selected,25021-1,20,-71.138809,42.343087,,boundary vertex
Map,Norfolk,25021,Not selected,25021-1,21,-71.137824,42.343876,,boundary vertex
Map,Norfolk,25021,Not selected,25021-1,22,-71.135985,42.345366,,boundary vertex
Map,Norfolk,25021,Not selected,25021-1,23,-71.135155,42.346023,,boundary vertex
Map,Norfolk,25021,Not selected,25021-1,24,-71.134254,42.346577,,boundary vertex
Map,Norfolk,25021,Not selected,25021-1,25,-71.133381,42.347122,,boundary vertex
Map,Norfolk,25021,Not selected,25021-1,26,-71.129746,42.34885,,boundary vertex
Map,Norfolk,25021,Not selected,25021-1,27,-71.12858,42.349696,,boundary vertex
Map,Norfolk,25021,Not selected,25021-1,28,-71.126215,42.350412,,boundary vertex
Map,Norfolk,25021,Not selected,25021-1,29,-71.124067,42.351552,,boundary vertex
Map,Norfolk,25021,Not selected,25021-1,30,-71.123518,42.351486,,boundary vertex
Map,Norfolk,25021,Not selected,25021-1,31,-71.122855,42.351861,,boundary vertex
Map,Norfolk,25021,Not selected,25021-1,32,-71.121311,42.351675,,boundary vertex
Map,Norfolk,25021,Not selected,25021-1,33,-71.120286,42.351557,,boundary vertex
Map,Norfolk,25021,Not selected,25021-1,34,-71.115808,42.351017,,boundary vertex
Map,Norfolk,25021,Not selected,25021-1,35,-71.110936,42.350446,,boundary vertex
Map,Norfolk,25021,Not selected,25021-1,36,-71.10657,42.349912,,boundary vertex
Map,Norfolk,25021,Not selected,25021-1,37,-71.106702,42.349433,,boundary vertex
Map,Norfolk,25021,Not selected,25021-1,38,-71.106854,42.348759,,boundary vertex
Map,Norfolk,25021,Not selected,25021-1,39,-71.106894,42.348588,,boundary vertex
Map,Norfolk,25021,Not selected,25021-1,40,-71.107213,42.347049,,boundary vertex
Map,Norfolk,25021,Not selected,25021-1,41,-71.10674,42.34604,,boundary vertex
Map,Norfolk,25021,Not selected,25021-1,42,-71.105516,42.343812,,boundary vertex
Map,Norfolk,25021,Not selected,25021-1,43,-71.108225,42.342272,,boundary vertex
Map,Norfolk,25021,Not selected,25021-1,44,-71.110597,42.340405,,boundary vertex
Map,Norfolk,25021,Not selected,25021-1,45,-71.111551,42.337299,,boundary vertex
Map,Norfolk,25021,Not selected,25021-1,46,-71.110751,42.336168,,boundary vertex
Map,Norfolk,25021,Not selected,25021-1,47,-71.110808,42.335586,,boundary vertex
Map,Norfolk,25021,Not selected,25021-1,48,-71.111413,42.334525,,boundary vertex
Map,Norfolk,25021,Not selected,25021-1,49,-71.113088,42.332604,,boundary vertex
Map,Norfolk,25021,Not selected,25021-1,50,-71.114547,42.328372,,boundary vertex
Map,Norfolk,25021,Not selected,25021-1,51,-71.115563,42.32678,,boundary vertex
Map,Norfolk,25021,Not selected,25021-1,52,-71.115929,42.325855,,boundary vertex
Map,Norfolk,25021,Not selected,25021-1,53,-71.116537,42.323939,,boundary vertex
Map,Norfolk,25021,Not selected,25021-1,54,-71.119539,42.322745,,boundary vertex
Map,Norfolk,25021,Not selected,25021-1,55,-71.120112,42.322835,,boundary vertex
Map,Norfolk,25021,Not selected,25021-1,56,-71.121528,42.323882,,boundary vertex
Map,Norfolk,25021,Not selected,25021-1,57,-71.123711,42.322716,,boundary vertex
Map,Norfolk,25021,Not selected,25021-1,58,-71.130642,42.31453,,boundary vertex
Map,Norfolk,25021,Not selected,25021-1,59,-71.131863,42.313178,,boundary vertex
Map,Norfolk,25021,Not selected,25021-1,60,-71.134359,42.309252,,boundary vertex
Map,Norfolk,25021,Not selected,25021-1,61,-71.136502,42.306204,,boundary vertex
Map,Norfolk,25021,Not selected,25021-1,62,-71.140135,42.302147,,boundary vertex
Map,Norfolk,25021,Not selected,25021-1,63,-71.146883,42.29728,,boundary vertex
Map,Norfolk,25021,Not selected,25021-1,64,-71.1503,42.29553,,boundary vertex
Map,Norfolk,25021,Not selected,25021-1,65,-71.152113,42.294588,,boundary vertex
Map,Norfolk,25021,Not selected,25021-1,66,-71.153691,42.295746,,boundary vertex
Map,Norfolk,25021,Not selected,25021-1,67,-71.164702,42.30383,,boundary vertex
Map,Norfolk,25021,Not selected,25021-1,68,-71.16642,42.304747,,boundary vertex
Map,Norfolk,25021,Not selected,25021-1,69,-71.1698,42.307607,,boundary vertex
Map,Norfolk,25021,Not selected,25021-1,70,-71.178935,42.314316,,boundary vertex
Map,Norfolk,25021,Not selected,25021-1,71,-71.173715,42.318051,,boundary vertex
Map,Norfolk,25021,Not selected,25021-2,0,-71.503078,42.110285,,boundary vertex
Map,Norfolk,25021,Not selected,25021-2,1,-71.500384,42.112695,,boundary vertex
Map,Norfolk,25021,Not selected,25021-2,2,-71.501551,42.115891,,boundary vertex
Map,Norfolk,25021,Not selected,25021-2,3,-71.501393,42.116677,,boundary vertex
Map,Norfolk,25021,Not selected,25021-2,4,-71.495757,42.120657,,boundary vertex
Map,Norfolk,25021,Not selected,25021-2,5,-71.489881,42.124734,,boundary vertex
Map,Norfolk,25021,Not selected,25021-2,6,-71.478522,42.131378,,boundary vertex
Map,Norfolk,25021,Not selected,25021-2,7,-71.478284,42.146877,,boundary vertex
Map,Norfolk,25021,Not selected,25021-2,8,-71.478159,42.154017,,boundary vertex
Map,Norfolk,25021,Not selected,25021-2,9,-71.478119,42.156782,,boundary vertex
Map,Norfolk,25021,Not selected,25021-2,10,-71.472744,42.156873,,boundary vertex
Map,Norfolk,25021,Not selected,25021-2,11,-71.464005,42.158199,,boundary vertex
Map,Norfolk,25021,Not selected,25021-2,12,-71.444067,42.174889,,boundary vertex
Map,Norfolk,25021,Not selected,25021-2,13,-71.430174,42.179386,,boundary vertex
Map,Norfolk,25021,Not selected,25021-2,14,-71.426624,42.179312,,boundary vertex
Map,Norfolk,25021,Not selected,25021-2,15,-71.42373,42.179253,,boundary vertex
Map,Norfolk,25021,Not selected,25021-2,16,-71.42355,42.178131,,boundary vertex
Map,Norfolk,25021,Not selected,25021-2,17,-71.402295,42.178794,,boundary vertex
Map,Norfolk,25021,Not selected,25021-2,18,-71.403139,42.18261,,boundary vertex
Map,Norfolk,25021,Not selected,25021-2,19,-71.404427,42.188433,,boundary vertex
Map,Norfolk,25021,Not selected,25021-2,20,-71.384765,42.192014,,boundary vertex
Map,Norfolk,25021,Not selected,25021-2,21,-71.378391,42.193472,,boundary vertex
Map,Norfolk,25021,Not selected,25021-2,22,-71.361986,42.195761,,boundary vertex
Map,Norfolk,25021,Not selected,25021-2,23,-71.34417,42.200703,,boundary vertex
Map,Norfolk,25021,Not selected,25021-2,24,-71.346815,42.203557,,boundary vertex
Map,Norfolk,25021,Not selected,25021-2,25,-71.346541,42.204641,,boundary vertex
Map,Norfolk,25021,Not selected,25021-2,26,-71.3507,42.205783,,boundary vertex
Map,Norfolk,25021,Not selected,25021-2,27,-71.352156,42.207371,,boundary vertex
Map,Norfolk,25021,Not selected,25021-2,28,-71.351479,42.211546,,boundary vertex
Map,Norfolk,25021,Not selected,25021-2,29,-71.349983,42.213951,,boundary vertex
Map,Norfolk,25021,Not selected,25021-2,30,-71.348316,42.214889,,boundary vertex
Map,Norfolk,25021,Not selected,25021-2,31,-71.34681,42.215589,,boundary vertex
Map,Norfolk,25021,Not selected,25021-2,32,-71.339954,42.213873,,boundary vertex
Map,Norfolk,25021,Not selected,25021-2,33,-71.338505,42.21523,,boundary vertex
Map,Norfolk,25021,Not selected,25021-2,34,-71.338623,42.216894,,boundary vertex
Map,Norfolk,25021,Not selected,25021-2,35,-71.340966,42.218108,,boundary vertex
Map,Norfolk,25021,Not selected,25021-2,36,-71.343166,42.220613,,boundary vertex
Map,Norfolk,25021,Not selected,25021-2,37,-71.341657,42.221922,,boundary vertex
Map,Norfolk,25021,Not selected,25021-2,38,-71.341012,42.224472,,boundary vertex
Map,Norfolk,25021,Not selected,25021-2,39,-71.336746,42.227493,,boundary vertex
Map,Norfolk,25021,Not selected,25021-2,40,-71.333581,42.230397,,boundary vertex
Map,Norfolk,25021,Not selected,25021-2,41,-71.331731,42.231437,,boundary vertex
Map,Norfolk,25021,Not selected,25021-2,42,-71.329695,42.233328,,boundary vertex
Map,Norfolk,25021,Not selected,25021-2,43,-71.331185,42.237585,,boundary vertex
Map,Norfolk,25021,Not selected,25021-2,44,-71.330777,42.241051,,boundary vertex
Map,Norfolk,25021,Not selected,25021-2,45,-71.329772,42.242593,,boundary vertex
Map,Norfolk,25021,Not selected,25021-2,46,-71.329436,42.245302,,boundary vertex
Map,Norfolk,25021,Not selected,25021-2,47,-71.332434,42.247729,,boundary vertex
Map,Norfolk,25021,Not selected,25021-2,48,-71.332496,42.249075,,boundary vertex
Map,Norfolk,25021,Not selected,25021-2,49,-71.302922,42.248274,,boundary vertex
Map,Norfolk,25021,Not selected,25021-2,50,-71.305832,42.260081,,boundary vertex
Map,Norfolk,25021,Not selected,25021-2,51,-71.30846,42.270709,,boundary vertex
Map,Norfolk,25021,Not selected,25021-2,52,-71.321541,42.293686,,boundary vertex
Map,Norfolk,25021,Not selected,25021-2,53,-71.321658,42.293894,,boundary vertex
Map,Norfolk,25021,Not selected,25021-2,54,-71.323662,42.297415,,boundary vertex
Map,Norfolk,25021,Not selected,25021-2,55,-71.326351,42.304289,,boundary vertex
Map,Norfolk,25021,Not selected,25021-2,56,-71.326396,42.304402,,boundary vertex
Map,Norfolk,25021,Not selected,25021-2,57,-71.32975,42.312991,,boundary vertex
Map,Norfolk,25021,Not selected,25021-2,58,-71.327327,42.313746,,boundary vertex
Map,Norfolk,25021,Not selected,25021-2,59,-71.317208,42.316257,,boundary vertex
Map,Norfolk,25021,Not selected,25021-2,60,-71.305981,42.319069,,boundary vertex
Map,Norfolk,25021,Not selected,25021-2,61,-71.291793,42.322602,,boundary vertex
Map,Norfolk,25021,Not selected,25021-2,62,-71.28137,42.325226,,boundary vertex
Map,Norfolk,25021,Not selected,25021-2,63,-71.269958,42.328086,,boundary vertex
Map,Norfolk,25021,Not selected,25021-2,64,-71.265687,42.327242,,boundary vertex
Map,Norfolk,25021,Not selected,25021-2,65,-71.263092,42.326052,,boundary vertex
Map,Norfolk,25021,Not selected,25021-2,66,-71.258999,42.326341,,boundary vertex
Map,Norfolk,25021,Not selected,25021-2,67,-71.258474,42.3253,,boundary vertex
Map,Norfolk,25021,Not selected,25021-2,68,-71.257396,42.324482,,boundary vertex
Map,Norfolk,25021,Not selected,25021-2,69,-71.254594,42.325286,,boundary vertex
Map,Norfolk,25021,Not selected,25021-2,70,-71.252937,42.326756,,boundary vertex
Map,Norfolk,25021,Not selected,25021-2,71,-71.24919,42.323638,,boundary vertex
Map,Norfolk,25021,Not selected,25021-2,72,-71.246799,42.321061,,boundary vertex
Map,Norfolk,25021,Not selected,25021-2,73,-71.246146,42.321013,,boundary vertex
Map,Norfolk,25021,Not selected,25021-2,74,-71.240789,42.320898,,boundary vertex
Map,Norfolk,25021,Not selected,25021-2,75,-71.238421,42.321791,,boundary vertex
Map,Norfolk,25021,Not selected,25021-2,76,-71.23442,42.320809,,boundary vertex
Map,Norfolk,25021,Not selected,25021-2,77,-71.230913,42.320727,,boundary vertex
Map,Norfolk,25021,Not selected,25021-2,78,-71.228256,42.318846,,boundary vertex
Map,Norfolk,25021,Not selected,25021-2,79,-71.228035,42.316838,,boundary vertex
Map,Norfolk,25021,Not selected,25021-2,80,-71.227543,42.3154,,boundary vertex
Map,Norfolk,25021,Not selected,25021-2,81,-71.226286,42.314117,,boundary vertex
Map,Norfolk,25021,Not selected,25021-2,82,-71.227068,42.312398,,boundary vertex
Map,Norfolk,25021,Not selected,25021-2,83,-71.226311,42.310284,,boundary vertex
Map,Norfolk,25021,Not selected,25021-2,84,-71.226688,42.30825,,boundary vertex
Map,Norfolk,25021,Not selected,25021-2,85,-71.22411,42.3073,,boundary vertex
Map,Norfolk,25021,Not selected,25021-2,86,-71.220508,42.306407,,boundary vertex
Map,Norfolk,25021,Not selected,25021-2,87,-71.21819,42.306796,,boundary vertex
Map,Norfolk,25021,Not selected,25021-2,88,-71.213275,42.306161,,boundary vertex
Map,Norfolk,25021,Not selected,25021-2,89,-71.211289,42.303106,,boundary vertex
Map,Norfolk,25021,Not selected,25021-2,90,-71.211253,42.302266,,boundary vertex
Map,Norfolk,25021,Not selected,25021-2,91,-71.211565,42.29973,,boundary vertex
Map,Norfolk,25021,Not selected,25021-2,92,-71.207881,42.297157,,boundary vertex
Map,Norfolk,25021,Not selected,25021-2,93,-71.20635,42.294267,,boundary vertex
Map,Norfolk,25021,Not selected,25021-2,94,-71.20524,42.289568,,boundary vertex
Map,Norfolk,25021,Not selected,25021-2,95,-71.202975,42.288574,,boundary vertex
Map,Norfolk,25021,Not selected,25021-2,96,-71.20159,42.288633,,boundary vertex
Map,Norfolk,25021,Not selected,25021-2,97,-71.196732,42.286078,,boundary vertex
Map,Norfolk,25021,Not selected,25021-2,98,-71.195793,42.286196,,boundary vertex
Map,Norfolk,25021,Not selected,25021-2,99,-71.195268,42.287965,,boundary vertex
Map,Norfolk,25021,Not selected,25021-2,100,-71.19322,42.288014,,boundary vertex
Map,Norfolk,25021,Not selected,25021-2,101,-71.190886,42.285823,,boundary vertex
Map,Norfolk,25021,Not selected,25021-2,102,-71.191247,42.282992,,boundary vertex
Map,Norfolk,25021,Not selected,25021-2,103,-71.190753,42.28184,,boundary vertex
Map,Norfolk,25021,Not selected,25021-2,104,-71.188212,42.280438,,boundary vertex
Map,Norfolk,25021,Not selected,25021-2,105,-71.18599,42.279771,,boundary vertex
Map,Norfolk,25021,Not selected,25021-2,106,-71.185307,42.279497,,boundary vertex
Map,Norfolk,25021,Not selected,25021-2,107,-71.183159,42.275913,,boundary vertex
Map,Norfolk,25021,Not selected,25021-2,108,-71.177461,42.276868,,boundary vertex
Map,Norfolk,25021,Not selected,25021-2,109,-71.174972,42.276004,,boundary vertex
Map,Norfolk,25021,Not selected,25021-2,110,-71.174565,42.275576,,boundary vertex
Map,Norfolk,25021,Not selected,25021-2,111,-71.174418,42.275042,,boundary vertex
Map,Norfolk,25021,Not selected,25021-2,112,-71.174847,42.273729,,boundary vertex
Map,Norfolk,25021,Not selected,25021-2,113,-71.173583,42.271415,,boundary vertex
Map,Norfolk,25021,Not selected,25021-2,114,-71.173342,42.270849,,boundary vertex
Map,Norfolk,25021,Not selected,25021-2,115,-71.172953,42.270298,,boundary vertex
Map,Norfolk,25021,Not selected,25021-2,116,-71.174609,42.268373,,boundary vertex
Map,Norfolk,25021,Not selected,25021-2,117,-71.174154,42.267021,,boundary vertex
Map,Norfolk,25021,Not selected,25021-2,118,-71.171541,42.266142,,boundary vertex
Map,Norfolk,25021,Not selected,25021-2,119,-71.168604,42.26316,,boundary vertex
Map,Norfolk,25021,Not selected,25021-2,120,-71.167393,42.262197,,boundary vertex
Map,Norfolk,25021,Not selected,25021-2,121,-71.163393,42.259023,,boundary vertex
Map,Norfolk,25021,Not selected,25021-2,122,-71.161574,42.257546,,boundary vertex
Map,Norfolk,25021,Not selected,25021-2,123,-71.158584,42.255155,,boundary vertex
Map,Norfolk,25021,Not selected,25021-2,124,-71.155958,42.256485,,boundary vertex
Map,Norfolk,25021,Not selected,25021-2,125,-71.152118,42.258247,,boundary vertex
Map,Norfolk,25021,Not selected,25021-2,126,-71.150386,42.25746,,boundary vertex
Map,Norfolk,25021,Not selected,25021-2,127,-71.146642,42.255755,,boundary vertex
Map,Norfolk,25021,Not selected,25021-2,128,-71.146306,42.253933,,boundary vertex
Map,Norfolk,25021,Not selected,25021-2,129,-71.146127,42.252964,,boundary vertex
Map,Norfolk,25021,Not selected,25021-2,130,-71.144069,42.242819,,boundary vertex
Map,Norfolk,25021,Not selected,25021-2,131,-71.143498,42.240065,,boundary vertex
Map,Norfolk,25021,Not selected,25021-2,132,-71.142681,42.235998,,boundary vertex
Map,Norfolk,25021,Not selected,25021-2,133,-71.139241,42.23366,,boundary vertex
Map,Norfolk,25021,Not selected,25021-2,134,-71.136665,42.23191,,boundary vertex
Map,Norfolk,25021,Not selected,25021-2,135,-71.130771,42.227926,,boundary vertex
Map,Norfolk,25021,Not selected,25021-2,136,-71.130749,42.227911,,boundary vertex
Map,Norfolk,25021,Not selected,25021-2,137,-71.12742,42.231176,,boundary vertex
Map,Norfolk,25021,Not selected,25021-2,138,-71.125477,42.231882,,boundary vertex
Map,Norfolk,25021,Not selected,25021-2,139,-71.124587,42.234012,,boundary vertex
Map,Norfolk,25021,Not selected,25021-2,140,-71.122602,42.234515,,boundary vertex
Map,Norfolk,25021,Not selected,25021-2,141,-71.126377,42.239162,,boundary vertex
Map,Norfolk,25021,Not selected,25021-2,142,-71.12567,42.239527,,boundary vertex
Map,Norfolk,25021,Not selected,25021-2,143,-71.116529,42.244274,,boundary vertex
Map,Norfolk,25021,Not selected,25021-2,144,-71.114563,42.245284,,boundary vertex
Map,Norfolk,25021,Not selected,25021-2,145,-71.112057,42.246585,,boundary vertex
Map,Norfolk,25021,Not selected,25021-2,146,-71.109347,42.24799,,boundary vertex
Map,Norfolk,25021,Not selected,25021-2,147,-71.109465,42.25241,,boundary vertex
Map,Norfolk,25021,Not selected,25021-2,148,-71.109544,42.255412,,boundary vertex
Map,Norfolk,25021,Not selected,25021-2,149,-71.112392,42.258116,,boundary vertex
Map,Norfolk,25021,Not selected,25021-2,150,-71.113009,42.258689,,boundary vertex
Map,Norfolk,25021,Not selected,25021-2,151,-71.11326,42.258926,,boundary vertex
Map,Norfolk,25021,Not selected,25021-2,152,-71.11146,42.260769,,boundary vertex
Map,Norfolk,25021,Not selected,25021-2,153,-71.108405,42.261116,,boundary vertex
Map,Norfolk,25021,Not selected,25021-2,154,-71.105001,42.260804,,boundary vertex
Map,Norfolk,25021,Not selected,25021-2,155,-71.104062,42.259862,,boundary vertex
Map,Norfolk,25021,Not selected,25021-2,156,-71.103672,42.259723,,boundary vertex
Map,Norfolk,25021,Not selected,25021-2,157,-71.097899,42.262882,,boundary vertex
Map,Norfolk,25021,Not selected,25021-2,158,-71.097483,42.263089,,boundary vertex
Map,Norfolk,25021,Not selected,25021-2,159,-71.093908,42.26714,,boundary vertex
Map,Norfolk,25021,Not selected,25021-2,160,-71.093736,42.267136,,boundary vertex
Map,Norfolk,25021,Not selected,25021-2,161,-71.090258,42.266639,,boundary vertex
Map,Norfolk,25021,Not selected,25021-2,162,-71.089403,42.26969,,boundary vertex
Map,Norfolk,25021,Not selected,25021-2,163,-71.082761,42.268634,,boundary vertex
Map,Norfolk,25021,Not selected,25021-2,164,-71.080852,42.269322,,boundary vertex
Map,Norfolk,25021,Not selected,25021-2,165,-71.076492,42.270509,,boundary vertex
Map,Norfolk,25021,Not selected,25021-2,166,-71.075246,42.2703,,boundary vertex
Map,Norfolk,25021,Not selected,25021-2,167,-71.073264,42.270317,,boundary vertex
Map,Norfolk,25021,Not selected,25021-2,168,-71.072044,42.270817,,boundary vertex
Map,Norfolk,25021,Not selected,25021-2,169,-71.06814,42.271,,boundary vertex
Map,Norfolk,25021,Not selected,25021-2,170,-71.067815,42.271396,,boundary vertex
Map,Norfolk,25021,Not selected,25021-2,171,-71.065097,42.270659,,boundary vertex
Map,Norfolk,25021,Not selected,25021-2,172,-71.064695,42.268607,,boundary vertex
Map,Norfolk,25021,Not selected,25021-2,173,-71.062189,42.267159,,boundary vertex
Map,Norfolk,25021,Not selected,25021-2,174,-71.053836,42.271699,,boundary vertex
Map,Norfolk,25021,Not selected,25021-2,175,-71.053494,42.272458,,boundary vertex
Map,Norfolk,25021,Not selected,25021-2,176,-71.055575,42.275052,,boundary vertex
Map,Norfolk,25021,Not selected,25021-2,177,-71.053284,42.277502,,boundary vertex
Map,Norfolk,25021,Not selected,25021-2,178,-71.049802,42.2781,,boundary vertex
Map,Norfolk,25021,Not selected,25021-2,179,-71.04488,42.276266,,boundary vertex
Map,Norfolk,25021,Not selected,25021-2,180,-71.042782,42.277102,,boundary vertex
Map,Norfolk,25021,Not selected,25021-2,181,-71.041594,42.278098,,boundary vertex
Map,Norfolk,25021,Not selected,25021-2,182,-71.040494,42.281898,,boundary vertex
Map,Norfolk,25021,Not selected,25021-2,183,-71.039293,42.283799,,boundary vertex
Map,Norfolk,25021,Not selected,25021-2,184,-71.03908,42.283966,,boundary vertex
Map,Norfolk,25021,Not selected,25021-2,185,-71.0381271228924,42.284715047516,,boundary vertex
Map,Norfolk,25021,Not selected,25021-2,186,-71.037264,42.284144,,boundary vertex
Map,Norfolk,25021,Not selected,25021-2,187,-71.0371133770516,42.2842168416909,,boundary vertex
Map,Norfolk,25021,Not selected,25021-2,188,-71.032812,42.286297,,boundary vertex
Map,Norfolk,25021,Not selected,25021-2,189,-71.032108,42.288565,,boundary vertex
Map,Norfolk,25021,Not selected,25021-2,190,-71.033373,42.290036,,boundary vertex
Map,Norfolk,25021,Not selected,25021-2,191,-71.03905,42.300138,,boundary vertex
Map,Norfolk,25021,Not selected,25021-2,192,-71.036797,42.301392,,boundary vertex
Map,Norfolk,25021,Not selected,25021-2,193,-71.030394,42.300496,,boundary vertex
Map,Norfolk,25021,Not selected,25021-2,194,-71.025837,42.299698,,boundary vertex
Map,Norfolk,25021,Not selected,25021-2,195,-71.023297,42.297948,,boundary vertex
Map,Norfolk,25021,Not selected,25021-2,196,-71.023367,42.294474,,boundary vertex
Map,Norfolk,25021,Not selected,25021-2,197,-71.021523,42.294346,,boundary vertex
Map,Norfolk,25021,Not selected,25021-2,198,-71.0203281086215,42.2953691832527,,boundary vertex
Map,Norfolk,25021,Not selected,25021-2,199,-71.0196380717428,42.2959600605414,,boundary vertex
Map,Norfolk,25021,Not selected,25021-2,200,-71.0149414532442,42.2999817661782,,boundary vertex
Map,Norfolk,25021,Not selected,25021-2,201,-71.0146541847794,42.3002277536274,,boundary vertex
Map,Norfolk,25021,Not selected,25021-2,202,-71.0145026031843,42.3003575526638,,boundary vertex
Map,Norfolk,25021,Not selected,25021-2,203,-71.014251,42.300573,,boundary vertex
Map,Norfolk,25021,Not selected,25021-2,204,-71.013903,42.303429,,boundary vertex
Map,Norfolk,25021,Not selected,25021-2,205,-71.010807,42.30451,,boundary vertex
Map,Norfolk,25021,Not selected,25021-2,206,-71.0106743356722,42.3043345407277,,boundary vertex
Map,Norfolk,25021,Not selected,25021-2,207,-71.009102,42.302255,,boundary vertex
Map,Norfolk,25021,Not selected,25021-2,208,-71.001309,42.303455,,boundary vertex
Map,Norfolk,25021,Not selected,25021-2,209,-70.994908,42.305385,,boundary vertex
Map,Norfolk,25021,Not selected,25021-2,210,-70.99047,42.308023,,boundary vertex
Map,Norfolk,25021,Not selected,25021-2,211,-70.987428,42.30608,,boundary vertex
Map,Norfolk,25021,Not selected,25021-2,212,-70.990246,42.304073,,boundary vertex
Map,Norfolk,25021,Not selected,25021-2,213,-71.005206,42.300599,,boundary vertex
Map,Norfolk,25021,Not selected,25021-2,214,-71.00611,42.297125,,boundary vertex
Map,Norfolk,25021,Not selected,25021-2,215,-71.004616,42.294481,,boundary vertex
Map,Norfolk,25021,Not selected,25021-2,216,-71.0112040235165,42.2910112375837,,boundary vertex
Map,Norfolk,25021,Not selected,25021-2,217,-71.012769,42.290187,,boundary vertex
Map,Norfolk,25021,Not selected,25021-2,218,-71.02021,42.290495,,boundary vertex
Map,Norfolk,25021,Not selected,25021-2,219,-71.02231,42.288188,,boundary vertex
Map,Norfolk,25021,Not selected,25021-2,220,-71.0209154184429,42.2863012929356,,boundary vertex
Map,Norfolk,25021,Not selected,25021-2,221,-71.0201452479714,42.2852593416333,,boundary vertex
Map,Norfolk,25021,Not selected,25021-2,222,-71.0172529428601,42.2813463883477,,boundary vertex
Map,Norfolk,25021,Not selected,25021-2,223,-71.016138,42.279838,,boundary vertex
Map,Norfolk,25021,Not selected,25021-2,224,-71.0131516215695,42.2785913963387,,boundary vertex
Map,Norfolk,25021,Not selected,25021-2,225,-71.0087940234114,42.2767724045583,,boundary vertex
Map,Norfolk,25021,Not selected,25021-2,226,-70.998341,42.272409,,boundary vertex
Map,Norfolk,25021,Not selected,25021-2,227,-70.996002,42.266837,,boundary vertex
Map,Norfolk,25021,Not selected,25021-2,228,-70.9957971122527,42.2667894272202,,boundary vertex
Map,Norfolk,25021,Not selected,25021-2,229,-70.9866741464017,42.2646711705092,,boundary vertex
Map,Norfolk,25021,Not selected,25021-2,230,-70.985278,42.264347,,boundary vertex
Map,Norfolk,25021,Not selected,25021-2,231,-70.980714,42.265318,,boundary vertex
Map,Norfolk,25021,Not selected,25021-2,232,-70.973357,42.263009,,boundary vertex
Map,Norfolk,25021,Not selected,25021-2,233,-70.9704791043018,42.2650346010444,,boundary vertex
Map,Norfolk,25021,Not selected,25021-2,234,-70.9684986091648,42.2664285685258,,boundary vertex
Map,Norfolk,25021,Not selected,25021-2,235,-70.9680088507035,42.2667732840244,,boundary vertex
Map,Norfolk,25021,Not selected,25021-2,236,-70.964885,42.268972,,boundary vertex
Map,Norfolk,25021,Not selected,25021-2,237,-70.9588122006478,42.2702487874936,,boundary vertex
Map,Norfolk,25021,Not selected,25021-2,238,-70.9572400741126,42.2705793222902,,boundary vertex
Map,Norfolk,25021,Not selected,25021-2,239,-70.956219,42.270794,,boundary vertex
Map,Norfolk,25021,Not selected,25021-2,240,-70.954105,42.274793,,boundary vertex
Map,Norfolk,25021,Not selected,25021-2,241,-70.955724,42.279419,,boundary vertex
Map,Norfolk,25021,Not selected,25021-2,242,-70.954894,42.280466,,boundary vertex
Map,Norfolk,25021,Not selected,25021-2,243,-70.953186,42.279854,,boundary vertex
Map,Norfolk,25021,Not selected,25021-2,244,-70.949284,42.274205,,boundary vertex
Map,Norfolk,25021,Not selected,25021-2,245,-70.9501108011514,42.2693045176393,,boundary vertex
Map,Norfolk,25021,Not selected,25021-2,246,-70.950449,42.2673,,boundary vertex
Map,Norfolk,25021,Not selected,25021-2,247,-70.952173,42.264062,,boundary vertex
Map,Norfolk,25021,Not selected,25021-2,248,-70.951185,42.261266,,boundary vertex
Map,Norfolk,25021,Not selected,25021-2,249,-70.951803,42.260558,,boundary vertex
Map,Norfolk,25021,Not selected,25021-2,250,-70.9540913251401,42.261175345192,,boundary vertex
Map,Norfolk,25021,Not selected,25021-2,251,-70.959361,42.262597,,boundary vertex
Map,Norfolk,25021,Not selected,25021-2,252,-70.962111,42.260737,,boundary vertex
Map,Norfolk,25021,Not selected,25021-2,253,-70.963803,42.260922,,boundary vertex
Map,Norfolk,25021,Not selected,25021-2,254,-70.9642414836247,42.2605897664049,,boundary vertex
Map,Norfolk,25021,Not selected,25021-2,255,-70.965429,42.25969,,boundary vertex
Map,Norfolk,25021,Not selected,25021-2,256,-70.965811,42.257765,,boundary vertex
Map,Norfolk,25021,Not selected,25021-2,257,-70.960204,42.255771,,boundary vertex
Map,Norfolk,25021,Not selected,25021-2,258,-70.95839,42.256687,,boundary vertex
Map,Norfolk,25021,Not selected,25021-2,259,-70.95727,42.254988,,boundary vertex
Map,Norfolk,25021,Not selected,25021-2,260,-70.960186,42.251877,,boundary vertex
Map,Norfolk,25021,Not selected,25021-2,261,-70.9612166151308,42.2502385265767,,boundary vertex
Map,Norfolk,25021,Not selected,25021-2,262,-70.9622118351046,42.2486563244252,,boundary vertex
Map,Norfolk,25021,Not selected,25021-2,263,-70.962402,42.248354,,boundary vertex
Map,Norfolk,25021,Not selected,25021-2,264,-70.9622709370614,42.2474289339498,,boundary vertex
Map,Norfolk,25021,Not selected,25021-2,265,-70.9621303625804,42.2464367337036,,boundary vertex
Map,Norfolk,25021,Not selected,25021-2,266,-70.962127,42.246413,,boundary vertex
Map,Norfolk,25021,Not selected,25021-2,267,-70.9620512957532,42.2463817921323,,boundary vertex
Map,Norfolk,25021,Not selected,25021-2,268,-70.959495,42.245328,,boundary vertex
Map,Norfolk,25021,Not selected,25021-2,269,-70.957457,42.247339,,boundary vertex
Map,Norfolk,25021,Not selected,25021-2,270,-70.955368,42.247388,,boundary vertex
Map,Norfolk,25021,Not selected,25021-2,271,-70.9548398158237,42.2475921971459,,boundary vertex
Map,Norfolk,25021,Not selected,25021-2,272,-70.9492236757077,42.2497634090717,,boundary vertex
Map,Norfolk,25021,Not selected,25021-2,273,-70.9445534220601,42.2515689392413,,boundary vertex
Map,Norfolk,25021,Not selected,25021-2,274,-70.943172,42.252103,,boundary vertex
Map,Norfolk,25021,Not selected,25021-2,275,-70.936164,42.256818,,boundary vertex
Map,Norfolk,25021,Not selected,25021-2,276,-70.927227,42.257381,,boundary vertex
Map,Norfolk,25021,Not selected,25021-2,277,-70.92483,42.263339,,boundary vertex
Map,Norfolk,25021,Not selected,25021-2,278,-70.925897,42.26917,,boundary vertex
Map,Norfolk,25021,Not selected,25021-2,279,-70.918236,42.271861,,boundary vertex
Map,Norfolk,25021,Not selected,25021-2,280,-70.912932,42.269792,,boundary vertex
Map,Norfolk,25021,Not selected,25021-2,281,-70.909421,42.268286,,boundary vertex
Map,Norfolk,25021,Not selected,25021-2,282,-70.9082859092802,42.2647153306132,,boundary vertex
Map,Norfolk,25021,Not selected,25021-2,283,-70.90899,42.264399,,boundary vertex
Map,Norfolk,25021,Not selected,25021-2,284,-70.91739,42.263899,,boundary vertex
Map,Norfolk,25021,Not selected,25021-2,285,-70.918191,42.2601,,boundary vertex
Map,Norfolk,25021,Not selected,25021-2,286,-70.917081,42.2556,,boundary vertex
Map,Norfolk,25021,Not selected,25021-2,287,-70.91932,42.254703,,boundary vertex
Map,Norfolk,25021,Not selected,25021-2,288,-70.932435,42.252644,,boundary vertex
Map,Norfolk,25021,Not selected,25021-2,289,-70.933491,42.25,,boundary vertex
Map,Norfolk,25021,Not selected,25021-2,290,-70.931191,42.2486,,boundary vertex
Map,Norfolk,25021,Not selected,25021-2,291,-70.931019,42.247041,,boundary vertex
Map,Norfolk,25021,Not selected,25021-2,292,-70.93111,42.246393,,boundary vertex
Map,Norfolk,25021,Not selected,25021-2,293,-70.93129,42.244299,,boundary vertex
Map,Norfolk,25021,Not selected,25021-2,294,-70.929591,42.2427,,boundary vertex
Map,Norfolk,25021,Not selected,25021-2,295,-70.92579,42.2368,,boundary vertex
Map,Norfolk,25021,Not selected,25021-2,296,-70.92239,42.2293,,boundary vertex
Map,Norfolk,25021,Not selected,25021-2,297,-70.923751,42.228055,,boundary vertex
Map,Norfolk,25021,Not selected,25021-2,298,-70.92349,42.2259,,boundary vertex
Map,Norfolk,25021,Not selected,25021-2,299,-70.92209,42.2253,,boundary vertex
Map,Norfolk,25021,Not selected,25021-2,300,-70.92049,42.2258,,boundary vertex
Map,Norfolk,25021,Not selected,25021-2,301,-70.916334,42.225718,,boundary vertex
Map,Norfolk,25021,Not selected,25021-2,302,-70.914745,42.225115,,boundary vertex
Map,Norfolk,25021,Not selected,25021-2,303,-70.916264,42.214996,,boundary vertex
Map,Norfolk,25021,Not selected,25021-2,304,-70.916997,42.210118,,boundary vertex
Map,Norfolk,25021,Not selected,25021-2,305,-70.918685,42.198859,,boundary vertex
Map,Norfolk,25021,Not selected,25021-2,306,-70.919458,42.193703,,boundary vertex
Map,Norfolk,25021,Not selected,25021-2,307,-70.921168,42.182301,,boundary vertex
Map,Norfolk,25021,Not selected,25021-2,308,-70.921367,42.18098,,boundary vertex
Map,Norfolk,25021,Not selected,25021-2,309,-70.923324,42.167936,,boundary vertex
Map,Norfolk,25021,Not selected,25021-2,310,-70.924877,42.15758,,boundary vertex
Map,Norfolk,25021,Not selected,25021-2,311,-70.928462,42.156184,,boundary vertex
Map,Norfolk,25021,Not selected,25021-2,312,-70.934566,42.153792,,boundary vertex
Map,Norfolk,25021,Not selected,25021-2,313,-70.940768,42.151365,,boundary vertex
Map,Norfolk,25021,Not selected,25021-2,314,-70.948963,42.148156,,boundary vertex
Map,Norfolk,25021,Not selected,25021-2,315,-70.954645,42.145939,,boundary vertex
Map,Norfolk,25021,Not selected,25021-2,316,-70.970875,42.13958,,boundary vertex
Map,Norfolk,25021,Not selected,25021-2,317,-70.977437,42.137011,,boundary vertex
Map,Norfolk,25021,Not selected,25021-2,318,-70.98127,42.135511,,boundary vertex
Map,Norfolk,25021,Not selected,25021-2,319,-71.002152,42.127304,,boundary vertex
Map,Norfolk,25021,Not selected,25021-2,320,-71.001974,42.126526,,boundary vertex
Map,Norfolk,25021,Not selected,25021-2,321,-71.002029,42.126506,,boundary vertex
Map,Norfolk,25021,Not selected,25021-2,322,-71.016723,42.120753,,boundary vertex
Map,Norfolk,25021,Not selected,25021-2,323,-71.021859,42.118745,,boundary vertex
Map,Norfolk,25021,Not selected,25021-2,324,-71.025534,42.117293,,boundary vertex
Map,Norfolk,25021,Not selected,25021-2,325,-71.034188,42.113872,,boundary vertex
Map,Norfolk,25021,Not selected,25021-2,326,-71.041056,42.111169,,boundary vertex
Map,Norfolk,25021,Not selected,25021-2,327,-71.044305,42.109878,,boundary vertex
Map,Norfolk,25021,Not selected,25021-2,328,-71.057766,42.10457,,boundary vertex
Map,Norfolk,25021,Not selected,25021-2,329,-71.061256,42.103194,,boundary vertex
Map,Norfolk,25021,Not selected,25021-2,330,-71.067006,42.100905,,boundary vertex
Map,Norfolk,25021,Not selected,25021-2,331,-71.079343,42.095993,,boundary vertex
Map,Norfolk,25021,Not selected,25021-2,332,-71.080483,42.095539,,boundary vertex
Map,Norfolk,25021,Not selected,25021-2,333,-71.09328,42.09053,,boundary vertex
Map,Norfolk,25021,Not selected,25021-2,334,-71.098373,42.088534,,boundary vertex
Map,Norfolk,25021,Not selected,25021-2,335,-71.112863,42.082863,,boundary vertex
Map,Norfolk,25021,Not selected,25021-2,336,-71.138607,42.072775,,boundary vertex
Map,Norfolk,25021,Not selected,25021-2,337,-71.14226,42.071363,,boundary vertex
Map,Norfolk,25021,Not selected,25021-2,338,-71.168681,42.061161,,boundary vertex
Map,Norfolk,25021,Not selected,25021-2,339,-71.178457,42.057362,,boundary vertex
Map,Norfolk,25021,Not selected,25021-2,340,-71.192629,42.051825,,boundary vertex
Map,Norfolk,25021,Not selected,25021-2,341,-71.208503,42.045627,,boundary vertex
Map,Norfolk,25021,Not selected,25021-2,342,-71.21158,42.044428,,boundary vertex
Map,Norfolk,25021,Not selected,25021-2,343,-71.223893,42.039618,,boundary vertex
Map,Norfolk,25021,Not selected,25021-2,344,-71.235435,42.035105,,boundary vertex
Map,Norfolk,25021,Not selected,25021-2,345,-71.242364,42.032395,,boundary vertex
Map,Norfolk,25021,Not selected,25021-2,346,-71.25686,42.026731,,boundary vertex
Map,Norfolk,25021,Not selected,25021-2,347,-71.258734,42.025999,,boundary vertex
Map,Norfolk,25021,Not selected,25021-2,348,-71.27016,42.021535,,boundary vertex
Map,Norfolk,25021,Not selected,25021-2,349,-71.288265,42.014462,,boundary vertex
Map,Norfolk,25021,Not selected,25021-2,350,-71.303616,42.008585,,boundary vertex
Map,Norfolk,25021,Not selected,25021-2,351,-71.326932,41.999647,,boundary vertex
Map,Norfolk,25021,Not selected,25021-2,352,-71.338795,41.995092,,boundary vertex
Map,Norfolk,25021,Not selected,25021-2,353,-71.342822,41.993546,,boundary vertex
Map,Norfolk,25021,Not selected,25021-2,354,-71.364344,41.985293,,boundary vertex
Map,Norfolk,25021,Not selected,25021-2,355,-71.3814657108006,41.9850843199885,,boundary vertex
Map,Norfolk,25021,Not selected,25021-2,356,-71.3814370412492,42.0000208695584,,boundary vertex
Map,Norfolk,25021,Not selected,25021-2,357,-71.381401,42.018798,,boundary vertex
Map,Norfolk,25021,Not selected,25021-2,358,-71.4144186146141,42.0183522075931,,boundary vertex
Map,Norfolk,25021,Not selected,25021-2,359,-71.4243569233817,42.0182180239873,,boundary vertex
Map,Norfolk,25021,Not selected,25021-2,360,-71.4581035191943,42.0177623891285,,boundary vertex
Map,Norfolk,25021,Not selected,25021-2,361,-71.4581166451263,42.0177622119067,,boundary vertex
Map,Norfolk,25021,Not selected,25021-2,362,-71.483712882957,42.0174166203611,,boundary vertex
Map,Norfolk,25021,Not selected,25021-2,363,-71.4837831179649,42.0174156720723,,boundary vertex
Map,Norfolk,25021,Not selected,25021-2,364,-71.4913542802411,42.0173134488592,,boundary vertex
Map,Norfolk,25021,Not selected,25021-2,365,-71.498258301062,42.0172202331592,,boundary vertex
Map,Norfolk,25021,Not selected,25021-2,366,-71.498167,42.02467,,boundary vertex
Map,Norfolk,25021,Not selected,25021-2,367,-71.497901,42.031513,,boundary vertex
Map,Norfolk,25021,Not selected,25021-2,368,-71.49826,42.03159,,boundary vertex
Map,Norfolk,25021,Not selected,25021-2,369,-71.498262,42.034383,,boundary vertex
Map,Norfolk,25021,Not selected,25021-2,370,-71.498306,42.058196,,boundary vertex
Map,Norfolk,25021,Not selected,25021-2,371,-71.498287,42.064878,,boundary vertex
Map,Norfolk,25021,Not selected,25021-2,372,-71.498269,42.075751,,boundary vertex
Map,Norfolk,25021,Not selected,25021-2,373,-71.498236,42.088563,,boundary vertex
Map,Norfolk,25021,Not selected,25021-2,374,-71.498127,42.093415,,boundary vertex
Map,Norfolk,25021,Not selected,25021-2,375,-71.49553,42.099962,,boundary vertex
Map,Norfolk,25021,Not selected,25021-2,376,-71.49693,42.102357,,boundary vertex
Map,Norfolk,25021,Not selected,25021-2,377,-71.499689,42.10349,,boundary vertex
Map,Norfolk,25021,Not selected,25021-2,378,-71.501225,42.105945,,boundary vertex
Map,Norfolk,25021,Not selected,25021-2,379,-71.500599,42.107457,,boundary vertex
Map,Norfolk,25021,Not selected,25021-2,380,-71.503078,42.110285,,boundary vertex
Map,Plymouth,25023,Investigate,25023-0,0,-70.883352,42.340491,,boundary vertex
Map,Plymouth,25023,Investigate,25023-0,1,-70.881583,42.341471,,boundary vertex
Map,Plymouth,25023,Investigate,25023-0,2,-70.880207,42.342307,,boundary vertex
Map,Plymouth,25023,Investigate,25023-0,3,-70.878634,42.342743,,boundary vertex
Map,Plymouth,25023,Investigate,25023-0,4,-70.877583,42.34287,,boundary vertex
Map,Plymouth,25023,Investigate,25023-0,5,-70.877166,42.343304,,boundary vertex
Map,Plymouth,25023,Investigate,25023-0,6,-70.875989,42.343506,,boundary vertex
Map,Plymouth,25023,Investigate,25023-0,7,-70.875199,42.343666,,boundary vertex
Map,Plymouth,25023,Investigate,25023-0,8,-70.873953,42.343634,,boundary vertex
Map,Plymouth,25023,Investigate,25023-0,9,-70.874386,42.342675,,boundary vertex
Map,Plymouth,25023,Investigate,25023-0,10,-70.875264,42.341764,,boundary vertex
Map,Plymouth,25023,Investigate,25023-0,11,-70.87605,42.341229,,boundary vertex
Map,Plymouth,25023,Investigate,25023-0,12,-70.877096,42.341162,,boundary vertex
Map,Plymouth,25023,Investigate,25023-0,13,-70.878874,42.341033,,boundary vertex
Map,Plymouth,25023,Investigate,25023-0,14,-70.880089,42.34096,,boundary vertex
Map,Plymouth,25023,Investigate,25023-0,15,-70.880621,42.341163,,boundary vertex
Map,Plymouth,25023,Investigate,25023-0,16,-70.881681,42.340527,,boundary vertex
Map,Plymouth,25023,Investigate,25023-0,17,-70.882656,42.340238,,boundary vertex
Map,Plymouth,25023,Investigate,25023-0,18,-70.883465,42.340035,,boundary vertex
Map,Plymouth,25023,Investigate,25023-0,19,-70.883352,42.340491,,boundary vertex
Map,Plymouth,25023,Investigate,25023-1,0,-70.891755,42.338856,,boundary vertex
Map,Plymouth,25023,Investigate,25023-1,1,-70.88861,42.339655,,boundary vertex
Map,Plymouth,25023,Investigate,25023-1,2,-70.886251,42.339946,,boundary vertex
Map,Plymouth,25023,Investigate,25023-1,3,-70.884777,42.339328,,boundary vertex
Map,Plymouth,25023,Investigate,25023-1,4,-70.885956,42.338456,,boundary vertex
Map,Plymouth,25023,Investigate,25023-1,5,-70.887529,42.338202,,boundary vertex
Map,Plymouth,25023,Investigate,25023-1,6,-70.889544,42.338311,,boundary vertex
Map,Plymouth,25023,Investigate,25023-1,7,-70.891018,42.338057,,boundary vertex
Map,Plymouth,25023,Investigate,25023-1,8,-70.891804,42.338129,,boundary vertex
Map,Plymouth,25023,Investigate,25023-1,9,-70.891755,42.338856,,boundary vertex
Map,Plymouth,25023,Investigate,25023-2,0,-70.892296,42.328394,,boundary vertex
Map,Plymouth,25023,Investigate,25023-2,1,-70.89111,42.328445,,boundary vertex
Map,Plymouth,25023,Investigate,25023-2,2,-70.888954,42.328902,,boundary vertex
Map,Plymouth,25023,Investigate,25023-2,3,-70.888775,42.328461,,boundary vertex
Map,Plymouth,25023,Investigate,25023-2,4,-70.889151,42.32774,,boundary vertex
Map,Plymouth,25023,Investigate,25023-2,5,-70.89077,42.327607,,boundary vertex
Map,Plymouth,25023,Investigate,25023-2,6,-70.891952,42.327231,,boundary vertex
Map,Plymouth,25023,Investigate,25023-2,7,-70.892492,42.32803,,boundary vertex
Map,Plymouth,25023,Investigate,25023-2,8,-70.892296,42.328394,,boundary vertex
Map,Plymouth,25023,Investigate,25023-3,0,-70.898407,42.340266,,boundary vertex
Map,Plymouth,25023,Investigate,25023-3,1,-70.89721,42.343324,,boundary vertex
Map,Plymouth,25023,Investigate,25023-3,2,-70.8956,42.343892,,boundary vertex
Map,Plymouth,25023,Investigate,25023-3,3,-70.894605,42.342379,,boundary vertex
Map,Plymouth,25023,Investigate,25023-3,4,-70.894605,42.340309,,boundary vertex
Map,Plymouth,25023,Investigate,25023-3,5,-70.895156,42.338879,,boundary vertex
Map,Plymouth,25023,Investigate,25023-3,6,-70.896714,42.338475,,boundary vertex
Map,Plymouth,25023,Investigate,25023-3,7,-70.897354,42.339492,,boundary vertex
Map,Plymouth,25023,Investigate,25023-3,8,-70.898407,42.340266,,boundary vertex
Map,Plymouth,25023,Investigate,25023-4,0,-70.898439,42.331191,,boundary vertex
Map,Plymouth,25023,Investigate,25023-4,1,-70.897259,42.332644,,boundary vertex
Map,Plymouth,25023,Investigate,25023-4,2,-70.897063,42.333952,,boundary vertex
Map,Plymouth,25023,Investigate,25023-4,3,-70.896031,42.334715,,boundary vertex
Map,Plymouth,25023,Investigate,25023-4,4,-70.894601,42.335096,,boundary vertex
Map,Plymouth,25023,Investigate,25023-4,5,-70.894065,42.33498,,boundary vertex
Map,Plymouth,25023,Investigate,25023-4,6,-70.893967,42.334497,,boundary vertex
Map,Plymouth,25023,Investigate,25023-4,7,-70.895013,42.333807,,boundary vertex
Map,Plymouth,25023,Investigate,25023-4,8,-70.895692,42.331945,,boundary vertex
Map,Plymouth,25023,Investigate,25023-4,9,-70.89608,42.330355,,boundary vertex
Map,Plymouth,25023,Investigate,25023-4,10,-70.897554,42.330246,,boundary vertex
Map,Plymouth,25023,Investigate,25023-4,11,-70.897853,42.330678,,boundary vertex
Map,Plymouth,25023,Investigate,25023-4,12,-70.898586,42.330501,,boundary vertex
Map,Plymouth,25023,Investigate,25023-4,13,-70.898439,42.331191,,boundary vertex
Map,Plymouth,25023,Investigate,25023-5,0,-70.95108,42.289726,,boundary vertex
Map,Plymouth,25023,Investigate,25023-5,1,-70.94864,42.291637,,boundary vertex
Map,Plymouth,25023,Investigate,25023-5,2,-70.941654,42.292214,,boundary vertex
Map,Plymouth,25023,Investigate,25023-5,3,-70.9357,42.296523,,boundary vertex
Map,Plymouth,25023,Investigate,25023-5,4,-70.935272,42.302101,,boundary vertex
Map,Plymouth,25023,Investigate,25023-5,5,-70.929357,42.303321,,boundary vertex
Map,Plymouth,25023,Investigate,25023-5,6,-70.92638,42.301406,,boundary vertex
Map,Plymouth,25023,Investigate,25023-5,7,-70.926638,42.299204,,boundary vertex
Map,Plymouth,25023,Investigate,25023-5,8,-70.930004,42.296811,,boundary vertex
Map,Plymouth,25023,Investigate,25023-5,9,-70.935311,42.291927,,boundary vertex
Map,Plymouth,25023,Investigate,25023-5,10,-70.937332,42.284916,,boundary vertex
Map,Plymouth,25023,Investigate,25023-5,11,-70.942561,42.287522,,boundary vertex
Map,Plymouth,25023,Investigate,25023-5,12,-70.94902,42.285946,,boundary vertex
Map,Plymouth,25023,Investigate,25023-5,13,-70.95108,42.289726,,boundary vertex
Map,Plymouth,25023,Investigate,25023-6,0,-71.079343,42.095993,,boundary vertex
Map,Plymouth,25023,Investigate,25023-6,1,-71.067006,42.100905,,boundary vertex
Map,Plymouth,25023,Investigate,25023-6,2,-71.061256,42.103194,,boundary vertex
Map,Plymouth,25023,Investigate,25023-6,3,-71.057766,42.10457,,boundary vertex
Map,Plymouth,25023,Investigate,25023-6,4,-71.044305,42.109878,,boundary vertex
Map,Plymouth,25023,Investigate,25023-6,5,-71.041056,42.111169,,boundary vertex
Map,Plymouth,25023,Investigate,25023-6,6,-71.034188,42.113872,,boundary vertex
Map,Plymouth,25023,Investigate,25023-6,7,-71.025534,42.117293,,boundary vertex
Map,Plymouth,25023,Investigate,25023-6,8,-71.021859,42.118745,,boundary vertex
Map,Plymouth,25023,Investigate,25023-6,9,-71.016723,42.120753,,boundary vertex
Map,Plymouth,25023,Investigate,25023-6,10,-71.002029,42.126506,,boundary vertex
Map,Plymouth,25023,Investigate,25023-6,11,-71.001974,42.126526,,boundary vertex
Map,Plymouth,25023,Investigate,25023-6,12,-71.002152,42.127304,,boundary vertex
Map,Plymouth,25023,Investigate,25023-6,13,-70.98127,42.135511,,boundary vertex
Map,Plymouth,25023,Investigate,25023-6,14,-70.977437,42.137011,,boundary vertex
Map,Plymouth,25023,Investigate,25023-6,15,-70.970875,42.13958,,boundary vertex
Map,Plymouth,25023,Investigate,25023-6,16,-70.954645,42.145939,,boundary vertex
Map,Plymouth,25023,Investigate,25023-6,17,-70.948963,42.148156,,boundary vertex
Map,Plymouth,25023,Investigate,25023-6,18,-70.940768,42.151365,,boundary vertex
Map,Plymouth,25023,Investigate,25023-6,19,-70.934566,42.153792,,boundary vertex
Map,Plymouth,25023,Investigate,25023-6,20,-70.928462,42.156184,,boundary vertex
Map,Plymouth,25023,Investigate,25023-6,21,-70.924877,42.15758,,boundary vertex
Map,Plymouth,25023,Investigate,25023-6,22,-70.923324,42.167936,,boundary vertex
Map,Plymouth,25023,Investigate,25023-6,23,-70.921367,42.18098,,boundary vertex
Map,Plymouth,25023,Investigate,25023-6,24,-70.921168,42.182301,,boundary vertex
Map,Plymouth,25023,Investigate,25023-6,25,-70.919458,42.193703,,boundary vertex
Map,Plymouth,25023,Investigate,25023-6,26,-70.918685,42.198859,,boundary vertex
Map,Plymouth,25023,Investigate,25023-6,27,-70.916997,42.210118,,boundary vertex
Map,Plymouth,25023,Investigate,25023-6,28,-70.916264,42.214996,,boundary vertex
Map,Plymouth,25023,Investigate,25023-6,29,-70.914745,42.225115,,boundary vertex
Map,Plymouth,25023,Investigate,25023-6,30,-70.916334,42.225718,,boundary vertex
Map,Plymouth,25023,Investigate,25023-6,31,-70.92049,42.2258,,boundary vertex
Map,Plymouth,25023,Investigate,25023-6,32,-70.92209,42.2253,,boundary vertex
Map,Plymouth,25023,Investigate,25023-6,33,-70.92349,42.2259,,boundary vertex
Map,Plymouth,25023,Investigate,25023-6,34,-70.923751,42.228055,,boundary vertex
Map,Plymouth,25023,Investigate,25023-6,35,-70.92239,42.2293,,boundary vertex
Map,Plymouth,25023,Investigate,25023-6,36,-70.92579,42.2368,,boundary vertex
Map,Plymouth,25023,Investigate,25023-6,37,-70.929591,42.2427,,boundary vertex
Map,Plymouth,25023,Investigate,25023-6,38,-70.93129,42.244299,,boundary vertex
Map,Plymouth,25023,Investigate,25023-6,39,-70.93111,42.246393,,boundary vertex
Map,Plymouth,25023,Investigate,25023-6,40,-70.931019,42.247041,,boundary vertex
Map,Plymouth,25023,Investigate,25023-6,41,-70.931191,42.2486,,boundary vertex
Map,Plymouth,25023,Investigate,25023-6,42,-70.933491,42.25,,boundary vertex
Map,Plymouth,25023,Investigate,25023-6,43,-70.932435,42.252644,,boundary vertex
Map,Plymouth,25023,Investigate,25023-6,44,-70.91932,42.254703,,boundary vertex
Map,Plymouth,25023,Investigate,25023-6,45,-70.917081,42.2556,,boundary vertex
Map,Plymouth,25023,Investigate,25023-6,46,-70.918191,42.2601,,boundary vertex
Map,Plymouth,25023,Investigate,25023-6,47,-70.91739,42.263899,,boundary vertex
Map,Plymouth,25023,Investigate,25023-6,48,-70.90899,42.264399,,boundary vertex
Map,Plymouth,25023,Investigate,25023-6,49,-70.9082859092802,42.2647153306132,,boundary vertex
Map,Plymouth,25023,Investigate,25023-6,50,-70.90752,42.262306,,boundary vertex
Map,Plymouth,25023,Investigate,25023-6,51,-70.9068501622526,42.2623279045595,,boundary vertex
Map,Plymouth,25023,Investigate,25023-6,52,-70.903881,42.262425,,boundary vertex
Map,Plymouth,25023,Investigate,25023-6,53,-70.899817,42.26115,,boundary vertex
Map,Plymouth,25023,Investigate,25023-6,54,-70.895873,42.262657,,boundary vertex
Map,Plymouth,25023,Investigate,25023-6,55,-70.893784,42.262316,,boundary vertex
Map,Plymouth,25023,Investigate,25023-6,56,-70.89386,42.261085,,boundary vertex
Map,Plymouth,25023,Investigate,25023-6,57,-70.895879,42.259846,,boundary vertex
Map,Plymouth,25023,Investigate,25023-6,58,-70.896751,42.257557,,boundary vertex
Map,Plymouth,25023,Investigate,25023-6,59,-70.898367,42.257232,,boundary vertex
Map,Plymouth,25023,Investigate,25023-6,60,-70.897893,42.256001,,boundary vertex
Map,Plymouth,25023,Investigate,25023-6,61,-70.892857,42.253412,,boundary vertex
Map,Plymouth,25023,Investigate,25023-6,62,-70.8911152593116,42.250804,,boundary vertex
Map,Plymouth,25023,Investigate,25023-6,63,-70.890024,42.24917,,boundary vertex
Map,Plymouth,25023,Investigate,25023-6,64,-70.8872171010328,42.2474039216055,,boundary vertex
Map,Plymouth,25023,Investigate,25023-6,65,-70.884269,42.245549,,boundary vertex
Map,Plymouth,25023,Investigate,25023-6,66,-70.8839946978795,42.2456697333458,,boundary vertex
Map,Plymouth,25023,Investigate,25023-6,67,-70.8835793111657,42.2458525646986,,boundary vertex
Map,Plymouth,25023,Investigate,25023-6,68,-70.8809220376026,42.2470221565616,,boundary vertex
Map,Plymouth,25023,Investigate,25023-6,69,-70.877753,42.248417,,boundary vertex
Map,Plymouth,25023,Investigate,25023-6,70,-70.875529,42.256863,,boundary vertex
Map,Plymouth,25023,Investigate,25023-6,71,-70.87876,42.258963,,boundary vertex
Map,Plymouth,25023,Investigate,25023-6,72,-70.882801,42.26811,,boundary vertex
Map,Plymouth,25023,Investigate,25023-6,73,-70.8873341640442,42.2730873747445,,boundary vertex
Map,Plymouth,25023,Investigate,25023-6,74,-70.8901577364405,42.2761876327095,,boundary vertex
Map,Plymouth,25023,Investigate,25023-6,75,-70.890169,42.2762,,boundary vertex
Map,Plymouth,25023,Investigate,25023-6,76,-70.902059,42.28041,,boundary vertex
Map,Plymouth,25023,Investigate,25023-6,77,-70.903238,42.281335,,boundary vertex
Map,Plymouth,25023,Investigate,25023-6,78,-70.90152,42.282694,,boundary vertex
Map,Plymouth,25023,Investigate,25023-6,79,-70.893972,42.281476,,boundary vertex
Map,Plymouth,25023,Investigate,25023-6,80,-70.884702,42.277783,,boundary vertex
Map,Plymouth,25023,Investigate,25023-6,81,-70.878285,42.278311,,boundary vertex
Map,Plymouth,25023,Investigate,25023-6,82,-70.879473,42.282003,,boundary vertex
Map,Plymouth,25023,Investigate,25023-6,83,-70.8796530357469,42.28231374594,,boundary vertex
Map,Plymouth,25023,Investigate,25023-6,84,-70.8804813104565,42.2837433675994,,boundary vertex
Map,Plymouth,25023,Investigate,25023-6,85,-70.883039,42.288158,,boundary vertex
Map,Plymouth,25023,Investigate,25023-6,86,-70.8851410937082,42.2905873194446,,boundary vertex
Map,Plymouth,25023,Investigate,25023-6,87,-70.886842,42.292553,,boundary vertex
Map,Plymouth,25023,Investigate,25023-6,88,-70.887317,42.297652,,boundary vertex
Map,Plymouth,25023,Investigate,25023-6,89,-70.8915300137207,42.2984000190972,,boundary vertex
Map,Plymouth,25023,Investigate,25023-6,90,-70.893259,42.298707,,boundary vertex
Map,Plymouth,25023,Investigate,25023-6,91,-70.903954,42.301695,,boundary vertex
Map,Plymouth,25023,Investigate,25023-6,92,-70.910372,42.299058,,boundary vertex
Map,Plymouth,25023,Investigate,25023-6,93,-70.915588,42.302463,,boundary vertex
Map,Plymouth,25023,Investigate,25023-6,94,-70.923444,42.302398,,boundary vertex
Map,Plymouth,25023,Investigate,25023-6,95,-70.92392,42.305035,,boundary vertex
Map,Plymouth,25023,Investigate,25023-6,96,-70.91749,42.305686,,boundary vertex
Map,Plymouth,25023,Investigate,25023-6,97,-70.907556,42.307889,,boundary vertex
Map,Plymouth,25023,Investigate,25023-6,98,-70.895862,42.305934,,boundary vertex
Map,Plymouth,25023,Investigate,25023-6,99,-70.889456,42.310484,,boundary vertex
Map,Plymouth,25023,Investigate,25023-6,100,-70.88268,42.310393,,boundary vertex
Map,Plymouth,25023,Investigate,25023-6,101,-70.8818999752362,42.3051150855688,,boundary vertex
Map,Plymouth,25023,Investigate,25023-6,102,-70.881242,42.300663,,boundary vertex
Map,Plymouth,25023,Investigate,25023-6,103,-70.8792973528757,42.29785077282,,boundary vertex
Map,Plymouth,25023,Investigate,25023-6,104,-70.8758586416714,42.2928779235087,,boundary vertex
Map,Plymouth,25023,Investigate,25023-6,105,-70.8718524883734,42.2870844748923,,boundary vertex
Map,Plymouth,25023,Investigate,25023-6,106,-70.870873,42.285668,,boundary vertex
Map,Plymouth,25023,Investigate,25023-6,107,-70.8675590249466,42.2821211767104,,boundary vertex
Map,Plymouth,25023,Investigate,25023-6,108,-70.861807,42.275965,,boundary vertex
Map,Plymouth,25023,Investigate,25023-6,109,-70.857337473493,42.2727549004601,,boundary vertex
Map,Plymouth,25023,Investigate,25023-6,110,-70.851093,42.26827,,boundary vertex
Map,Plymouth,25023,Investigate,25023-6,111,-70.831075,42.267424,,boundary vertex
Map,Plymouth,25023,Investigate,25023-6,112,-70.8246607239285,42.2659346457723,,boundary vertex
Map,Plymouth,25023,Investigate,25023-6,113,-70.826986,42.264368,,boundary vertex
Map,Plymouth,25023,Investigate,25023-6,114,-70.836237,42.264664,,boundary vertex
Map,Plymouth,25023,Investigate,25023-6,115,-70.838644,42.263498,,boundary vertex
Map,Plymouth,25023,Investigate,25023-6,116,-70.840627,42.260989,,boundary vertex
Map,Plymouth,25023,Investigate,25023-6,117,-70.844627,42.260426,,boundary vertex
Map,Plymouth,25023,Investigate,25023-6,118,-70.844753,42.259779,,boundary vertex
Map,Plymouth,25023,Investigate,25023-6,119,-70.845698,42.258072,,boundary vertex
Map,Plymouth,25023,Investigate,25023-6,120,-70.84729,42.254101,,boundary vertex
Map,Plymouth,25023,Investigate,25023-6,121,-70.848937,42.25214,,boundary vertex
Map,Plymouth,25023,Investigate,25023-6,122,-70.848227,42.250246,,boundary vertex
Map,Plymouth,25023,Investigate,25023-6,123,-70.849277,42.247331,,boundary vertex
Map,Plymouth,25023,Investigate,25023-6,124,-70.841241,42.244546,,boundary vertex
Map,Plymouth,25023,Investigate,25023-6,125,-70.841152,42.243346,,boundary vertex
Map,Plymouth,25023,Investigate,25023-6,126,-70.844664,42.242271,,boundary vertex
Map,Plymouth,25023,Investigate,25023-6,127,-70.85338,42.239607,,boundary vertex
Map,Plymouth,25023,Investigate,25023-6,128,-70.8408,42.213118,,boundary vertex
Map,Plymouth,25023,Investigate,25023-6,129,-70.827015,42.200786,,boundary vertex
Map,Plymouth,25023,Investigate,25023-6,130,-70.797111,42.218176,,boundary vertex
Map,Plymouth,25023,Investigate,25023-6,131,-70.791372,42.221512,,boundary vertex
Map,Plymouth,25023,Investigate,25023-6,132,-70.789142,42.222808,,boundary vertex
Map,Plymouth,25023,Investigate,25023-6,133,-70.788937,42.225475,,boundary vertex
Map,Plymouth,25023,Investigate,25023-6,134,-70.784814,42.225881,,boundary vertex
Map,Plymouth,25023,Investigate,25023-6,135,-70.785557,42.226345,,boundary vertex
Map,Plymouth,25023,Investigate,25023-6,136,-70.785523,42.229464,,boundary vertex
Map,Plymouth,25023,Investigate,25023-6,137,-70.787883,42.2291,,boundary vertex
Map,Plymouth,25023,Investigate,25023-6,138,-70.78868,42.232597,,boundary vertex
Map,Plymouth,25023,Investigate,25023-6,139,-70.786771,42.234041,,boundary vertex
Map,Plymouth,25023,Investigate,25023-6,140,-70.784514,42.234693,,boundary vertex
Map,Plymouth,25023,Investigate,25023-6,141,-70.781973,42.236432,,boundary vertex
Map,Plymouth,25023,Investigate,25023-6,142,-70.783941,42.237647,,boundary vertex
Map,Plymouth,25023,Investigate,25023-6,143,-70.783354,42.240514,,boundary vertex
Map,Plymouth,25023,Investigate,25023-6,144,-70.786617,42.239572,,boundary vertex
Map,Plymouth,25023,Investigate,25023-6,145,-70.789041,42.24017,,boundary vertex
Map,Plymouth,25023,Investigate,25023-6,146,-70.786725,42.24255,,boundary vertex
Map,Plymouth,25023,Investigate,25023-6,147,-70.784821,42.246299,,boundary vertex
Map,Plymouth,25023,Investigate,25023-6,148,-70.7814619230446,42.2487180195672,,boundary vertex
Map,Plymouth,25023,Investigate,25023-6,149,-70.776307,42.248953,,boundary vertex
Map,Plymouth,25023,Investigate,25023-6,150,-70.773944,42.254214,,boundary vertex
Map,Plymouth,25023,Investigate,25023-6,151,-70.766338,42.254742,,boundary vertex
Map,Plymouth,25023,Investigate,25023-6,152,-70.762773,42.250343,,boundary vertex
Map,Plymouth,25023,Investigate,25023-6,153,-70.764757,42.244062,,boundary vertex
Map,Plymouth,25023,Investigate,25023-6,154,-70.760683,42.241241,,boundary vertex
Map,Plymouth,25023,Investigate,25023-6,155,-70.760158,42.235035,,boundary vertex
Map,Plymouth,25023,Investigate,25023-6,156,-70.754488,42.228673,,boundary vertex
Map,Plymouth,25023,Investigate,25023-6,157,-70.7487847258233,42.2232848281854,,boundary vertex
Map,Plymouth,25023,Investigate,25023-6,158,-70.74723,42.221816,,boundary vertex
Map,Plymouth,25023,Investigate,25023-6,159,-70.739145,42.219619,,boundary vertex
Map,Plymouth,25023,Investigate,25023-6,160,-70.7337727397926,42.2141879171416,,boundary vertex
Map,Plymouth,25023,Investigate,25023-6,161,-70.73056,42.21094,,boundary vertex
Map,Plymouth,25023,Investigate,25023-6,162,-70.722269,42.207959,,boundary vertex
Map,Plymouth,25023,Investigate,25023-6,163,-70.718089,42.208985,,boundary vertex
Map,Plymouth,25023,Investigate,25023-6,164,-70.712993,42.204431,,boundary vertex
Map,Plymouth,25023,Investigate,25023-6,165,-70.7134505816038,42.2023667513574,,boundary vertex
Map,Plymouth,25023,Investigate,25023-6,166,-70.714286,42.198598,,boundary vertex
Map,Plymouth,25023,Investigate,25023-6,167,-70.715895,42.195899,,boundary vertex
Map,Plymouth,25023,Investigate,25023-6,168,-70.71595,42.190145,,boundary vertex
Map,Plymouth,25023,Investigate,25023-6,169,-70.718707,42.184853,,boundary vertex
Map,Plymouth,25023,Investigate,25023-6,170,-70.7186428798319,42.1847186336366,,boundary vertex
Map,Plymouth,25023,Investigate,25023-6,171,-70.714761,42.176584,,boundary vertex
Map,Plymouth,25023,Investigate,25023-6,172,-70.714301,42.168783,,boundary vertex
Map,Plymouth,25023,Investigate,25023-6,173,-70.7114363813575,42.1667706027304,,boundary vertex
Map,Plymouth,25023,Investigate,25023-6,174,-70.706264,42.163137,,boundary vertex
Map,Plymouth,25023,Investigate,25023-6,175,-70.685315,42.133025,,boundary vertex
Map,Plymouth,25023,Investigate,25023-6,176,-70.6794649147252,42.1262707559227,,boundary vertex
Map,Plymouth,25023,Investigate,25023-6,177,-70.663931,42.108336,,boundary vertex
Map,Plymouth,25023,Investigate,25023-6,178,-70.6602245557513,42.1052626866833,,boundary vertex
Map,Plymouth,25023,Investigate,25023-6,179,-70.6520263592576,42.0984648975445,,boundary vertex
Map,Plymouth,25023,Investigate,25023-6,180,-70.6450937366011,42.0927164982431,,boundary vertex
Map,Plymouth,25023,Investigate,25023-6,181,-70.640169,42.088633,,boundary vertex
Map,Plymouth,25023,Investigate,25023-6,182,-70.63848,42.081579,,boundary vertex
Map,Plymouth,25023,Investigate,25023-6,183,-70.6440083705761,42.0783077305464,,boundary vertex
Map,Plymouth,25023,Investigate,25023-6,184,-70.647349,42.076331,,boundary vertex
Map,Plymouth,25023,Investigate,25023-6,185,-70.6477037799946,42.0730025646163,,boundary vertex
Map,Plymouth,25023,Investigate,25023-6,186,-70.64819,42.068441,,boundary vertex
Map,Plymouth,25023,Investigate,25023-6,187,-70.6459042609167,42.0603569529008,,boundary vertex
Map,Plymouth,25023,Investigate,25023-6,188,-70.643208,42.050821,,boundary vertex
Map,Plymouth,25023,Investigate,25023-6,189,-70.63086,42.036045,,boundary vertex
Map,Plymouth,25023,Investigate,25023-6,190,-70.620277,42.027087,,boundary vertex
Map,Plymouth,25023,Investigate,25023-6,191,-70.610983,42.015737,,boundary vertex
Map,Plymouth,25023,Investigate,25023-6,192,-70.6084707681393,42.0135901557692,,boundary vertex
Map,Plymouth,25023,Investigate,25023-6,193,-70.597892,42.00455,,boundary vertex
Map,Plymouth,25023,Investigate,25023-6,194,-70.602704,42.002144,,boundary vertex
Map,Plymouth,25023,Investigate,25023-6,195,-70.614046,42.006612,,boundary vertex
Map,Plymouth,25023,Investigate,25023-6,196,-70.622542,42.002142,,boundary vertex
Map,Plymouth,25023,Investigate,25023-6,197,-70.631919,41.992864,,boundary vertex
Map,Plymouth,25023,Investigate,25023-6,198,-70.639137,41.993895,,boundary vertex
Map,Plymouth,25023,Investigate,25023-6,199,-70.641199,42.005925,,boundary vertex
Map,Plymouth,25023,Investigate,25023-6,200,-70.639655,42.010796,,boundary vertex
Map,Plymouth,25023,Investigate,25023-6,201,-70.636387,42.01383,,boundary vertex
Map,Plymouth,25023,Investigate,25023-6,202,-70.63395,42.012032,,boundary vertex
Map,Plymouth,25023,Investigate,25023-6,203,-70.634426,42.004968,,boundary vertex
Map,Plymouth,25023,Investigate,25023-6,204,-70.629857,42.001456,,boundary vertex
Map,Plymouth,25023,Investigate,25023-6,205,-70.624205,42.006028,,boundary vertex
Map,Plymouth,25023,Investigate,25023-6,206,-70.614223,42.011149,,boundary vertex
Map,Plymouth,25023,Investigate,25023-6,207,-70.6155522412943,42.013519635666,,boundary vertex
Map,Plymouth,25023,Investigate,25023-6,208,-70.617788,42.017507,,boundary vertex
Map,Plymouth,25023,Investigate,25023-6,209,-70.644337,42.045895,,boundary vertex
Map,Plymouth,25023,Investigate,25023-6,210,-70.6503678182765,42.0462197434654,,boundary vertex
Map,Plymouth,25023,Investigate,25023-6,211,-70.650874,42.046247,,boundary vertex
Map,Plymouth,25023,Investigate,25023-6,212,-70.656054,42.042047,,boundary vertex
Map,Plymouth,25023,Investigate,25023-6,213,-70.664373,42.041164,,boundary vertex
Map,Plymouth,25023,Investigate,25023-6,214,-70.66936,42.037116,,boundary vertex
Map,Plymouth,25023,Investigate,25023-6,215,-70.6707556564096,42.0275981800967,,boundary vertex
Map,Plymouth,25023,Investigate,25023-6,216,-70.671666,42.02139,,boundary vertex
Map,Plymouth,25023,Investigate,25023-6,217,-70.667512,42.01232,,boundary vertex
Map,Plymouth,25023,Investigate,25023-6,218,-70.670934,42.007786,,boundary vertex
Map,Plymouth,25023,Investigate,25023-6,219,-70.678798,42.00551,,boundary vertex
Map,Plymouth,25023,Investigate,25023-6,220,-70.686798,42.012764,,boundary vertex
Map,Plymouth,25023,Investigate,25023-6,221,-70.695809,42.013346,,boundary vertex
Map,Plymouth,25023,Investigate,25023-6,222,-70.712204,42.007586,,boundary vertex
Map,Plymouth,25023,Investigate,25023-6,223,-70.7110208234907,42.0032011587613,,boundary vertex
Map,Plymouth,25023,Investigate,25023-6,224,-70.710034,41.999544,,boundary vertex
Map,Plymouth,25023,Investigate,25023-6,225,-70.706443,42.000729,,boundary vertex
Map,Plymouth,25023,Investigate,25023-6,226,-70.700025,41.998256,,boundary vertex
Map,Plymouth,25023,Investigate,25023-6,227,-70.698837,41.991897,,boundary vertex
Map,Plymouth,25023,Investigate,25023-6,228,-70.698981,41.987103,,boundary vertex
Map,Plymouth,25023,Investigate,25023-6,229,-70.6934579427172,41.9830928251999,,boundary vertex
Map,Plymouth,25023,Investigate,25023-6,230,-70.690986,41.981298,,boundary vertex
Map,Plymouth,25023,Investigate,25023-6,231,-70.681357,41.979145,,boundary vertex
Map,Plymouth,25023,Investigate,25023-6,232,-70.678822,41.977178,,boundary vertex
Map,Plymouth,25023,Investigate,25023-6,233,-70.676257,41.972286,,boundary vertex
Map,Plymouth,25023,Investigate,25023-6,234,-70.6726986547265,41.9685919692039,,boundary vertex
Map,Plymouth,25023,Investigate,25023-6,235,-70.6666164315317,41.9622778208955,,boundary vertex
Map,Plymouth,25023,Investigate,25023-6,236,-70.664482,41.960062,,boundary vertex
Map,Plymouth,25023,Investigate,25023-6,237,-70.6601644918394,41.9571641405777,,boundary vertex
Map,Plymouth,25023,Investigate,25023-6,238,-70.6565106603935,41.9547117329644,,boundary vertex
Map,Plymouth,25023,Investigate,25023-6,239,-70.653202,41.952491,,boundary vertex
Map,Plymouth,25023,Investigate,25023-6,240,-70.6523772854508,41.9520820485124,,boundary vertex
Map,Plymouth,25023,Investigate,25023-6,241,-70.646785,41.949309,,boundary vertex
Map,Plymouth,25023,Investigate,25023-6,242,-70.6453562886722,41.9493226203271,,boundary vertex
Map,Plymouth,25023,Investigate,25023-6,243,-70.639757,41.949376,,boundary vertex
Map,Plymouth,25023,Investigate,25023-6,244,-70.632012,41.946033,,boundary vertex
Map,Plymouth,25023,Investigate,25023-6,245,-70.630574,41.946055,,boundary vertex
Map,Plymouth,25023,Investigate,25023-6,246,-70.630321,41.947048,,boundary vertex
Map,Plymouth,25023,Investigate,25023-6,247,-70.6303360738099,41.9470652705702,,boundary vertex
Map,Plymouth,25023,Investigate,25023-6,248,-70.6305767616144,41.9473410346698,,boundary vertex
Map,Plymouth,25023,Investigate,25023-6,249,-70.6363837710945,41.953994320424,,boundary vertex
Map,Plymouth,25023,Investigate,25023-6,250,-70.6369341478747,41.9546249055822,,boundary vertex
Map,Plymouth,25023,Investigate,25023-6,251,-70.638466,41.95638,,boundary vertex
Map,Plymouth,25023,Investigate,25023-6,252,-70.6401312954982,41.9589717994319,,boundary vertex
Map,Plymouth,25023,Investigate,25023-6,253,-70.6439548549763,41.9649226347606,,boundary vertex
Map,Plymouth,25023,Investigate,25023-6,254,-70.6440041469505,41.9649993508215,,boundary vertex
Map,Plymouth,25023,Investigate,25023-6,255,-70.6459343954809,41.9680035125754,,boundary vertex
Map,Plymouth,25023,Investigate,25023-6,256,-70.6483130262173,41.9717055184944,,boundary vertex
Map,Plymouth,25023,Investigate,25023-6,257,-70.648686,41.972286,,boundary vertex
Map,Plymouth,25023,Investigate,25023-6,258,-70.6529007385825,41.9768401020778,,boundary vertex
Map,Plymouth,25023,Investigate,25023-6,259,-70.653008,41.976956,,boundary vertex
Map,Plymouth,25023,Investigate,25023-6,260,-70.652507,41.978871,,boundary vertex
Map,Plymouth,25023,Investigate,25023-6,261,-70.64936,41.97862,,boundary vertex
Map,Plymouth,25023,Investigate,25023-6,262,-70.645546,41.975197,,boundary vertex
Map,Plymouth,25023,Investigate,25023-6,263,-70.631573,41.953022,,boundary vertex
Map,Plymouth,25023,Investigate,25023-6,264,-70.623945,41.943061,,boundary vertex
Map,Plymouth,25023,Investigate,25023-6,265,-70.616491,41.940204,,boundary vertex
Map,Plymouth,25023,Investigate,25023-6,266,-70.608166,41.940701,,boundary vertex
Map,Plymouth,25023,Investigate,25023-6,267,-70.598078,41.947772,,boundary vertex
Map,Plymouth,25023,Investigate,25023-6,268,-70.591593,41.949326,,boundary vertex
Map,Plymouth,25023,Investigate,25023-6,269,-70.583572,41.950007,,boundary vertex
Map,Plymouth,25023,Investigate,25023-6,270,-70.567767,41.939499,,boundary vertex
Map,Plymouth,25023,Investigate,25023-6,271,-70.565974,41.936227,,boundary vertex
Map,Plymouth,25023,Investigate,25023-6,272,-70.5607745757964,41.9335995613593,,boundary vertex
Map,Plymouth,25023,Investigate,25023-6,273,-70.5546139698642,41.9304864062399,,boundary vertex
Map,Plymouth,25023,Investigate,25023-6,274,-70.552941,41.929641,,boundary vertex
Map,Plymouth,25023,Investigate,25023-6,275,-70.543975,41.926279,,boundary vertex
Map,Plymouth,25023,Investigate,25023-6,276,-70.5421794180868,41.9264643358682,,boundary vertex
Map,Plymouth,25023,Investigate,25023-6,277,-70.539189,41.926773,,boundary vertex
Map,Plymouth,25023,Investigate,25023-6,278,-70.540067,41.923673,,boundary vertex
Map,Plymouth,25023,Investigate,25023-6,279,-70.53787,41.920946,,boundary vertex
Map,Plymouth,25023,Investigate,25023-6,280,-70.541933,41.918945,,boundary vertex
Map,Plymouth,25023,Investigate,25023-6,281,-70.544916,41.918637,,boundary vertex
Map,Plymouth,25023,Investigate,25023-6,282,-70.546386,41.916751,,boundary vertex
Map,Plymouth,25023,Investigate,25023-6,283,-70.54741,41.911934,,boundary vertex
Map,Plymouth,25023,Investigate,25023-6,284,-70.545949,41.907158,,boundary vertex
Map,Plymouth,25023,Investigate,25023-6,285,-70.5342836711278,41.8923586393897,,boundary vertex
Map,Plymouth,25023,Investigate,25023-6,286,-70.532084,41.889568,,boundary vertex
Map,Plymouth,25023,Investigate,25023-6,287,-70.532972,41.885818,,boundary vertex
Map,Plymouth,25023,Investigate,25023-6,288,-70.531439,41.880858,,boundary vertex
Map,Plymouth,25023,Investigate,25023-6,289,-70.5313247493203,41.8782711266938,,boundary vertex
Map,Plymouth,25023,Investigate,25023-6,290,-70.530978,41.87042,,boundary vertex
Map,Plymouth,25023,Investigate,25023-6,291,-70.530494,41.865492,,boundary vertex
Map,Plymouth,25023,Investigate,25023-6,292,-70.525567,41.85873,,boundary vertex
Map,Plymouth,25023,Investigate,25023-6,293,-70.53255,41.840662,,boundary vertex
Map,Plymouth,25023,Investigate,25023-6,294,-70.5331497601783,41.8396925976439,,boundary vertex
Map,Plymouth,25023,Investigate,25023-6,295,-70.536264,41.834659,,boundary vertex
Map,Plymouth,25023,Investigate,25023-6,296,-70.542065,41.831263,,boundary vertex
Map,Plymouth,25023,Investigate,25023-6,297,-70.543168,41.824446,,boundary vertex
Map,Plymouth,25023,Investigate,25023-6,298,-70.54103,41.815754,,boundary vertex
Map,Plymouth,25023,Investigate,25023-6,299,-70.5372893339932,41.8108590611294,,boundary vertex
Map,Plymouth,25023,Investigate,25023-6,300,-70.545869,41.803516,,boundary vertex
Map,Plymouth,25023,Investigate,25023-6,301,-70.545887,41.8035,,boundary vertex
Map,Plymouth,25023,Investigate,25023-6,302,-70.547559,41.802056,,boundary vertex
Map,Plymouth,25023,Investigate,25023-6,303,-70.560881,41.790544,,boundary vertex
Map,Plymouth,25023,Investigate,25023-6,304,-70.565363,41.786669,,boundary vertex
Map,Plymouth,25023,Investigate,25023-6,305,-70.56857,41.785647,,boundary vertex
Map,Plymouth,25023,Investigate,25023-6,306,-70.602939,41.774696,,boundary vertex
Map,Plymouth,25023,Investigate,25023-6,307,-70.603945,41.774296,,boundary vertex
Map,Plymouth,25023,Investigate,25023-6,308,-70.632555,41.762904,,boundary vertex
Map,Plymouth,25023,Investigate,25023-6,309,-70.629978,41.761134,,boundary vertex
Map,Plymouth,25023,Investigate,25023-6,310,-70.62587,41.755199,,boundary vertex
Map,Plymouth,25023,Investigate,25023-6,311,-70.625156,41.751144,,boundary vertex
Map,Plymouth,25023,Investigate,25023-6,312,-70.621622,41.748972,,boundary vertex
Map,Plymouth,25023,Investigate,25023-6,313,-70.620785,41.74753,,boundary vertex
Map,Plymouth,25023,Investigate,25023-6,314,-70.621139,41.747018,,boundary vertex
Map,Plymouth,25023,Investigate,25023-6,315,-70.621571,41.746418,,boundary vertex
Map,Plymouth,25023,Investigate,25023-6,316,-70.623193,41.745615,,boundary vertex
Map,Plymouth,25023,Investigate,25023-6,317,-70.625988,41.744969,,boundary vertex
Map,Plymouth,25023,Investigate,25023-6,318,-70.632706,41.737759,,boundary vertex
Map,Plymouth,25023,Investigate,25023-6,319,-70.633268,41.735465,,boundary vertex
Map,Plymouth,25023,Investigate,25023-6,320,-70.63258,41.733657,,boundary vertex
Map,Plymouth,25023,Investigate,25023-6,321,-70.63939,41.728018,,boundary vertex
Map,Plymouth,25023,Investigate,25023-6,322,-70.639476,41.726473,,boundary vertex
Map,Plymouth,25023,Investigate,25023-6,323,-70.640276,41.723609,,boundary vertex
Map,Plymouth,25023,Investigate,25023-6,324,-70.6430739126182,41.7176035866855,,boundary vertex
Map,Plymouth,25023,Investigate,25023-6,325,-70.6435581909479,41.7176395342179,,boundary vertex
Map,Plymouth,25023,Investigate,25023-6,326,-70.648805,41.718029,,boundary vertex
Map,Plymouth,25023,Investigate,25023-6,327,-70.650469,41.713416,,boundary vertex
Map,Plymouth,25023,Investigate,25023-6,328,-70.660452,41.705076,,boundary vertex
Map,Plymouth,25023,Investigate,25023-6,329,-70.674064,41.691371,,boundary vertex
Map,Plymouth,25023,Investigate,25023-6,330,-70.676138,41.692654,,boundary vertex
Map,Plymouth,25023,Investigate,25023-6,331,-70.665205,41.703834,,boundary vertex
Map,Plymouth,25023,Investigate,25023-6,332,-70.656206,41.713387,,boundary vertex
Map,Plymouth,25023,Investigate,25023-6,333,-70.656596,41.715401,,boundary vertex
Map,Plymouth,25023,Investigate,25023-6,334,-70.664005,41.716201,,boundary vertex
Map,Plymouth,25023,Investigate,25023-6,335,-70.670453,41.721912,,boundary vertex
Map,Plymouth,25023,Investigate,25023-6,336,-70.679228,41.727431,,boundary vertex
Map,Plymouth,25023,Investigate,25023-6,337,-70.685883,41.727076,,boundary vertex
Map,Plymouth,25023,Investigate,25023-6,338,-70.6875876100204,41.7246585661007,,boundary vertex
Map,Plymouth,25023,Investigate,25023-6,339,-70.68826,41.723705,,boundary vertex
Map,Plymouth,25023,Investigate,25023-6,340,-70.697054,41.729204,,boundary vertex
Map,Plymouth,25023,Investigate,25023-6,341,-70.706166,41.728984,,boundary vertex
Map,Plymouth,25023,Investigate,25023-6,342,-70.708193,41.730959,,boundary vertex
Map,Plymouth,25023,Investigate,25023-6,343,-70.715118,41.732397,,boundary vertex
Map,Plymouth,25023,Investigate,25023-6,344,-70.7172020701806,41.7343210670018,,boundary vertex
Map,Plymouth,25023,Investigate,25023-6,345,-70.718739,41.73574,,boundary vertex
Map,Plymouth,25023,Investigate,25023-6,346,-70.7246106713291,41.7334128320562,,boundary vertex
Map,Plymouth,25023,Investigate,25023-6,347,-70.726331,41.732731,,boundary vertex
Map,Plymouth,25023,Investigate,25023-6,348,-70.720822,41.727608,,boundary vertex
Map,Plymouth,25023,Investigate,25023-6,349,-70.720949,41.72322,,boundary vertex
Map,Plymouth,25023,Investigate,25023-6,350,-70.725813,41.724592,,boundary vertex
Map,Plymouth,25023,Investigate,25023-6,351,-70.7267824034457,41.7239784851765,,boundary vertex
Map,Plymouth,25023,Investigate,25023-6,352,-70.728526,41.722875,,boundary vertex
Map,Plymouth,25023,Investigate,25023-6,353,-70.721302,41.712968,,boundary vertex
Map,Plymouth,25023,Investigate,25023-6,354,-70.714886,41.710312,,boundary vertex
Map,Plymouth,25023,Investigate,25023-6,355,-70.712028,41.707028,,boundary vertex
Map,Plymouth,25023,Investigate,25023-6,356,-70.71423,41.701731,,boundary vertex
Map,Plymouth,25023,Investigate,25023-6,357,-70.722724,41.703834,,boundary vertex
Map,Plymouth,25023,Investigate,25023-6,358,-70.727477,41.702414,,boundary vertex
Map,Plymouth,25023,Investigate,25023-6,359,-70.726051,41.70064,,boundary vertex
Map,Plymouth,25023,Investigate,25023-6,360,-70.723199,41.696026,,boundary vertex
Map,Plymouth,25023,Investigate,25023-6,361,-70.717451,41.69398,,boundary vertex
Map,Plymouth,25023,Investigate,25023-6,362,-70.714906,41.691938,,boundary vertex
Map,Plymouth,25023,Investigate,25023-6,363,-70.718355,41.690157,,boundary vertex
Map,Plymouth,25023,Investigate,25023-6,364,-70.715045,41.681008,,boundary vertex
Map,Plymouth,25023,Investigate,25023-6,365,-70.715593,41.675258,,boundary vertex
Map,Plymouth,25023,Investigate,25023-6,366,-70.719829,41.677993,,boundary vertex
Map,Plymouth,25023,Investigate,25023-6,367,-70.721535,41.681471,,boundary vertex
Map,Plymouth,25023,Investigate,25023-6,368,-70.729395,41.68814,,boundary vertex
Map,Plymouth,25023,Investigate,25023-6,369,-70.739599,41.691766,,boundary vertex
Map,Plymouth,25023,Investigate,25023-6,370,-70.7431971765603,41.6964676981053,,boundary vertex
Map,Plymouth,25023,Investigate,25023-6,371,-70.744353,41.697978,,boundary vertex
Map,Plymouth,25023,Investigate,25023-6,372,-70.748868,41.697446,,boundary vertex
Map,Plymouth,25023,Investigate,25023-6,373,-70.7524200084092,41.6957355097644,,boundary vertex
Map,Plymouth,25023,Investigate,25023-6,374,-70.7552971883823,41.6943499870732,,boundary vertex
Map,Plymouth,25023,Investigate,25023-6,375,-70.755347,41.694326,,boundary vertex
Map,Plymouth,25023,Investigate,25023-6,376,-70.752434,41.690169,,boundary vertex
Map,Plymouth,25023,Investigate,25023-6,377,-70.751721,41.685554,,boundary vertex
Map,Plymouth,25023,Investigate,25023-6,378,-70.749106,41.680406,,boundary vertex
Map,Plymouth,25023,Investigate,25023-6,379,-70.743402,41.674726,,boundary vertex
Map,Plymouth,25023,Investigate,25023-6,380,-70.745104,41.672445,,boundary vertex
Map,Plymouth,25023,Investigate,25023-6,381,-70.75077,41.675613,,boundary vertex
Map,Plymouth,25023,Investigate,25023-6,382,-70.752434,41.678454,,boundary vertex
Map,Plymouth,25023,Investigate,25023-6,383,-70.758376,41.680584,,boundary vertex
Map,Plymouth,25023,Investigate,25023-6,384,-70.7631703417353,41.6773140940378,,boundary vertex
Map,Plymouth,25023,Investigate,25023-6,385,-70.763842,41.676856,,boundary vertex
Map,Plymouth,25023,Investigate,25023-6,386,-70.761856,41.672933,,boundary vertex
Map,Plymouth,25023,Investigate,25023-6,387,-70.756712,41.666914,,boundary vertex
Map,Plymouth,25023,Investigate,25023-6,388,-70.76236,41.667735,,boundary vertex
Map,Plymouth,25023,Investigate,25023-6,389,-70.761941,41.665493,,boundary vertex
Map,Plymouth,25023,Investigate,25023-6,390,-70.758198,41.661225,,boundary vertex
Map,Plymouth,25023,Investigate,25023-6,391,-70.757065,41.652891,,boundary vertex
Map,Plymouth,25023,Investigate,25023-6,392,-70.762416,41.652708,,boundary vertex
Map,Plymouth,25023,Investigate,25023-6,393,-70.762178,41.648268,,boundary vertex
Map,Plymouth,25023,Investigate,25023-6,394,-70.766457,41.648446,,boundary vertex
Map,Plymouth,25023,Investigate,25023-6,395,-70.768358,41.645782,,boundary vertex
Map,Plymouth,25023,Investigate,25023-6,396,-70.765463,41.641575,,boundary vertex
Map,Plymouth,25023,Investigate,25023-6,397,-70.769318,41.641145,,boundary vertex
Map,Plymouth,25023,Investigate,25023-6,398,-70.773654,41.645033,,boundary vertex
Map,Plymouth,25023,Investigate,25023-6,399,-70.775798,41.649145,,boundary vertex
Map,Plymouth,25023,Investigate,25023-6,400,-70.776709,41.650756,,boundary vertex
Map,Plymouth,25023,Investigate,25023-6,401,-70.7772251743259,41.6508381513764,,boundary vertex
Map,Plymouth,25023,Investigate,25023-6,402,-70.7785294548519,41.6510457332631,,boundary vertex
Map,Plymouth,25023,Investigate,25023-6,403,-70.7847290382111,41.6520324237677,,boundary vertex
Map,Plymouth,25023,Investigate,25023-6,404,-70.7850845697538,41.6520890081503,,boundary vertex
Map,Plymouth,25023,Investigate,25023-6,405,-70.786027,41.652239,,boundary vertex
Map,Plymouth,25023,Investigate,25023-6,406,-70.790829,41.653231,,boundary vertex
Map,Plymouth,25023,Investigate,25023-6,407,-70.795216,41.650932,,boundary vertex
Map,Plymouth,25023,Investigate,25023-6,408,-70.802346,41.655727,,boundary vertex
Map,Plymouth,25023,Investigate,25023-6,409,-70.809001,41.658391,,boundary vertex
Map,Plymouth,25023,Investigate,25023-6,410,-70.8101608402815,41.6581382950973,,boundary vertex
Map,Plymouth,25023,Investigate,25023-6,411,-70.8134257830072,41.6574269324666,,boundary vertex
Map,Plymouth,25023,Investigate,25023-6,412,-70.8134994453536,41.6574108829843,,boundary vertex
Map,Plymouth,25023,Investigate,25023-6,413,-70.8138377279589,41.6573371782905,,boundary vertex
Map,Plymouth,25023,Investigate,25023-6,414,-70.814706,41.657148,,boundary vertex
Map,Plymouth,25023,Investigate,25023-6,415,-70.8205775867803,41.655180865079,,boundary vertex
Map,Plymouth,25023,Investigate,25023-6,416,-70.821598,41.654839,,boundary vertex
Map,Plymouth,25023,Investigate,25023-6,417,-70.8217590041716,41.654272002136,,boundary vertex
Map,Plymouth,25023,Investigate,25023-6,418,-70.823262,41.648979,,boundary vertex
Map,Plymouth,25023,Investigate,25023-6,419,-70.816351,41.645995,,boundary vertex
Map,Plymouth,25023,Investigate,25023-6,420,-70.804664,41.641157,,boundary vertex
Map,Plymouth,25023,Investigate,25023-6,421,-70.8012879270844,41.634020881839,,boundary vertex
Map,Plymouth,25023,Investigate,25023-6,422,-70.800215,41.631753,,boundary vertex
Map,Plymouth,25023,Investigate,25023-6,423,-70.801063,41.629513,,boundary vertex
Map,Plymouth,25023,Investigate,25023-6,424,-70.8042961643225,41.6278851915737,,boundary vertex
Map,Plymouth,25023,Investigate,25023-6,425,-70.810279,41.624873,,boundary vertex
Map,Plymouth,25023,Investigate,25023-6,426,-70.817683,41.623432,,boundary vertex
Map,Plymouth,25023,Investigate,25023-6,427,-70.822074,41.627485,,boundary vertex
Map,Plymouth,25023,Investigate,25023-6,428,-70.827774,41.624635,,boundary vertex
Map,Plymouth,25023,Investigate,25023-6,429,-70.835296,41.624532,,boundary vertex
Map,Plymouth,25023,Investigate,25023-6,430,-70.8431763095007,41.628486815378,,boundary vertex
Map,Plymouth,25023,Investigate,25023-6,431,-70.845242,41.644665,,boundary vertex
Map,Plymouth,25023,Investigate,25023-6,432,-70.848036,41.652463,,boundary vertex
Map,Plymouth,25023,Investigate,25023-6,433,-70.852141,41.663916,,boundary vertex
Map,Plymouth,25023,Investigate,25023-6,434,-70.858212,41.681167,,boundary vertex
Map,Plymouth,25023,Investigate,25023-6,435,-70.859489,41.684736,,boundary vertex
Map,Plymouth,25023,Investigate,25023-6,436,-70.865003,41.700164,,boundary vertex
Map,Plymouth,25023,Investigate,25023-6,437,-70.87064,41.715957,,boundary vertex
Map,Plymouth,25023,Investigate,25023-6,438,-70.886439,41.760232,,boundary vertex
Map,Plymouth,25023,Investigate,25023-6,439,-70.904438,41.758,,boundary vertex
Map,Plymouth,25023,Investigate,25023-6,440,-70.907184,41.763543,,boundary vertex
Map,Plymouth,25023,Investigate,25023-6,441,-70.921782,41.791244,,boundary vertex
Map,Plymouth,25023,Investigate,25023-6,442,-70.960648,41.786648,,boundary vertex
Map,Plymouth,25023,Investigate,25023-6,443,-70.987963,41.783415,,boundary vertex
Map,Plymouth,25023,Investigate,25023-6,444,-71.026288,41.778888,,boundary vertex
Map,Plymouth,25023,Investigate,25023-6,445,-71.014591,41.799568,,boundary vertex
Map,Plymouth,25023,Investigate,25023-6,446,-71.023157,41.806176,,boundary vertex
Map,Plymouth,25023,Investigate,25023-6,447,-71.036308,41.816324,,boundary vertex
Map,Plymouth,25023,Investigate,25023-6,448,-71.03657,41.816525,,boundary vertex
Map,Plymouth,25023,Investigate,25023-6,449,-71.010944,41.835855,,boundary vertex
Map,Plymouth,25023,Investigate,25023-6,450,-71.007455,41.838485,,boundary vertex
Map,Plymouth,25023,Investigate,25023-6,451,-70.995905,41.847022,,boundary vertex
Map,Plymouth,25023,Investigate,25023-6,452,-70.990454,41.850071,,boundary vertex
Map,Plymouth,25023,Investigate,25023-6,453,-70.988042,41.851806,,boundary vertex
Map,Plymouth,25023,Investigate,25023-6,454,-70.985779,41.854058,,boundary vertex
Map,Plymouth,25023,Investigate,25023-6,455,-70.982739,41.855409,,boundary vertex
Map,Plymouth,25023,Investigate,25023-6,456,-70.978308,41.857246,,boundary vertex
Map,Plymouth,25023,Investigate,25023-6,457,-70.973717,41.860879,,boundary vertex
Map,Plymouth,25023,Investigate,25023-6,458,-70.977169,41.874696,,boundary vertex
Map,Plymouth,25023,Investigate,25023-6,459,-70.977163,41.875149,,boundary vertex
Map,Plymouth,25023,Investigate,25023-6,460,-70.987256,41.905808,,boundary vertex
Map,Plymouth,25023,Investigate,25023-6,461,-70.991849,41.906081,,boundary vertex
Map,Plymouth,25023,Investigate,25023-6,462,-70.993152,41.906445,,boundary vertex
Map,Plymouth,25023,Investigate,25023-6,463,-70.99115,41.909133,,boundary vertex
Map,Plymouth,25023,Investigate,25023-6,464,-70.991978,41.915602,,boundary vertex
Map,Plymouth,25023,Investigate,25023-6,465,-70.993279,41.916465,,boundary vertex
Map,Plymouth,25023,Investigate,25023-6,466,-70.995082,41.914968,,boundary vertex
Map,Plymouth,25023,Investigate,25023-6,467,-70.997132,41.916682,,boundary vertex
Map,Plymouth,25023,Investigate,25023-6,468,-70.997397,41.918399,,boundary vertex
Map,Plymouth,25023,Investigate,25023-6,469,-70.997223,41.923111,,boundary vertex
Map,Plymouth,25023,Investigate,25023-6,470,-70.996448,41.923786,,boundary vertex
Map,Plymouth,25023,Investigate,25023-6,471,-70.995533,41.925053,,boundary vertex
Map,Plymouth,25023,Investigate,25023-6,472,-70.996752,41.927369,,boundary vertex
Map,Plymouth,25023,Investigate,25023-6,473,-70.999629,41.928465,,boundary vertex
Map,Plymouth,25023,Investigate,25023-6,474,-70.999773,41.929671,,boundary vertex
Map,Plymouth,25023,Investigate,25023-6,475,-71.010567,41.940079,,boundary vertex
Map,Plymouth,25023,Investigate,25023-6,476,-71.016588,41.943865,,boundary vertex
Map,Plymouth,25023,Investigate,25023-6,477,-71.021046,41.946407,,boundary vertex
Map,Plymouth,25023,Investigate,25023-6,478,-71.042627,41.959516,,boundary vertex
Map,Plymouth,25023,Investigate,25023-6,479,-71.049485,41.963094,,boundary vertex
Map,Plymouth,25023,Investigate,25023-6,480,-71.049776,41.964307,,boundary vertex
Map,Plymouth,25023,Investigate,25023-6,481,-71.054184,41.982716,,boundary vertex
Map,Plymouth,25023,Investigate,25023-6,482,-71.054718,41.985057,,boundary vertex
Map,Plymouth,25023,Investigate,25023-6,483,-71.063867,42.024802,,boundary vertex
Map,Plymouth,25023,Investigate,25023-6,484,-71.069595,42.049704,,boundary vertex
Map,Plymouth,25023,Investigate,25023-6,485,-71.071197,42.056459,,boundary vertex
Map,Plymouth,25023,Investigate,25023-6,486,-71.074206,42.069116,,boundary vertex
Map,Plymouth,25023,Investigate,25023-6,487,-71.076069,42.076954,,boundary vertex
Map,Plymouth,25023,Investigate,25023-6,488,-71.078758,42.088274,,boundary vertex
Map,Plymouth,25023,Investigate,25023-6,489,-71.080483,42.095539,,boundary vertex
Map,Plymouth,25023,Investigate,25023-6,490,-71.079343,42.095993,,boundary vertex
Map,Suffolk,25025,Not selected,25025-0,0,-70.93091,42.321605,,boundary vertex
Map,Suffolk,25025,Not selected,25025-0,1,-70.930248,42.322292,,boundary vertex
Map,Suffolk,25025,Not selected,25025-0,2,-70.925969,42.321909,,boundary vertex
Map,Suffolk,25025,Not selected,25025-0,3,-70.925473,42.319212,,boundary vertex
Map,Suffolk,25025,Not selected,25025-0,4,-70.925308,42.317223,,boundary vertex
Map,Suffolk,25025,Not selected,25025-0,5,-70.928055,42.317223,,boundary vertex
Map,Suffolk,25025,Not selected,25025-0,6,-70.93076,42.319027,,boundary vertex
Map,Suffolk,25025,Not selected,25025-0,7,-70.93091,42.321605,,boundary vertex
Map,Suffolk,25025,Not selected,25025-1,0,-70.932091,42.332698,,boundary vertex
Map,Suffolk,25025,Not selected,25025-1,1,-70.931758,42.333116,,boundary vertex
Map,Suffolk,25025,Not selected,25025-1,2,-70.93068,42.333698,,boundary vertex
Map,Suffolk,25025,Not selected,25025-1,3,-70.929717,42.333973,,boundary vertex
Map,Suffolk,25025,Not selected,25025-1,4,-70.928692,42.332324,,boundary vertex
Map,Suffolk,25025,Not selected,25025-1,5,-70.926834,42.330376,,boundary vertex
Map,Suffolk,25025,Not selected,25025-1,6,-70.923068,42.32699,,boundary vertex
Map,Suffolk,25025,Not selected,25025-1,7,-70.922598,42.326144,,boundary vertex
Map,Suffolk,25025,Not selected,25025-1,8,-70.923722,42.32536,,boundary vertex
Map,Suffolk,25025,Not selected,25025-1,9,-70.924716,42.32488,,boundary vertex
Map,Suffolk,25025,Not selected,25025-1,10,-70.925883,42.324944,,boundary vertex
Map,Suffolk,25025,Not selected,25025-1,11,-70.92679,42.32536,,boundary vertex
Map,Suffolk,25025,Not selected,25025-1,12,-70.92705,42.32635,,boundary vertex
Map,Suffolk,25025,Not selected,25025-1,13,-70.927698,42.327341,,boundary vertex
Map,Suffolk,25025,Not selected,25025-1,14,-70.929383,42.328171,,boundary vertex
Map,Suffolk,25025,Not selected,25025-1,15,-70.930593,42.328107,,boundary vertex
Map,Suffolk,25025,Not selected,25025-1,16,-70.931414,42.328267,,boundary vertex
Map,Suffolk,25025,Not selected,25025-1,17,-70.93211,42.328915,,boundary vertex
Map,Suffolk,25025,Not selected,25025-1,18,-70.931025,42.329673,,boundary vertex
Map,Suffolk,25025,Not selected,25025-1,19,-70.930809,42.331015,,boundary vertex
Map,Suffolk,25025,Not selected,25025-1,20,-70.931241,42.331909,,boundary vertex
Map,Suffolk,25025,Not selected,25025-1,21,-70.932464,42.332228,,boundary vertex
Map,Suffolk,25025,Not selected,25025-1,22,-70.932091,42.332698,,boundary vertex
Map,Suffolk,25025,Not selected,25025-2,0,-70.94278,42.327181,,boundary vertex
Map,Suffolk,25025,Not selected,25025-2,1,-70.940749,42.328139,,boundary vertex
Map,Suffolk,25025,Not selected,25025-2,2,-70.937248,42.3275,,boundary vertex
Map,Suffolk,25025,Not selected,25025-2,3,-70.934947,42.326807,,boundary vertex
Map,Suffolk,25025,Not selected,25025-2,4,-70.936544,42.324866,,boundary vertex
Map,Suffolk,25025,Not selected,25025-2,5,-70.939854,42.324245,,boundary vertex
Map,Suffolk,25025,Not selected,25025-2,6,-70.942948,42.325695,,boundary vertex
Map,Suffolk,25025,Not selected,25025-2,7,-70.94278,42.327181,,boundary vertex
Map,Suffolk,25025,Not selected,25025-3,0,-70.958094,42.31165,,boundary vertex
Map,Suffolk,25025,Not selected,25025-3,1,-70.95434,42.31299,,boundary vertex
Map,Suffolk,25025,Not selected,25025-3,2,-70.951492,42.313564,,boundary vertex
Map,Suffolk,25025,Not selected,25025-3,3,-70.948515,42.311937,,boundary vertex
Map,Suffolk,25025,Not selected,25025-3,4,-70.94968,42.311076,,boundary vertex
Map,Suffolk,25025,Not selected,25025-3,5,-70.952399,42.31098,,boundary vertex
Map,Suffolk,25025,Not selected,25025-3,6,-70.9542866009988,42.3086528340082,,boundary vertex
Map,Suffolk,25025,Not selected,25025-3,7,-70.95434,42.308587,,boundary vertex
Map,Suffolk,25025,Not selected,25025-3,8,-70.957835,42.309831,,boundary vertex
Map,Suffolk,25025,Not selected,25025-3,9,-70.958094,42.31165,,boundary vertex
Map,Suffolk,25025,Not selected,25025-4,0,-70.977402,42.312294,,boundary vertex
Map,Suffolk,25025,Not selected,25025-4,1,-70.9769047642447,42.3125742537046,,boundary vertex
Map,Suffolk,25025,Not selected,25025-4,2,-70.9741558294847,42.3141236176471,,boundary vertex
Map,Suffolk,25025,Not selected,25025-4,3,-70.970392,42.316245,,boundary vertex
Map,Suffolk,25025,Not selected,25025-4,4,-70.967545,42.322895,,boundary vertex
Map,Suffolk,25025,Not selected,25025-4,5,-70.957268,42.331661,,boundary vertex
Map,Suffolk,25025,Not selected,25025-4,6,-70.952805,42.330627,,boundary vertex
Map,Suffolk,25025,Not selected,25025-4,7,-70.953693,42.327921,,boundary vertex
Map,Suffolk,25025,Not selected,25025-4,8,-70.95913,42.324572,,boundary vertex
Map,Suffolk,25025,Not selected,25025-4,9,-70.963531,42.318542,,boundary vertex
Map,Suffolk,25025,Not selected,25025-4,10,-70.965732,42.313469,,boundary vertex
Map,Suffolk,25025,Not selected,25025-4,11,-70.968968,42.31299,,boundary vertex
Map,Suffolk,25025,Not selected,25025-4,12,-70.971169,42.311171,,boundary vertex
Map,Suffolk,25025,Not selected,25025-4,13,-70.974273,42.310198,,boundary vertex
Map,Suffolk,25025,Not selected,25025-4,14,-70.977219,42.310249,,boundary vertex
Map,Suffolk,25025,Not selected,25025-4,15,-70.977402,42.312294,,boundary vertex
Map,Suffolk,25025,Not selected,25025-5,0,-70.989162,42.328304,,boundary vertex
Map,Suffolk,25025,Not selected,25025-5,1,-70.984243,42.3284,,boundary vertex
Map,Suffolk,25025,Not selected,25025-5,2,-70.983078,42.327156,,boundary vertex
Map,Suffolk,25025,Not selected,25025-5,3,-70.983984,42.321317,,boundary vertex
Map,Suffolk,25025,Not selected,25025-5,4,-70.985667,42.318733,,boundary vertex
Map,Suffolk,25025,Not selected,25025-5,5,-70.988774,42.319212,,boundary vertex
Map,Suffolk,25025,Not selected,25025-5,6,-70.988903,42.32371,,boundary vertex
Map,Suffolk,25025,Not selected,25025-5,7,-70.991621,42.326294,,boundary vertex
Map,Suffolk,25025,Not selected,25025-5,8,-70.989162,42.328304,,boundary vertex
Map,Suffolk,25025,Not selected,25025-6,0,-71.016643,42.313731,,boundary vertex
Map,Suffolk,25025,Not selected,25025-6,1,-71.01132,42.316355,,boundary vertex
Map,Suffolk,25025,Not selected,25025-6,2,-71.006364,42.320911,,boundary vertex
Map,Suffolk,25025,Not selected,25025-6,3,-71.000305,42.321282,,boundary vertex
Map,Suffolk,25025,Not selected,25025-6,4,-70.999534,42.31992,,boundary vertex
Map,Suffolk,25025,Not selected,25025-6,5,-71.000371,42.319326,,boundary vertex
Map,Suffolk,25025,Not selected,25025-6,6,-71.003251,42.319524,,boundary vertex
Map,Suffolk,25025,Not selected,25025-6,7,-71.006699,42.316133,,boundary vertex
Map,Suffolk,25025,Not selected,25025-6,8,-71.011487,42.309299,,boundary vertex
Map,Suffolk,25025,Not selected,25025-6,9,-71.014601,42.309869,,boundary vertex
Map,Suffolk,25025,Not selected,25025-6,10,-71.017179,42.311751,,boundary vertex
Map,Suffolk,25025,Not selected,25025-6,11,-71.016643,42.313731,,boundary vertex
Map,Suffolk,25025,Not selected,25025-7,0,-71.190904,42.283248,,boundary vertex
Map,Suffolk,25025,Not selected,25025-7,1,-71.178636,42.294595,,boundary vertex
Map,Suffolk,25025,Not selected,25025-7,2,-71.169808,42.300443,,boundary vertex
Map,Suffolk,25025,Not selected,25025-7,3,-71.164702,42.30383,,boundary vertex
Map,Suffolk,25025,Not selected,25025-7,4,-71.153691,42.295746,,boundary vertex
Map,Suffolk,25025,Not selected,25025-7,5,-71.152113,42.294588,,boundary vertex
Map,Suffolk,25025,Not selected,25025-7,6,-71.1503,42.29553,,boundary vertex
Map,Suffolk,25025,Not selected,25025-7,7,-71.146883,42.29728,,boundary vertex
Map,Suffolk,25025,Not selected,25025-7,8,-71.140135,42.302147,,boundary vertex
Map,Suffolk,25025,Not selected,25025-7,9,-71.136502,42.306204,,boundary vertex
Map,Suffolk,25025,Not selected,25025-7,10,-71.134359,42.309252,,boundary vertex
Map,Suffolk,25025,Not selected,25025-7,11,-71.131863,42.313178,,boundary vertex
Map,Suffolk,25025,Not selected,25025-7,12,-71.130642,42.31453,,boundary vertex
Map,Suffolk,25025,Not selected,25025-7,13,-71.123711,42.322716,,boundary vertex
Map,Suffolk,25025,Not selected,25025-7,14,-71.121528,42.323882,,boundary vertex
Map,Suffolk,25025,Not selected,25025-7,15,-71.120112,42.322835,,boundary vertex
Map,Suffolk,25025,Not selected,25025-7,16,-71.119539,42.322745,,boundary vertex
Map,Suffolk,25025,Not selected,25025-7,17,-71.116537,42.323939,,boundary vertex
Map,Suffolk,25025,Not selected,25025-7,18,-71.115929,42.325855,,boundary vertex
Map,Suffolk,25025,Not selected,25025-7,19,-71.115563,42.32678,,boundary vertex
Map,Suffolk,25025,Not selected,25025-7,20,-71.114547,42.328372,,boundary vertex
Map,Suffolk,25025,Not selected,25025-7,21,-71.113088,42.332604,,boundary vertex
Map,Suffolk,25025,Not selected,25025-7,22,-71.111413,42.334525,,boundary vertex
Map,Suffolk,25025,Not selected,25025-7,23,-71.110808,42.335586,,boundary vertex
Map,Suffolk,25025,Not selected,25025-7,24,-71.110751,42.336168,,boundary vertex
Map,Suffolk,25025,Not selected,25025-7,25,-71.111551,42.337299,,boundary vertex
Map,Suffolk,25025,Not selected,25025-7,26,-71.110597,42.340405,,boundary vertex
Map,Suffolk,25025,Not selected,25025-7,27,-71.108225,42.342272,,boundary vertex
Map,Suffolk,25025,Not selected,25025-7,28,-71.105516,42.343812,,boundary vertex
Map,Suffolk,25025,Not selected,25025-7,29,-71.10674,42.34604,,boundary vertex
Map,Suffolk,25025,Not selected,25025-7,30,-71.107213,42.347049,,boundary vertex
Map,Suffolk,25025,Not selected,25025-7,31,-71.106894,42.348588,,boundary vertex
Map,Suffolk,25025,Not selected,25025-7,32,-71.106854,42.348759,,boundary vertex
Map,Suffolk,25025,Not selected,25025-7,33,-71.106702,42.349433,,boundary vertex
Map,Suffolk,25025,Not selected,25025-7,34,-71.10657,42.349912,,boundary vertex
Map,Suffolk,25025,Not selected,25025-7,35,-71.110936,42.350446,,boundary vertex
Map,Suffolk,25025,Not selected,25025-7,36,-71.115808,42.351017,,boundary vertex
Map,Suffolk,25025,Not selected,25025-7,37,-71.120286,42.351557,,boundary vertex
Map,Suffolk,25025,Not selected,25025-7,38,-71.121311,42.351675,,boundary vertex
Map,Suffolk,25025,Not selected,25025-7,39,-71.122855,42.351861,,boundary vertex
Map,Suffolk,25025,Not selected,25025-7,40,-71.123518,42.351486,,boundary vertex
Map,Suffolk,25025,Not selected,25025-7,41,-71.124067,42.351552,,boundary vertex
Map,Suffolk,25025,Not selected,25025-7,42,-71.126215,42.350412,,boundary vertex
Map,Suffolk,25025,Not selected,25025-7,43,-71.12858,42.349696,,boundary vertex
Map,Suffolk,25025,Not selected,25025-7,44,-71.129746,42.34885,,boundary vertex
Map,Suffolk,25025,Not selected,25025-7,45,-71.133381,42.347122,,boundary vertex
Map,Suffolk,25025,Not selected,25025-7,46,-71.134254,42.346577,,boundary vertex
Map,Suffolk,25025,Not selected,25025-7,47,-71.135155,42.346023,,boundary vertex
Map,Suffolk,25025,Not selected,25025-7,48,-71.135985,42.345366,,boundary vertex
Map,Suffolk,25025,Not selected,25025-7,49,-71.137824,42.343876,,boundary vertex
Map,Suffolk,25025,Not selected,25025-7,50,-71.138809,42.343087,,boundary vertex
Map,Suffolk,25025,Not selected,25025-7,51,-71.139977,42.34214,,boundary vertex
Map,Suffolk,25025,Not selected,25025-7,52,-71.141298,42.34107,,boundary vertex
Map,Suffolk,25025,Not selected,25025-7,53,-71.141754,42.340396,,boundary vertex
Map,Suffolk,25025,Not selected,25025-7,54,-71.144212,42.340022,,boundary vertex
Map,Suffolk,25025,Not selected,25025-7,55,-71.144779,42.339657,,boundary vertex
Map,Suffolk,25025,Not selected,25025-7,56,-71.146215,42.338632,,boundary vertex
Map,Suffolk,25025,Not selected,25025-7,57,-71.146156,42.337442,,boundary vertex
Map,Suffolk,25025,Not selected,25025-7,58,-71.147266,42.337201,,boundary vertex
Map,Suffolk,25025,Not selected,25025-7,59,-71.148482,42.336253,,boundary vertex
Map,Suffolk,25025,Not selected,25025-7,60,-71.148295,42.335807,,boundary vertex
Map,Suffolk,25025,Not selected,25025-7,61,-71.150104,42.335282,,boundary vertex
Map,Suffolk,25025,Not selected,25025-7,62,-71.149853,42.334635,,boundary vertex
Map,Suffolk,25025,Not selected,25025-7,63,-71.156262,42.330847,,boundary vertex
Map,Suffolk,25025,Not selected,25025-7,64,-71.157036,42.33039,,boundary vertex
Map,Suffolk,25025,Not selected,25025-7,65,-71.160917,42.333639,,boundary vertex
Map,Suffolk,25025,Not selected,25025-7,66,-71.162732,42.333961,,boundary vertex
Map,Suffolk,25025,Not selected,25025-7,67,-71.167565,42.333441,,boundary vertex
Map,Suffolk,25025,Not selected,25025-7,68,-71.168886,42.335826,,boundary vertex
Map,Suffolk,25025,Not selected,25025-7,69,-71.168936,42.338449,,boundary vertex
Map,Suffolk,25025,Not selected,25025-7,70,-71.16674,42.339854,,boundary vertex
Map,Suffolk,25025,Not selected,25025-7,71,-71.166699,42.340009,,boundary vertex
Map,Suffolk,25025,Not selected,25025-7,72,-71.174265,42.349584,,boundary vertex
Map,Suffolk,25025,Not selected,25025-7,73,-71.174798,42.350265,,boundary vertex
Map,Suffolk,25025,Not selected,25025-7,74,-71.173935,42.353397,,boundary vertex
Map,Suffolk,25025,Not selected,25025-7,75,-71.171387,42.356089,,boundary vertex
Map,Suffolk,25025,Not selected,25025-7,76,-71.169474,42.358047,,boundary vertex
Map,Suffolk,25025,Not selected,25025-7,77,-71.167625,42.360073,,boundary vertex
Map,Suffolk,25025,Not selected,25025-7,78,-71.163888,42.358523,,boundary vertex
Map,Suffolk,25025,Not selected,25025-7,79,-71.161508,42.358972,,boundary vertex
Map,Suffolk,25025,Not selected,25025-7,80,-71.159746,42.359781,,boundary vertex
Map,Suffolk,25025,Not selected,25025-7,81,-71.154475,42.360036,,boundary vertex
Map,Suffolk,25025,Not selected,25025-7,82,-71.148332,42.361119,,boundary vertex
Map,Suffolk,25025,Not selected,25025-7,83,-71.14717,42.361754,,boundary vertex
Map,Suffolk,25025,Not selected,25025-7,84,-71.144492,42.364822,,boundary vertex
Map,Suffolk,25025,Not selected,25025-7,85,-71.143667,42.365081,,boundary vertex
Map,Suffolk,25025,Not selected,25025-7,86,-71.139892,42.36444,,boundary vertex
Map,Suffolk,25025,Not selected,25025-7,87,-71.136658,42.366752,,boundary vertex
Map,Suffolk,25025,Not selected,25025-7,88,-71.132373,42.368891,,boundary vertex
Map,Suffolk,25025,Not selected,25025-7,89,-71.131762,42.369864,,boundary vertex
Map,Suffolk,25025,Not selected,25025-7,90,-71.133179,42.372338,,boundary vertex
Map,Suffolk,25025,Not selected,25025-7,91,-71.130997,42.373892,,boundary vertex
Map,Suffolk,25025,Not selected,25025-7,92,-71.128203,42.373572,,boundary vertex
Map,Suffolk,25025,Not selected,25025-7,93,-71.123204,42.368938,,boundary vertex
Map,Suffolk,25025,Not selected,25025-7,94,-71.11896,42.36876,,boundary vertex
Map,Suffolk,25025,Not selected,25025-7,95,-71.11723,42.367367,,boundary vertex
Map,Suffolk,25025,Not selected,25025-7,96,-71.116921,42.364246,,boundary vertex
Map,Suffolk,25025,Not selected,25025-7,97,-71.116936,42.363677,,boundary vertex
Map,Suffolk,25025,Not selected,25025-7,98,-71.116704,42.361255,,boundary vertex
Map,Suffolk,25025,Not selected,25025-7,99,-71.116597,42.359185,,boundary vertex
Map,Suffolk,25025,Not selected,25025-7,100,-71.116681,42.358736,,boundary vertex
Map,Suffolk,25025,Not selected,25025-7,101,-71.117165,42.356997,,boundary vertex
Map,Suffolk,25025,Not selected,25025-7,102,-71.116852,42.355385,,boundary vertex
Map,Suffolk,25025,Not selected,25025-7,103,-71.113196,42.35311,,boundary vertex
Map,Suffolk,25025,Not selected,25025-7,104,-71.110589,42.352616,,boundary vertex
Map,Suffolk,25025,Not selected,25025-7,105,-71.110358,42.352586,,boundary vertex
Map,Suffolk,25025,Not selected,25025-7,106,-71.104316,42.352403,,boundary vertex
Map,Suffolk,25025,Not selected,25025-7,107,-71.103032,42.352514,,boundary vertex
Map,Suffolk,25025,Not selected,25025-7,108,-71.09789,42.35312,,boundary vertex
Map,Suffolk,25025,Not selected,25025-7,109,-71.093002,42.353894,,boundary vertex
Map,Suffolk,25025,Not selected,25025-7,110,-71.091235,42.354338,,boundary vertex
Map,Suffolk,25025,Not selected,25025-7,111,-71.087511,42.355557,,boundary vertex
Map,Suffolk,25025,Not selected,25025-7,112,-71.085175,42.356333,,boundary vertex
Map,Suffolk,25025,Not selected,25025-7,113,-71.077952,42.358735,,boundary vertex
Map,Suffolk,25025,Not selected,25025-7,114,-71.076092,42.36038,,boundary vertex
Map,Suffolk,25025,Not selected,25025-7,115,-71.075657,42.361613,,boundary vertex
Map,Suffolk,25025,Not selected,25025-7,116,-71.074792,42.363773,,boundary vertex
Map,Suffolk,25025,Not selected,25025-7,117,-71.071537,42.36711,,boundary vertex
Map,Suffolk,25025,Not selected,25025-7,118,-71.070644,42.367949,,boundary vertex
Map,Suffolk,25025,Not selected,25025-7,119,-71.070575,42.368015,,boundary vertex
Map,Suffolk,25025,Not selected,25025-7,120,-71.069478,42.369046,,boundary vertex
Map,Suffolk,25025,Not selected,25025-7,121,-71.064059,42.369001,,boundary vertex
Map,Suffolk,25025,Not selected,25025-7,122,-71.067115,42.371816,,boundary vertex
Map,Suffolk,25025,Not selected,25025-7,123,-71.070545,42.372356,,boundary vertex
Map,Suffolk,25025,Not selected,25025-7,124,-71.072466,42.372658,,boundary vertex
Map,Suffolk,25025,Not selected,25025-7,125,-71.072689,42.373222,,boundary vertex
Map,Suffolk,25025,Not selected,25025-7,126,-71.075657,42.380196,,boundary vertex
Map,Suffolk,25025,Not selected,25025-7,127,-71.080701,42.381039,,boundary vertex
Map,Suffolk,25025,Not selected,25025-7,128,-71.080932,42.382133,,boundary vertex
Map,Suffolk,25025,Not selected,25025-7,129,-71.079428,42.38332,,boundary vertex
Map,Suffolk,25025,Not selected,25025-7,130,-71.078727,42.384306,,boundary vertex
Map,Suffolk,25025,Not selected,25025-7,131,-71.077638,42.385838,,boundary vertex
Map,Suffolk,25025,Not selected,25025-7,132,-71.077405,42.386167,,boundary vertex
Map,Suffolk,25025,Not selected,25025-7,133,-71.073496,42.391796,,boundary vertex
Map,Suffolk,25025,Not selected,25025-7,134,-71.072696,42.390796,,boundary vertex
Map,Suffolk,25025,Not selected,25025-7,135,-71.069322,42.394022,,boundary vertex
Map,Suffolk,25025,Not selected,25025-7,136,-71.066944,42.394755,,boundary vertex
Map,Suffolk,25025,Not selected,25025-7,137,-71.066997,42.394006,,boundary vertex
Map,Suffolk,25025,Not selected,25025-7,138,-71.070696,42.389596,,boundary vertex
Map,Suffolk,25025,Not selected,25025-7,139,-71.070896,42.388996,,boundary vertex
Map,Suffolk,25025,Not selected,25025-7,140,-71.065695,42.386596,,boundary vertex
Map,Suffolk,25025,Not selected,25025-7,141,-71.055524,42.387119,,boundary vertex
Map,Suffolk,25025,Not selected,25025-7,142,-71.055295,42.387097,,boundary vertex
Map,Suffolk,25025,Not selected,25025-7,143,-71.050695,42.391996,,boundary vertex
Map,Suffolk,25025,Not selected,25025-7,144,-71.050002,42.393471,,boundary vertex
Map,Suffolk,25025,Not selected,25025-7,145,-71.053297,42.396178,,boundary vertex
Map,Suffolk,25025,Not selected,25025-7,146,-71.051945,42.397619,,boundary vertex
Map,Suffolk,25025,Not selected,25025-7,147,-71.048145,42.396634,,boundary vertex
Map,Suffolk,25025,Not selected,25025-7,148,-71.046161,42.398035,,boundary vertex
Map,Suffolk,25025,Not selected,25025-7,149,-71.046148,42.398044,,boundary vertex
Map,Suffolk,25025,Not selected,25025-7,150,-71.040887,42.401749,,boundary vertex
Map,Suffolk,25025,Not selected,25025-7,151,-71.040568,42.401982,,boundary vertex
Map,Suffolk,25025,Not selected,25025-7,152,-71.039487,42.403626,,boundary vertex
Map,Suffolk,25025,Not selected,25025-7,153,-71.039075,42.404263,,boundary vertex
Map,Suffolk,25025,Not selected,25025-7,154,-71.037743,42.406318,,boundary vertex
Map,Suffolk,25025,Not selected,25025-7,155,-71.037097,42.407315,,boundary vertex
Map,Suffolk,25025,Not selected,25025-7,156,-71.035629,42.409641,,boundary vertex
Map,Suffolk,25025,Not selected,25025-7,157,-71.03491,42.410876,,boundary vertex
Map,Suffolk,25025,Not selected,25025-7,158,-71.033442,42.41338,,boundary vertex
Map,Suffolk,25025,Not selected,25025-7,159,-71.033181,42.414206,,boundary vertex
Map,Suffolk,25025,Not selected,25025-7,160,-71.032566,42.415533,,boundary vertex
Map,Suffolk,25025,Not selected,25025-7,161,-71.031729,42.417392,,boundary vertex
Map,Suffolk,25025,Not selected,25025-7,162,-71.031086,42.418782,,boundary vertex
Map,Suffolk,25025,Not selected,25025-7,163,-71.029319,42.421877,,boundary vertex
Map,Suffolk,25025,Not selected,25025-7,164,-71.028227,42.424202,,boundary vertex
Map,Suffolk,25025,Not selected,25025-7,165,-71.024088,42.431582,,boundary vertex
Map,Suffolk,25025,Not selected,25025-7,166,-71.023036,42.43346,,boundary vertex
Map,Suffolk,25025,Not selected,25025-7,167,-71.023002,42.433521,,boundary vertex
Map,Suffolk,25025,Not selected,25025-7,168,-71.021348,42.436505,,boundary vertex
Map,Suffolk,25025,Not selected,25025-7,169,-71.021005,42.437117,,boundary vertex
Map,Suffolk,25025,Not selected,25025-7,170,-71.020377,42.43825,,boundary vertex
Map,Suffolk,25025,Not selected,25025-7,171,-71.024996,42.443715,,boundary vertex
Map,Suffolk,25025,Not selected,25025-7,172,-71.025836,42.444709,,boundary vertex
Map,Suffolk,25025,Not selected,25025-7,173,-71.018757,42.450118,,boundary vertex
Map,Suffolk,25025,Not selected,25025-7,174,-71.01461,42.445289,,boundary vertex
Map,Suffolk,25025,Not selected,25025-7,175,-71.01324,42.443708,,boundary vertex
Map,Suffolk,25025,Not selected,25025-7,176,-71.011924,42.442164,,boundary vertex
Map,Suffolk,25025,Not selected,25025-7,177,-71.009671,42.441047,,boundary vertex
Map,Suffolk,25025,Not selected,25025-7,178,-71.012269,42.439724,,boundary vertex
Map,Suffolk,25025,Not selected,25025-7,179,-71.010105,42.438188,,boundary vertex
Map,Suffolk,25025,Not selected,25025-7,180,-71.011416,42.435991,,boundary vertex
Map,Suffolk,25025,Not selected,25025-7,181,-71.010777,42.434568,,boundary vertex
Map,Suffolk,25025,Not selected,25025-7,182,-71.006974,42.433838,,boundary vertex
Map,Suffolk,25025,Not selected,25025-7,183,-71.00592,42.433044,,boundary vertex
Map,Suffolk,25025,Not selected,25025-7,184,-71.00215,42.432608,,boundary vertex
Map,Suffolk,25025,Not selected,25025-7,185,-70.999857,42.431296,,boundary vertex
Map,Suffolk,25025,Not selected,25025-7,186,-70.997347,42.431066,,boundary vertex
Map,Suffolk,25025,Not selected,25025-7,187,-70.997234,42.431051,,boundary vertex
Map,Suffolk,25025,Not selected,25025-7,188,-70.992023,42.434135,,boundary vertex
Map,Suffolk,25025,Not selected,25025-7,189,-70.99012,42.434877,,boundary vertex
Map,Suffolk,25025,Not selected,25025-7,190,-70.983708,42.431663,,boundary vertex
Map,Suffolk,25025,Not selected,25025-7,191,-70.982294,42.431296,,boundary vertex
Map,Suffolk,25025,Not selected,25025-7,192,-70.979454,42.432815,,boundary vertex
Map,Suffolk,25025,Not selected,25025-7,193,-70.975194,42.436896,,boundary vertex
Map,Suffolk,25025,Not selected,25025-7,194,-70.971594,42.442696,,boundary vertex
Map,Suffolk,25025,Not selected,25025-7,195,-70.968594,42.444396,,boundary vertex
Map,Suffolk,25025,Not selected,25025-7,196,-70.9661388117846,42.4434920408457,,boundary vertex
Map,Suffolk,25025,Not selected,25025-7,197,-70.966309297147,42.4430474329666,,boundary vertex
Map,Suffolk,25025,Not selected,25025-7,198,-70.966538,42.442451,,boundary vertex
Map,Suffolk,25025,Not selected,25025-7,199,-70.959934,42.441218,,boundary vertex
Map,Suffolk,25025,Not selected,25025-7,200,-70.959698,42.440667,,boundary vertex
Map,Suffolk,25025,Not selected,25025-7,201,-70.9686386285225,42.4355311709543,,boundary vertex
Map,Suffolk,25025,Not selected,25025-7,202,-70.97551,42.431584,,boundary vertex
Map,Suffolk,25025,Not selected,25025-7,203,-70.9766428828741,42.4304353742319,,boundary vertex
Map,Suffolk,25025,Not selected,25025-7,204,-70.982994,42.423996,,boundary vertex
Map,Suffolk,25025,Not selected,25025-7,205,-70.9837042442038,42.4228928547472,,boundary vertex
Map,Suffolk,25025,Not selected,25025-7,206,-70.9868150009499,42.4180612538438,,boundary vertex
Map,Suffolk,25025,Not selected,25025-7,207,-70.987694,42.416696,,boundary vertex
Map,Suffolk,25025,Not selected,25025-7,208,-70.9905596943417,42.4072148092754,,boundary vertex
Map,Suffolk,25025,Not selected,25025-7,209,-70.990595,42.407098,,boundary vertex
Map,Suffolk,25025,Not selected,25025-7,210,-70.989195,42.402598,,boundary vertex
Map,Suffolk,25025,Not selected,25025-7,211,-70.9877229583999,42.4023993261034,,boundary vertex
Map,Suffolk,25025,Not selected,25025-7,212,-70.985068,42.402041,,boundary vertex
Map,Suffolk,25025,Not selected,25025-7,213,-70.983426,42.396246,,boundary vertex
Map,Suffolk,25025,Not selected,25025-7,214,-70.9830109750584,42.3955969169758,,boundary vertex
Map,Suffolk,25025,Not selected,25025-7,215,-70.9829573662762,42.3955130749052,,boundary vertex
Map,Suffolk,25025,Not selected,25025-7,216,-70.9805087923239,42.3916835995493,,boundary vertex
Map,Suffolk,25025,Not selected,25025-7,217,-70.979791,42.390561,,boundary vertex
Map,Suffolk,25025,Not selected,25025-7,218,-70.9763005855547,42.3896034294788,,boundary vertex
Map,Suffolk,25025,Not selected,25025-7,219,-70.975796,42.389465,,boundary vertex
Map,Suffolk,25025,Not selected,25025-7,220,-70.9728366500024,42.3897312633081,,boundary vertex
Map,Suffolk,25025,Not selected,25025-7,221,-70.968605,42.390112,,boundary vertex
Map,Suffolk,25025,Not selected,25025-7,222,-70.967273,42.388229,,boundary vertex
Map,Suffolk,25025,Not selected,25025-7,223,-70.9717729863072,42.3854920808472,,boundary vertex
Map,Suffolk,25025,Not selected,25025-7,224,-70.972513,42.385042,,boundary vertex
Map,Suffolk,25025,Not selected,25025-7,225,-70.972706,42.381759,,boundary vertex
Map,Suffolk,25025,Not selected,25025-7,226,-70.9725474871818,42.3811464941589,,boundary vertex
Map,Suffolk,25025,Not selected,25025-7,227,-70.971573,42.377381,,boundary vertex
Map,Suffolk,25025,Not selected,25025-7,228,-70.970474068748,42.3752075779403,,boundary vertex
Map,Suffolk,25025,Not selected,25025-7,229,-70.9673378283052,42.3690048476509,,boundary vertex
Map,Suffolk,25025,Not selected,25025-7,230,-70.966627,42.367599,,boundary vertex
Map,Suffolk,25025,Not selected,25025-7,231,-70.969214,42.364254,,boundary vertex
Map,Suffolk,25025,Not selected,25025-7,232,-70.9687847373272,42.3618301210265,,boundary vertex
Map,Suffolk,25025,Not selected,25025-7,233,-70.968034,42.357591,,boundary vertex
Map,Suffolk,25025,Not selected,25025-7,234,-70.9668748754428,42.3570563182718,,boundary vertex
Map,Suffolk,25025,Not selected,25025-7,235,-70.962365,42.354976,,boundary vertex
Map,Suffolk,25025,Not selected,25025-7,236,-70.958599,42.35551,,boundary vertex
Map,Suffolk,25025,Not selected,25025-7,237,-70.953292,42.349698,,boundary vertex
Map,Suffolk,25025,Not selected,25025-7,238,-70.953022,42.343973,,boundary vertex
Map,Suffolk,25025,Not selected,25025-7,239,-70.960047,42.346506,,boundary vertex
Map,Suffolk,25025,Not selected,25025-7,240,-70.965276,42.351424,,boundary vertex
Map,Suffolk,25025,Not selected,25025-7,241,-70.9700244514225,42.3552840314789,,boundary vertex
Map,Suffolk,25025,Not selected,25025-7,242,-70.972406,42.35722,,boundary vertex
Map,Suffolk,25025,Not selected,25025-7,243,-70.97454,42.35925,,boundary vertex
Map,Suffolk,25025,Not selected,25025-7,244,-70.975377,42.362286,,boundary vertex
Map,Suffolk,25025,Not selected,25025-7,245,-70.9740053452562,42.3646975185054,,boundary vertex
Map,Suffolk,25025,Not selected,25025-7,246,-70.9712837210795,42.3694824303768,,boundary vertex
Map,Suffolk,25025,Not selected,25025-7,247,-70.97066,42.370579,,boundary vertex
Map,Suffolk,25025,Not selected,25025-7,248,-70.972828,42.371928,,boundary vertex
Map,Suffolk,25025,Not selected,25025-7,249,-70.9729669644569,42.3718969736873,,boundary vertex
Map,Suffolk,25025,Not selected,25025-7,250,-70.9810034470648,42.3701026844985,,boundary vertex
Map,Suffolk,25025,Not selected,25025-7,251,-70.988128,42.368512,,boundary vertex
Map,Suffolk,25025,Not selected,25025-7,252,-70.9893182344247,42.3690586523421,,boundary vertex
Map,Suffolk,25025,Not selected,25025-7,253,-70.9945899868606,42.3714798693362,,boundary vertex
Map,Suffolk,25025,Not selected,25025-7,254,-70.997227,42.372691,,boundary vertex
Map,Suffolk,25025,Not selected,25025-7,255,-70.9978531307301,42.3726342679425,,boundary vertex
Map,Suffolk,25025,Not selected,25025-7,256,-71.00024,42.372418,,boundary vertex
Map,Suffolk,25025,Not selected,25025-7,257,-71.002822,42.365945,,boundary vertex
Map,Suffolk,25025,Not selected,25025-7,258,-71.0016199959101,42.3646770423249,,boundary vertex
Map,Suffolk,25025,Not selected,25025-7,259,-70.997719,42.360562,,boundary vertex
Map,Suffolk,25025,Not selected,25025-7,260,-70.988035,42.36188,,boundary vertex
Map,Suffolk,25025,Not selected,25025-7,261,-70.9858852713334,42.3590611504902,,boundary vertex
Map,Suffolk,25025,Not selected,25025-7,262,-70.985317,42.358316,,boundary vertex
Map,Suffolk,25025,Not selected,25025-7,263,-70.9857395963913,42.3579345351261,,boundary vertex
Map,Suffolk,25025,Not selected,25025-7,264,-70.98955,42.354495,,boundary vertex
Map,Suffolk,25025,Not selected,25025-7,265,-70.994337,42.353909,,boundary vertex
Map,Suffolk,25025,Not selected,25025-7,266,-70.999577,42.356408,,boundary vertex
Map,Suffolk,25025,Not selected,25025-7,267,-71.003741,42.356037,,boundary vertex
Map,Suffolk,25025,Not selected,25025-7,268,-71.005579,42.347362,,boundary vertex
Map,Suffolk,25025,Not selected,25025-7,269,-71.007807,42.347145,,boundary vertex
Map,Suffolk,25025,Not selected,25025-7,270,-71.0277,42.358625,,boundary vertex
Map,Suffolk,25025,Not selected,25025-7,271,-71.026351,42.361819,,boundary vertex
Map,Suffolk,25025,Not selected,25025-7,272,-71.0264628524305,42.3622050393619,,boundary vertex
Map,Suffolk,25025,Not selected,25025-7,273,-71.026916,42.363769,,boundary vertex
Map,Suffolk,25025,Not selected,25025-7,274,-71.029638,42.363352,,boundary vertex
Map,Suffolk,25025,Not selected,25025-7,275,-71.037999,42.363753,,boundary vertex
Map,Suffolk,25025,Not selected,25025-7,276,-71.0416821697615,42.3664873177287,,boundary vertex
Map,Suffolk,25025,Not selected,25025-7,277,-71.042626,42.367188,,boundary vertex
Map,Suffolk,25025,Not selected,25025-7,278,-71.0437334980831,42.3699110078238,,boundary vertex
Map,Suffolk,25025,Not selected,25025-7,279,-71.04466,42.372189,,boundary vertex
Map,Suffolk,25025,Not selected,25025-7,280,-71.046817295921,42.3730407567864,,boundary vertex
Map,Suffolk,25025,Not selected,25025-7,281,-71.047018,42.37312,,boundary vertex
Map,Suffolk,25025,Not selected,25025-7,282,-71.050598,42.372872,,boundary vertex
Map,Suffolk,25025,Not selected,25025-7,283,-71.052642,42.370788,,boundary vertex
Map,Suffolk,25025,Not selected,25025-7,284,-71.0526194076875,42.370697,,boundary vertex
Map,Suffolk,25025,Not selected,25025-7,285,-71.052248,42.369201,,boundary vertex
Map,Suffolk,25025,Not selected,25025-7,286,-71.05048,42.368073,,boundary vertex
Map,Suffolk,25025,Not selected,25025-7,287,-71.0503521192944,42.3662546219372,,boundary vertex
Map,Suffolk,25025,Not selected,25025-7,288,-71.0502102174239,42.364236872291,,boundary vertex
Map,Suffolk,25025,Not selected,25025-7,289,-71.0502003654495,42.364096783808,,boundary vertex
Map,Suffolk,25025,Not selected,25025-7,290,-71.0498956435004,42.3597638415945,,boundary vertex
Map,Suffolk,25025,Not selected,25025-7,291,-71.049673,42.356598,,boundary vertex
Map,Suffolk,25025,Not selected,25025-7,292,-71.0482832741435,42.356018539708,,boundary vertex
Map,Suffolk,25025,Not selected,25025-7,293,-71.0339662859699,42.3500489262703,,boundary vertex
Map,Suffolk,25025,Not selected,25025-7,294,-71.013895,42.34168,,boundary vertex
Map,Suffolk,25025,Not selected,25025-7,295,-71.0109482949352,42.3396711987028,,boundary vertex
Map,Suffolk,25025,Not selected,25025-7,296,-71.010926,42.339656,,boundary vertex
Map,Suffolk,25025,Not selected,25025-7,297,-71.010177,42.337557,,boundary vertex
Map,Suffolk,25025,Not selected,25025-7,298,-71.015664,42.330518,,boundary vertex
Map,Suffolk,25025,Not selected,25025-7,299,-71.024151,42.333159,,boundary vertex
Map,Suffolk,25025,Not selected,25025-7,300,-71.034704,42.328762,,boundary vertex
Map,Suffolk,25025,Not selected,25025-7,301,-71.042333,42.330142,,boundary vertex
Map,Suffolk,25025,Not selected,25025-7,302,-71.047648,42.328087,,boundary vertex
Map,Suffolk,25025,Not selected,25025-7,303,-71.047426,42.323428,,boundary vertex
Map,Suffolk,25025,Not selected,25025-7,304,-71.0467260009414,42.323070744949,,boundary vertex
Map,Suffolk,25025,Not selected,25025-7,305,-71.0400298066474,42.3196532414466,,boundary vertex
Map,Suffolk,25025,Not selected,25025-7,306,-71.033099,42.316116,,boundary vertex
Map,Suffolk,25025,Not selected,25025-7,307,-71.032777,42.313472,,boundary vertex
Map,Suffolk,25025,Not selected,25025-7,308,-71.036893,42.310513,,boundary vertex
Map,Suffolk,25025,Not selected,25025-7,309,-71.037904,42.310435,,boundary vertex
Map,Suffolk,25025,Not selected,25025-7,310,-71.040961,42.312152,,boundary vertex
Map,Suffolk,25025,Not selected,25025-7,311,-71.042335,42.311693,,boundary vertex
Map,Suffolk,25025,Not selected,25025-7,312,-71.0423475868322,42.3115348119403,,boundary vertex
Map,Suffolk,25025,Not selected,25025-7,313,-71.04249,42.309745,,boundary vertex
Map,Suffolk,25025,Not selected,25025-7,314,-71.044832,42.309193,,boundary vertex
Map,Suffolk,25025,Not selected,25025-7,315,-71.0474393475483,42.3037469777322,,boundary vertex
Map,Suffolk,25025,Not selected,25025-7,316,-71.047616,42.303378,,boundary vertex
Map,Suffolk,25025,Not selected,25025-7,317,-71.044495,42.301496,,boundary vertex
Map,Suffolk,25025,Not selected,25025-7,318,-71.045971080436,42.2993124833707,,boundary vertex
Map,Suffolk,25025,Not selected,25025-7,319,-71.046786,42.298107,,boundary vertex
Map,Suffolk,25025,Not selected,25025-7,320,-71.0437321577228,42.2929582753061,,boundary vertex
Map,Suffolk,25025,Not selected,25025-7,321,-71.043697,42.292899,,boundary vertex
Map,Suffolk,25025,Not selected,25025-7,322,-71.03988,42.292455,,boundary vertex
Map,Suffolk,25025,Not selected,25025-7,323,-71.037974,42.288675,,boundary vertex
Map,Suffolk,25025,Not selected,25025-7,324,-71.039306,42.285495,,boundary vertex
Map,Suffolk,25025,Not selected,25025-7,325,-71.0381271228924,42.284715047516,,boundary vertex
Map,Suffolk,25025,Not selected,25025-7,326,-71.03908,42.283966,,boundary vertex
Map,Suffolk,25025,Not selected,25025-7,327,-71.039293,42.283799,,boundary vertex
Map,Suffolk,25025,Not selected,25025-7,328,-71.040494,42.281898,,boundary vertex
Map,Suffolk,25025,Not selected,25025-7,329,-71.041594,42.278098,,boundary vertex
Map,Suffolk,25025,Not selected,25025-7,330,-71.042782,42.277102,,boundary vertex
Map,Suffolk,25025,Not selected,25025-7,331,-71.04488,42.276266,,boundary vertex
Map,Suffolk,25025,Not selected,25025-7,332,-71.049802,42.2781,,boundary vertex
Map,Suffolk,25025,Not selected,25025-7,333,-71.053284,42.277502,,boundary vertex
Map,Suffolk,25025,Not selected,25025-7,334,-71.055575,42.275052,,boundary vertex
Map,Suffolk,25025,Not selected,25025-7,335,-71.053494,42.272458,,boundary vertex
Map,Suffolk,25025,Not selected,25025-7,336,-71.053836,42.271699,,boundary vertex
Map,Suffolk,25025,Not selected,25025-7,337,-71.062189,42.267159,,boundary vertex
Map,Suffolk,25025,Not selected,25025-7,338,-71.064695,42.268607,,boundary vertex
Map,Suffolk,25025,Not selected,25025-7,339,-71.065097,42.270659,,boundary vertex
Map,Suffolk,25025,Not selected,25025-7,340,-71.067815,42.271396,,boundary vertex
Map,Suffolk,25025,Not selected,25025-7,341,-71.06814,42.271,,boundary vertex
Map,Suffolk,25025,Not selected,25025-7,342,-71.072044,42.270817,,boundary vertex
Map,Suffolk,25025,Not selected,25025-7,343,-71.073264,42.270317,,boundary vertex
Map,Suffolk,25025,Not selected,25025-7,344,-71.075246,42.2703,,boundary vertex
Map,Suffolk,25025,Not selected,25025-7,345,-71.076492,42.270509,,boundary vertex
Map,Suffolk,25025,Not selected,25025-7,346,-71.080852,42.269322,,boundary vertex
Map,Suffolk,25025,Not selected,25025-7,347,-71.082761,42.268634,,boundary vertex
Map,Suffolk,25025,Not selected,25025-7,348,-71.089403,42.26969,,boundary vertex
Map,Suffolk,25025,Not selected,25025-7,349,-71.090258,42.266639,,boundary vertex
Map,Suffolk,25025,Not selected,25025-7,350,-71.093736,42.267136,,boundary vertex
Map,Suffolk,25025,Not selected,25025-7,351,-71.093908,42.26714,,boundary vertex
Map,Suffolk,25025,Not selected,25025-7,352,-71.097483,42.263089,,boundary vertex
Map,Suffolk,25025,Not selected,25025-7,353,-71.097899,42.262882,,boundary vertex
Map,Suffolk,25025,Not selected,25025-7,354,-71.103672,42.259723,,boundary vertex
Map,Suffolk,25025,Not selected,25025-7,355,-71.104062,42.259862,,boundary vertex
Map,Suffolk,25025,Not selected,25025-7,356,-71.105001,42.260804,,boundary vertex
Map,Suffolk,25025,Not selected,25025-7,357,-71.108405,42.261116,,boundary vertex
Map,Suffolk,25025,Not selected,25025-7,358,-71.11146,42.260769,,boundary vertex
Map,Suffolk,25025,Not selected,25025-7,359,-71.11326,42.258926,,boundary vertex
Map,Suffolk,25025,Not selected,25025-7,360,-71.113009,42.258689,,boundary vertex
Map,Suffolk,25025,Not selected,25025-7,361,-71.112392,42.258116,,boundary vertex
Map,Suffolk,25025,Not selected,25025-7,362,-71.109544,42.255412,,boundary vertex
Map,Suffolk,25025,Not selected,25025-7,363,-71.109465,42.25241,,boundary vertex
Map,Suffolk,25025,Not selected,25025-7,364,-71.109347,42.24799,,boundary vertex
Map,Suffolk,25025,Not selected,25025-7,365,-71.112057,42.246585,,boundary vertex
Map,Suffolk,25025,Not selected,25025-7,366,-71.114563,42.245284,,boundary vertex
Map,Suffolk,25025,Not selected,25025-7,367,-71.116529,42.244274,,boundary vertex
Map,Suffolk,25025,Not selected,25025-7,368,-71.12567,42.239527,,boundary vertex
Map,Suffolk,25025,Not selected,25025-7,369,-71.126377,42.239162,,boundary vertex
Map,Suffolk,25025,Not selected,25025-7,370,-71.122602,42.234515,,boundary vertex
Map,Suffolk,25025,Not selected,25025-7,371,-71.124587,42.234012,,boundary vertex
Map,Suffolk,25025,Not selected,25025-7,372,-71.125477,42.231882,,boundary vertex
Map,Suffolk,25025,Not selected,25025-7,373,-71.12742,42.231176,,boundary vertex
Map,Suffolk,25025,Not selected,25025-7,374,-71.130749,42.227911,,boundary vertex
Map,Suffolk,25025,Not selected,25025-7,375,-71.130771,42.227926,,boundary vertex
Map,Suffolk,25025,Not selected,25025-7,376,-71.136665,42.23191,,boundary vertex
Map,Suffolk,25025,Not selected,25025-7,377,-71.139241,42.23366,,boundary vertex
Map,Suffolk,25025,Not selected,25025-7,378,-71.142681,42.235998,,boundary vertex
Map,Suffolk,25025,Not selected,25025-7,379,-71.143498,42.240065,,boundary vertex
Map,Suffolk,25025,Not selected,25025-7,380,-71.144069,42.242819,,boundary vertex
Map,Suffolk,25025,Not selected,25025-7,381,-71.146127,42.252964,,boundary vertex
Map,Suffolk,25025,Not selected,25025-7,382,-71.146306,42.253933,,boundary vertex
Map,Suffolk,25025,Not selected,25025-7,383,-71.146642,42.255755,,boundary vertex
Map,Suffolk,25025,Not selected,25025-7,384,-71.150386,42.25746,,boundary vertex
Map,Suffolk,25025,Not selected,25025-7,385,-71.152118,42.258247,,boundary vertex
Map,Suffolk,25025,Not selected,25025-7,386,-71.155958,42.256485,,boundary vertex
Map,Suffolk,25025,Not selected,25025-7,387,-71.158584,42.255155,,boundary vertex
Map,Suffolk,25025,Not selected,25025-7,388,-71.161574,42.257546,,boundary vertex
Map,Suffolk,25025,Not selected,25025-7,389,-71.163393,42.259023,,boundary vertex
Map,Suffolk,25025,Not selected,25025-7,390,-71.167393,42.262197,,boundary vertex
Map,Suffolk,25025,Not selected,25025-7,391,-71.168604,42.26316,,boundary vertex
Map,Suffolk,25025,Not selected,25025-7,392,-71.171541,42.266142,,boundary vertex
Map,Suffolk,25025,Not selected,25025-7,393,-71.174154,42.267021,,boundary vertex
Map,Suffolk,25025,Not selected,25025-7,394,-71.174609,42.268373,,boundary vertex
Map,Suffolk,25025,Not selected,25025-7,395,-71.172953,42.270298,,boundary vertex
Map,Suffolk,25025,Not selected,25025-7,396,-71.173342,42.270849,,boundary vertex
Map,Suffolk,25025,Not selected,25025-7,397,-71.173583,42.271415,,boundary vertex
Map,Suffolk,25025,Not selected,25025-7,398,-71.174847,42.273729,,boundary vertex
Map,Suffolk,25025,Not selected,25025-7,399,-71.174418,42.275042,,boundary vertex
Map,Suffolk,25025,Not selected,25025-7,400,-71.174565,42.275576,,boundary vertex
Map,Suffolk,25025,Not selected,25025-7,401,-71.174972,42.276004,,boundary vertex
Map,Suffolk,25025,Not selected,25025-7,402,-71.177461,42.276868,,boundary vertex
Map,Suffolk,25025,Not selected,25025-7,403,-71.183159,42.275913,,boundary vertex
Map,Suffolk,25025,Not selected,25025-7,404,-71.185307,42.279497,,boundary vertex
Map,Suffolk,25025,Not selected,25025-7,405,-71.18599,42.279771,,boundary vertex
Map,Suffolk,25025,Not selected,25025-7,406,-71.188212,42.280438,,boundary vertex
Map,Suffolk,25025,Not selected,25025-7,407,-71.190753,42.28184,,boundary vertex
Map,Suffolk,25025,Not selected,25025-7,408,-71.191247,42.282992,,boundary vertex
Map,Suffolk,25025,Not selected,25025-7,409,-71.190904,42.283248,,boundary vertex
Map,Worcester,25027,Not selected,25027-0,0,-72.313631,42.396404,,boundary vertex
Map,Worcester,25027,Not selected,25027-0,1,-72.315088,42.398856,,boundary vertex
Map,Worcester,25027,Not selected,25027-0,2,-72.31404,42.399183,,boundary vertex
Map,Worcester,25027,Not selected,25027-0,3,-72.312569,42.403503,,boundary vertex
Map,Worcester,25027,Not selected,25027-0,4,-72.313572,42.40664,,boundary vertex
Map,Worcester,25027,Not selected,25027-0,5,-72.310357,42.407929,,boundary vertex
Map,Worcester,25027,Not selected,25027-0,6,-72.310273,42.410674,,boundary vertex
Map,Worcester,25027,Not selected,25027-0,7,-72.309302,42.410857,,boundary vertex
Map,Worcester,25027,Not selected,25027-0,8,-72.308616,42.414691,,boundary vertex
Map,Worcester,25027,Not selected,25027-0,9,-72.306481,42.416468,,boundary vertex
Map,Worcester,25027,Not selected,25027-0,10,-72.306681,42.419201,,boundary vertex
Map,Worcester,25027,Not selected,25027-0,11,-72.30561,42.420357,,boundary vertex
Map,Worcester,25027,Not selected,25027-0,12,-72.302279,42.420316,,boundary vertex
Map,Worcester,25027,Not selected,25027-0,13,-72.300992,42.421945,,boundary vertex
Map,Worcester,25027,Not selected,25027-0,14,-72.301285,42.423619,,boundary vertex
Map,Worcester,25027,Not selected,25027-0,15,-72.302457,42.424019,,boundary vertex
Map,Worcester,25027,Not selected,25027-0,16,-72.300329,42.424562,,boundary vertex
Map,Worcester,25027,Not selected,25027-0,17,-72.297096,42.426593,,boundary vertex
Map,Worcester,25027,Not selected,25027-0,18,-72.293556,42.430022,,boundary vertex
Map,Worcester,25027,Not selected,25027-0,19,-72.292091,42.429966,,boundary vertex
Map,Worcester,25027,Not selected,25027-0,20,-72.290888,42.434045,,boundary vertex
Map,Worcester,25027,Not selected,25027-0,21,-72.288674,42.435575,,boundary vertex
Map,Worcester,25027,Not selected,25027-0,22,-72.290726,42.43734,,boundary vertex
Map,Worcester,25027,Not selected,25027-0,23,-72.287278,42.437246,,boundary vertex
Map,Worcester,25027,Not selected,25027-0,24,-72.28734,42.438458,,boundary vertex
Map,Worcester,25027,Not selected,25027-0,25,-72.283259,42.441189,,boundary vertex
Map,Worcester,25027,Not selected,25027-0,26,-72.291288,42.479525,,boundary vertex
Map,Worcester,25027,Not selected,25027-0,27,-72.244868,42.513439,,boundary vertex
Map,Worcester,25027,Not selected,25027-0,28,-72.269111,42.533425,,boundary vertex
Map,Worcester,25027,Not selected,25027-0,29,-72.271352,42.547227,,boundary vertex
Map,Worcester,25027,Not selected,25027-0,30,-72.27359,42.560999,,boundary vertex
Map,Worcester,25027,Not selected,25027-0,31,-72.2741,42.562568,,boundary vertex
Map,Worcester,25027,Not selected,25027-0,32,-72.27666,42.570438,,boundary vertex
Map,Worcester,25027,Not selected,25027-0,33,-72.276434,42.577374,,boundary vertex
Map,Worcester,25027,Not selected,25027-0,34,-72.275072,42.576693,,boundary vertex
Map,Worcester,25027,Not selected,25027-0,35,-72.273845,42.577433,,boundary vertex
Map,Worcester,25027,Not selected,25027-0,36,-72.273226,42.579342,,boundary vertex
Map,Worcester,25027,Not selected,25027-0,37,-72.271812,42.578301,,boundary vertex
Map,Worcester,25027,Not selected,25027-0,38,-72.271391,42.576273,,boundary vertex
Map,Worcester,25027,Not selected,25027-0,39,-72.270004,42.576337,,boundary vertex
Map,Worcester,25027,Not selected,25027-0,40,-72.268614,42.577872,,boundary vertex
Map,Worcester,25027,Not selected,25027-0,41,-72.265398,42.577611,,boundary vertex
Map,Worcester,25027,Not selected,25027-0,42,-72.263464,42.575957,,boundary vertex
Map,Worcester,25027,Not selected,25027-0,43,-72.261333,42.575922,,boundary vertex
Map,Worcester,25027,Not selected,25027-0,44,-72.263061,42.583433,,boundary vertex
Map,Worcester,25027,Not selected,25027-0,45,-72.267064,42.600813,,boundary vertex
Map,Worcester,25027,Not selected,25027-0,46,-72.265447,42.600957,,boundary vertex
Map,Worcester,25027,Not selected,25027-0,47,-72.262155,42.600251,,boundary vertex
Map,Worcester,25027,Not selected,25027-0,48,-72.260047,42.601143,,boundary vertex
Map,Worcester,25027,Not selected,25027-0,49,-72.25881,42.60372,,boundary vertex
Map,Worcester,25027,Not selected,25027-0,50,-72.256329,42.605122,,boundary vertex
Map,Worcester,25027,Not selected,25027-0,51,-72.253311,42.605336,,boundary vertex
Map,Worcester,25027,Not selected,25027-0,52,-72.254745,42.611614,,boundary vertex
Map,Worcester,25027,Not selected,25027-0,53,-72.251773,42.612139,,boundary vertex
Map,Worcester,25027,Not selected,25027-0,54,-72.240009,42.613721,,boundary vertex
Map,Worcester,25027,Not selected,25027-0,55,-72.238409,42.61462,,boundary vertex
Map,Worcester,25027,Not selected,25027-0,56,-72.23196,42.61395,,boundary vertex
Map,Worcester,25027,Not selected,25027-0,57,-72.229946,42.614388,,boundary vertex
Map,Worcester,25027,Not selected,25027-0,58,-72.227763,42.616223,,boundary vertex
Map,Worcester,25027,Not selected,25027-0,59,-72.228335,42.618858,,boundary vertex
Map,Worcester,25027,Not selected,25027-0,60,-72.22755,42.622074,,boundary vertex
Map,Worcester,25027,Not selected,25027-0,61,-72.229856,42.622084,,boundary vertex
Map,Worcester,25027,Not selected,25027-0,62,-72.229066,42.623999,,boundary vertex
Map,Worcester,25027,Not selected,25027-0,63,-72.230545,42.623782,,boundary vertex
Map,Worcester,25027,Not selected,25027-0,64,-72.231593,42.624864,,boundary vertex
Map,Worcester,25027,Not selected,25027-0,65,-72.231176,42.625862,,boundary vertex
Map,Worcester,25027,Not selected,25027-0,66,-72.227797,42.626498,,boundary vertex
Map,Worcester,25027,Not selected,25027-0,67,-72.226242,42.62949,,boundary vertex
Map,Worcester,25027,Not selected,25027-0,68,-72.225314,42.630426,,boundary vertex
Map,Worcester,25027,Not selected,25027-0,69,-72.226452,42.634946,,boundary vertex
Map,Worcester,25027,Not selected,25027-0,70,-72.228212,42.636494,,boundary vertex
Map,Worcester,25027,Not selected,25027-0,71,-72.229078,42.638354,,boundary vertex
Map,Worcester,25027,Not selected,25027-0,72,-72.224932,42.638937,,boundary vertex
Map,Worcester,25027,Not selected,25027-0,73,-72.22948,42.662666,,boundary vertex
Map,Worcester,25027,Not selected,25027-0,74,-72.242109,42.661642,,boundary vertex
Map,Worcester,25027,Not selected,25027-0,75,-72.243495,42.669248,,boundary vertex
Map,Worcester,25027,Not selected,25027-0,76,-72.257325,42.66794,,boundary vertex
Map,Worcester,25027,Not selected,25027-0,77,-72.258537,42.675424,,boundary vertex
Map,Worcester,25027,Not selected,25027-0,78,-72.271956,42.674672,,boundary vertex
Map,Worcester,25027,Not selected,25027-0,79,-72.2830328756509,42.7215587083791,,boundary vertex
Map,Worcester,25027,Not selected,25027-0,80,-72.2035695536582,42.7195921600024,,boundary vertex
Map,Worcester,25027,Not selected,25027-0,81,-72.1453998112964,42.7181525824772,,boundary vertex
Map,Worcester,25027,Not selected,25027-0,82,-72.124526,42.717636,,boundary vertex
Map,Worcester,25027,Not selected,25027-0,83,-72.1110583499481,42.7172274274578,,boundary vertex
Map,Worcester,25027,Not selected,25027-0,84,-72.089326931405,42.716568154245,,boundary vertex
Map,Worcester,25027,Not selected,25027-0,85,-72.0786269963685,42.7162435467862,,boundary vertex
Map,Worcester,25027,Not selected,25027-0,86,-72.0776725573282,42.7162145916542,,boundary vertex
Map,Worcester,25027,Not selected,25027-0,87,-72.0157292148081,42.7143353960391,,boundary vertex
Map,Worcester,25027,Not selected,25027-0,88,-71.9814290032211,42.7132948192056,,boundary vertex
Map,Worcester,25027,Not selected,25027-0,89,-71.981402,42.713294,,boundary vertex
Map,Worcester,25027,Not selected,25027-0,90,-71.9558665423702,42.7127793190643,,boundary vertex
Map,Worcester,25027,Not selected,25027-0,91,-71.9290194043648,42.7122382005025,,boundary vertex
Map,Worcester,25027,Not selected,25027-0,92,-71.928811,42.712234,,boundary vertex
Map,Worcester,25027,Not selected,25027-0,93,-71.89877002948,42.7114218822193,,boundary vertex
Map,Worcester,25027,Not selected,25027-0,94,-71.897103,42.703728,,boundary vertex
Map,Worcester,25027,Not selected,25027-0,95,-71.87745,42.689286,,boundary vertex
Map,Worcester,25027,Not selected,25027-0,96,-71.869778,42.683647,,boundary vertex
Map,Worcester,25027,Not selected,25027-0,97,-71.865751,42.684111,,boundary vertex
Map,Worcester,25027,Not selected,25027-0,98,-71.863754,42.679551,,boundary vertex
Map,Worcester,25027,Not selected,25027-0,99,-71.857757,42.674982,,boundary vertex
Map,Worcester,25027,Not selected,25027-0,100,-71.856393,42.667643,,boundary vertex
Map,Worcester,25027,Not selected,25027-0,101,-71.856814,42.660836,,boundary vertex
Map,Worcester,25027,Not selected,25027-0,102,-71.858483,42.633815,,boundary vertex
Map,Worcester,25027,Not selected,25027-0,103,-71.844843,42.637985,,boundary vertex
Map,Worcester,25027,Not selected,25027-0,104,-71.794186,42.637025,,boundary vertex
Map,Worcester,25027,Not selected,25027-0,105,-71.775325,42.636663,,boundary vertex
Map,Worcester,25027,Not selected,25027-0,106,-71.775755,42.64423,,boundary vertex
Map,Worcester,25027,Not selected,25027-0,107,-71.732257,42.631454,,boundary vertex
Map,Worcester,25027,Not selected,25027-0,108,-71.701339,42.622381,,boundary vertex
Map,Worcester,25027,Not selected,25027-0,109,-71.69416,42.620275,,boundary vertex
Map,Worcester,25027,Not selected,25027-0,110,-71.664601,42.611598,,boundary vertex
Map,Worcester,25027,Not selected,25027-0,111,-71.668029,42.592719,,boundary vertex
Map,Worcester,25027,Not selected,25027-0,112,-71.671902,42.571403,,boundary vertex
Map,Worcester,25027,Not selected,25027-0,113,-71.677691,42.539411,,boundary vertex
Map,Worcester,25027,Not selected,25027-0,114,-71.678969,42.53043,,boundary vertex
Map,Worcester,25027,Not selected,25027-0,115,-71.675741,42.529951,,boundary vertex
Map,Worcester,25027,Not selected,25027-0,116,-71.665328,42.528397,,boundary vertex
Map,Worcester,25027,Not selected,25027-0,117,-71.635869,42.524024,,boundary vertex
Map,Worcester,25027,Not selected,25027-0,118,-71.638938,42.528783,,boundary vertex
Map,Worcester,25027,Not selected,25027-0,119,-71.639206,42.530957,,boundary vertex
Map,Worcester,25027,Not selected,25027-0,120,-71.63665,42.533127,,boundary vertex
Map,Worcester,25027,Not selected,25027-0,121,-71.636432,42.534367,,boundary vertex
Map,Worcester,25027,Not selected,25027-0,122,-71.635885,42.540001,,boundary vertex
Map,Worcester,25027,Not selected,25027-0,123,-71.634011,42.540876,,boundary vertex
Map,Worcester,25027,Not selected,25027-0,124,-71.632017,42.544518,,boundary vertex
Map,Worcester,25027,Not selected,25027-0,125,-71.628475,42.548001,,boundary vertex
Map,Worcester,25027,Not selected,25027-0,126,-71.625126,42.550099,,boundary vertex
Map,Worcester,25027,Not selected,25027-0,127,-71.621097,42.551934,,boundary vertex
Map,Worcester,25027,Not selected,25027-0,128,-71.619927,42.552502,,boundary vertex
Map,Worcester,25027,Not selected,25027-0,129,-71.607852,42.54538,,boundary vertex
Map,Worcester,25027,Not selected,25027-0,130,-71.60229,42.545204,,boundary vertex
Map,Worcester,25027,Not selected,25027-0,131,-71.594624,42.543378,,boundary vertex
Map,Worcester,25027,Not selected,25027-0,132,-71.593189,42.543834,,boundary vertex
Map,Worcester,25027,Not selected,25027-0,133,-71.593012,42.543895,,boundary vertex
Map,Worcester,25027,Not selected,25027-0,134,-71.591124,42.544504,,boundary vertex
Map,Worcester,25027,Not selected,25027-0,135,-71.588559,42.546295,,boundary vertex
Map,Worcester,25027,Not selected,25027-0,136,-71.580287,42.550467,,boundary vertex
Map,Worcester,25027,Not selected,25027-0,137,-71.57794,42.550046,,boundary vertex
Map,Worcester,25027,Not selected,25027-0,138,-71.57541,42.549593,,boundary vertex
Map,Worcester,25027,Not selected,25027-0,139,-71.556019,42.546119,,boundary vertex
Map,Worcester,25027,Not selected,25027-0,140,-71.53878,42.54303,,boundary vertex
Map,Worcester,25027,Not selected,25027-0,141,-71.53376,42.527654,,boundary vertex
Map,Worcester,25027,Not selected,25027-0,142,-71.531377,42.520352,,boundary vertex
Map,Worcester,25027,Not selected,25027-0,143,-71.529841,42.519841,,boundary vertex
Map,Worcester,25027,Not selected,25027-0,144,-71.532718,42.51465,,boundary vertex
Map,Worcester,25027,Not selected,25027-0,145,-71.534855,42.51333,,boundary vertex
Map,Worcester,25027,Not selected,25027-0,146,-71.550691,42.489141,,boundary vertex
Map,Worcester,25027,Not selected,25027-0,147,-71.560367,42.47435,,boundary vertex
Map,Worcester,25027,Not selected,25027-0,148,-71.543394,42.466452,,boundary vertex
Map,Worcester,25027,Not selected,25027-0,149,-71.548903,42.447308,,boundary vertex
Map,Worcester,25027,Not selected,25027-0,150,-71.550702,42.441067,,boundary vertex
Map,Worcester,25027,Not selected,25027-0,151,-71.5591,42.411943,,boundary vertex
Map,Worcester,25027,Not selected,25027-0,152,-71.564584,42.410928,,boundary vertex
Map,Worcester,25027,Not selected,25027-0,153,-71.579095,42.408239,,boundary vertex
Map,Worcester,25027,Not selected,25027-0,154,-71.58526,42.407097,,boundary vertex
Map,Worcester,25027,Not selected,25027-0,155,-71.602631,42.3985,,boundary vertex
Map,Worcester,25027,Not selected,25027-0,156,-71.604251,42.397703,,boundary vertex
Map,Worcester,25027,Not selected,25027-0,157,-71.602537,42.396942,,boundary vertex
Map,Worcester,25027,Not selected,25027-0,158,-71.580186,42.386976,,boundary vertex
Map,Worcester,25027,Not selected,25027-0,159,-71.58794,42.38219,,boundary vertex
Map,Worcester,25027,Not selected,25027-0,160,-71.607759,42.370022,,boundary vertex
Map,Worcester,25027,Not selected,25027-0,161,-71.603065,42.367267,,boundary vertex
Map,Worcester,25027,Not selected,25027-0,162,-71.610007,42.357403,,boundary vertex
Map,Worcester,25027,Not selected,25027-0,163,-71.624702,42.350465,,boundary vertex
Map,Worcester,25027,Not selected,25027-0,164,-71.625825,42.349724,,boundary vertex
Map,Worcester,25027,Not selected,25027-0,165,-71.620658,42.345249,,boundary vertex
Map,Worcester,25027,Not selected,25027-0,166,-71.61826,42.342589,,boundary vertex
Map,Worcester,25027,Not selected,25027-0,167,-71.611529,42.338993,,boundary vertex
Map,Worcester,25027,Not selected,25027-0,168,-71.604099,42.336769,,boundary vertex
Map,Worcester,25027,Not selected,25027-0,169,-71.60396,42.335341,,boundary vertex
Map,Worcester,25027,Not selected,25027-0,170,-71.603591,42.331676,,boundary vertex
Map,Worcester,25027,Not selected,25027-0,171,-71.605266,42.33016,,boundary vertex
Map,Worcester,25027,Not selected,25027-0,172,-71.601885,42.326971,,boundary vertex
Map,Worcester,25027,Not selected,25027-0,173,-71.597363,42.321016,,boundary vertex
Map,Worcester,25027,Not selected,25027-0,174,-71.592502,42.317901,,boundary vertex
Map,Worcester,25027,Not selected,25027-0,175,-71.58521,42.310952,,boundary vertex
Map,Worcester,25027,Not selected,25027-0,176,-71.57825,42.315017,,boundary vertex
Map,Worcester,25027,Not selected,25027-0,177,-71.570308,42.319661,,boundary vertex
Map,Worcester,25027,Not selected,25027-0,178,-71.569085,42.320373,,boundary vertex
Map,Worcester,25027,Not selected,25027-0,179,-71.551126,42.326395,,boundary vertex
Map,Worcester,25027,Not selected,25027-0,180,-71.537316,42.327969,,boundary vertex
Map,Worcester,25027,Not selected,25027-0,181,-71.531883,42.328587,,boundary vertex
Map,Worcester,25027,Not selected,25027-0,182,-71.516527,42.330336,,boundary vertex
Map,Worcester,25027,Not selected,25027-0,183,-71.511238,42.328805,,boundary vertex
Map,Worcester,25027,Not selected,25027-0,184,-71.508216,42.327928,,boundary vertex
Map,Worcester,25027,Not selected,25027-0,185,-71.486797,42.330189,,boundary vertex
Map,Worcester,25027,Not selected,25027-0,186,-71.486744,42.329937,,boundary vertex
Map,Worcester,25027,Not selected,25027-0,187,-71.485109,42.323164,,boundary vertex
Map,Worcester,25027,Not selected,25027-0,188,-71.48635,42.310449,,boundary vertex
Map,Worcester,25027,Not selected,25027-0,189,-71.489897,42.303655,,boundary vertex
Map,Worcester,25027,Not selected,25027-0,190,-71.493182,42.297282,,boundary vertex
Map,Worcester,25027,Not selected,25027-0,191,-71.497046,42.289829,,boundary vertex
Map,Worcester,25027,Not selected,25027-0,192,-71.499015,42.286062,,boundary vertex
Map,Worcester,25027,Not selected,25027-0,193,-71.499575,42.284992,,boundary vertex
Map,Worcester,25027,Not selected,25027-0,194,-71.505882,42.272938,,boundary vertex
Map,Worcester,25027,Not selected,25027-0,195,-71.505928,42.266578,,boundary vertex
Map,Worcester,25027,Not selected,25027-0,196,-71.506478,42.264276,,boundary vertex
Map,Worcester,25027,Not selected,25027-0,197,-71.508985,42.264486,,boundary vertex
Map,Worcester,25027,Not selected,25027-0,198,-71.510226,42.265518,,boundary vertex
Map,Worcester,25027,Not selected,25027-0,199,-71.51054,42.266227,,boundary vertex
Map,Worcester,25027,Not selected,25027-0,200,-71.513882,42.267585,,boundary vertex
Map,Worcester,25027,Not selected,25027-0,201,-71.518221,42.267715,,boundary vertex
Map,Worcester,25027,Not selected,25027-0,202,-71.522178,42.266454,,boundary vertex
Map,Worcester,25027,Not selected,25027-0,203,-71.522385,42.266437,,boundary vertex
Map,Worcester,25027,Not selected,25027-0,204,-71.524931,42.265905,,boundary vertex
Map,Worcester,25027,Not selected,25027-0,205,-71.527995,42.266525,,boundary vertex
Map,Worcester,25027,Not selected,25027-0,206,-71.532255,42.266106,,boundary vertex
Map,Worcester,25027,Not selected,25027-0,207,-71.533937,42.265266,,boundary vertex
Map,Worcester,25027,Not selected,25027-0,208,-71.538011,42.264563,,boundary vertex
Map,Worcester,25027,Not selected,25027-0,209,-71.539632,42.262793,,boundary vertex
Map,Worcester,25027,Not selected,25027-0,210,-71.541692,42.263966,,boundary vertex
Map,Worcester,25027,Not selected,25027-0,211,-71.543668,42.26393,,boundary vertex
Map,Worcester,25027,Not selected,25027-0,212,-71.547949,42.265937,,boundary vertex
Map,Worcester,25027,Not selected,25027-0,213,-71.550115,42.266023,,boundary vertex
Map,Worcester,25027,Not selected,25027-0,214,-71.552412,42.267431,,boundary vertex
Map,Worcester,25027,Not selected,25027-0,215,-71.556584,42.268134,,boundary vertex
Map,Worcester,25027,Not selected,25027-0,216,-71.558503,42.267538,,boundary vertex
Map,Worcester,25027,Not selected,25027-0,217,-71.558533,42.267819,,boundary vertex
Map,Worcester,25027,Not selected,25027-0,218,-71.564564,42.266866,,boundary vertex
Map,Worcester,25027,Not selected,25027-0,219,-71.586759,42.259545,,boundary vertex
Map,Worcester,25027,Not selected,25027-0,220,-71.589855,42.251265,,boundary vertex
Map,Worcester,25027,Not selected,25027-0,221,-71.592868,42.243211,,boundary vertex
Map,Worcester,25027,Not selected,25027-0,222,-71.599318,42.225959,,boundary vertex
Map,Worcester,25027,Not selected,25027-0,223,-71.602221,42.218101,,boundary vertex
Map,Worcester,25027,Not selected,25027-0,224,-71.589216,42.202906,,boundary vertex
Map,Worcester,25027,Not selected,25027-0,225,-71.58291,42.195559,,boundary vertex
Map,Worcester,25027,Not selected,25027-0,226,-71.578225,42.195202,,boundary vertex
Map,Worcester,25027,Not selected,25027-0,227,-71.571548,42.194653,,boundary vertex
Map,Worcester,25027,Not selected,25027-0,228,-71.572271,42.192733,,boundary vertex
Map,Worcester,25027,Not selected,25027-0,229,-71.556782,42.19245,,boundary vertex
Map,Worcester,25027,Not selected,25027-0,230,-71.555817,42.189843,,boundary vertex
Map,Worcester,25027,Not selected,25027-0,231,-71.556447,42.186614,,boundary vertex
Map,Worcester,25027,Not selected,25027-0,232,-71.555067,42.184476,,boundary vertex
Map,Worcester,25027,Not selected,25027-0,233,-71.555738,42.182503,,boundary vertex
Map,Worcester,25027,Not selected,25027-0,234,-71.539277,42.18973,,boundary vertex
Map,Worcester,25027,Not selected,25027-0,235,-71.53589,42.189649,,boundary vertex
Map,Worcester,25027,Not selected,25027-0,236,-71.523219,42.189332,,boundary vertex
Map,Worcester,25027,Not selected,25027-0,237,-71.506894,42.188927,,boundary vertex
Map,Worcester,25027,Not selected,25027-0,238,-71.502626,42.191416,,boundary vertex
Map,Worcester,25027,Not selected,25027-0,239,-71.497378,42.166643,,boundary vertex
Map,Worcester,25027,Not selected,25027-0,240,-71.493136,42.16621,,boundary vertex
Map,Worcester,25027,Not selected,25027-0,241,-71.478027,42.165871,,boundary vertex
Map,Worcester,25027,Not selected,25027-0,242,-71.478096,42.158661,,boundary vertex
Map,Worcester,25027,Not selected,25027-0,243,-71.478119,42.156782,,boundary vertex
Map,Worcester,25027,Not selected,25027-0,244,-71.478159,42.154017,,boundary vertex
Map,Worcester,25027,Not selected,25027-0,245,-71.478284,42.146877,,boundary vertex
Map,Worcester,25027,Not selected,25027-0,246,-71.478522,42.131378,,boundary vertex
Map,Worcester,25027,Not selected,25027-0,247,-71.489881,42.124734,,boundary vertex
Map,Worcester,25027,Not selected,25027-0,248,-71.495757,42.120657,,boundary vertex
Map,Worcester,25027,Not selected,25027-0,249,-71.501393,42.116677,,boundary vertex
Map,Worcester,25027,Not selected,25027-0,250,-71.501551,42.115891,,boundary vertex
Map,Worcester,25027,Not selected,25027-0,251,-71.500384,42.112695,,boundary vertex
Map,Worcester,25027,Not selected,25027-0,252,-71.503078,42.110285,,boundary vertex
Map,Worcester,25027,Not selected,25027-0,253,-71.500599,42.107457,,boundary vertex
Map,Worcester,25027,Not selected,25027-0,254,-71.501225,42.105945,,boundary vertex
Map,Worcester,25027,Not selected,25027-0,255,-71.499689,42.10349,,boundary vertex
Map,Worcester,25027,Not selected,25027-0,256,-71.49693,42.102357,,boundary vertex
Map,Worcester,25027,Not selected,25027-0,257,-71.49553,42.099962,,boundary vertex
Map,Worcester,25027,Not selected,25027-0,258,-71.498127,42.093415,,boundary vertex
Map,Worcester,25027,Not selected,25027-0,259,-71.498236,42.088563,,boundary vertex
Map,Worcester,25027,Not selected,25027-0,260,-71.498269,42.075751,,boundary vertex
Map,Worcester,25027,Not selected,25027-0,261,-71.498287,42.064878,,boundary vertex
Map,Worcester,25027,Not selected,25027-0,262,-71.498306,42.058196,,boundary vertex
Map,Worcester,25027,Not selected,25027-0,263,-71.498262,42.034383,,boundary vertex
Map,Worcester,25027,Not selected,25027-0,264,-71.49826,42.03159,,boundary vertex
Map,Worcester,25027,Not selected,25027-0,265,-71.497901,42.031513,,boundary vertex
Map,Worcester,25027,Not selected,25027-0,266,-71.498167,42.02467,,boundary vertex
Map,Worcester,25027,Not selected,25027-0,267,-71.498258301062,42.0172202331592,,boundary vertex
Map,Worcester,25027,Not selected,25027-0,268,-71.499905,42.017198,,boundary vertex
Map,Worcester,25027,Not selected,25027-0,269,-71.500905,42.017098,,boundary vertex
Map,Worcester,25027,Not selected,25027-0,270,-71.5020495411129,42.0170112956242,,boundary vertex
Map,Worcester,25027,Not selected,25027-0,271,-71.5020555032736,42.0170108439625,,boundary vertex
Map,Worcester,25027,Not selected,25027-0,272,-71.5116333994735,42.0162852732492,,boundary vertex
Map,Worcester,25027,Not selected,25027-0,273,-71.5246411875339,42.0152998720856,,boundary vertex
Map,Worcester,25027,Not selected,25027-0,274,-71.527306,42.015098,,boundary vertex
Map,Worcester,25027,Not selected,25027-0,275,-71.527606,42.014998,,boundary vertex
Map,Worcester,25027,Not selected,25027-0,276,-71.5276999611655,42.014996063691,,boundary vertex
Map,Worcester,25027,Not selected,25027-0,277,-71.5289280673524,42.0149707554367,,boundary vertex
Map,Worcester,25027,Not selected,25027-0,278,-71.5380362061651,42.0147830590505,,boundary vertex
Map,Worcester,25027,Not selected,25027-0,279,-71.553360975429,42.0144672531687,,boundary vertex
Map,Worcester,25027,Not selected,25027-0,280,-71.5536148628593,42.0144620211719,,boundary vertex
Map,Worcester,25027,Not selected,25027-0,281,-71.559439,42.014342,,boundary vertex
Map,Worcester,25027,Not selected,25027-0,282,-71.5636650212292,42.0142829726269,,boundary vertex
Map,Worcester,25027,Not selected,25027-0,283,-71.576908,42.014098,,boundary vertex
Map,Worcester,25027,Not selected,25027-0,284,-71.5911031922974,42.0137712362848,,boundary vertex
Map,Worcester,25027,Not selected,25027-0,285,-71.5941189192252,42.0137018162928,,boundary vertex
Map,Worcester,25027,Not selected,25027-0,286,-71.6067340253166,42.0134114250922,,boundary vertex
Map,Worcester,25027,Not selected,25027-0,287,-71.661603714444,42.0121483620005,,boundary vertex
Map,Worcester,25027,Not selected,25027-0,288,-71.6780229685747,42.0117704018878,,boundary vertex
Map,Worcester,25027,Not selected,25027-0,289,-71.6808758163105,42.0117047312646,,boundary vertex
Map,Worcester,25027,Not selected,25027-0,290,-71.7551091980533,42.0099959290799,,boundary vertex
Map,Worcester,25027,Not selected,25027-0,291,-71.76601,42.009745,,boundary vertex
Map,Worcester,25027,Not selected,25027-0,292,-71.799242,42.008065,,boundary vertex
Map,Worcester,25027,Not selected,25027-0,293,-71.80065,42.023569,,boundary vertex
Map,Worcester,25027,Not selected,25027-0,294,-71.8045665635015,42.023603720229,,boundary vertex
Map,Worcester,25027,Not selected,25027-0,295,-71.8416470936308,42.0239324381206,,boundary vertex
Map,Worcester,25027,Not selected,25027-0,296,-71.8457122262748,42.023968475411,,boundary vertex
Map,Worcester,25027,Not selected,25027-0,297,-71.8603967710167,42.024098653501,,boundary vertex
Map,Worcester,25027,Not selected,25027-0,298,-71.8659515062247,42.0241478960776,,boundary vertex
Map,Worcester,25027,Not selected,25027-0,299,-71.877396643979,42.0242493569126,,boundary vertex
Map,Worcester,25027,Not selected,25027-0,300,-71.8828330899181,42.0242975508581,,boundary vertex
Map,Worcester,25027,Not selected,25027-0,301,-71.883947767419,42.0243074324438,,boundary vertex
Map,Worcester,25027,Not selected,25027-0,302,-71.89078,42.024368,,boundary vertex
Map,Worcester,25027,Not selected,25027-0,303,-71.9010880693507,42.0246362024134,,boundary vertex
Map,Worcester,25027,Not selected,25027-0,304,-71.9208828863063,42.0251512375282,,boundary vertex
Map,Worcester,25027,Not selected,25027-0,305,-71.9209864169382,42.0251539312591,,boundary vertex
Map,Worcester,25027,Not selected,25027-0,306,-71.9523269561765,42.0259693708896,,boundary vertex
Map,Worcester,25027,Not selected,25027-0,307,-71.9630193086355,42.0262475718444,,boundary vertex
Map,Worcester,25027,Not selected,25027-0,308,-71.987326,42.02688,,boundary vertex
Map,Worcester,25027,Not selected,25027-0,309,-71.9931020771696,42.0269154132603,,boundary vertex
Map,Worcester,25027,Not selected,25027-0,310,-72.0100396989336,42.027019258204,,boundary vertex
Map,Worcester,25027,Not selected,25027-0,311,-72.0100444151492,42.0270192871192,,boundary vertex
Map,Worcester,25027,Not selected,25027-0,312,-72.0345788233465,42.0271697081331,,boundary vertex
Map,Worcester,25027,Not selected,25027-0,313,-72.063496,42.027347,,boundary vertex
Map,Worcester,25027,Not selected,25027-0,314,-72.0997252597077,42.0288013695839,,boundary vertex
Map,Worcester,25027,Not selected,25027-0,315,-72.1021687771907,42.028899460948,,boundary vertex
Map,Worcester,25027,Not selected,25027-0,316,-72.135687,42.030245,,boundary vertex
Map,Worcester,25027,Not selected,25027-0,317,-72.135715,42.0302453396816,,boundary vertex
Map,Worcester,25027,Not selected,25027-0,318,-72.135491,42.05293,,boundary vertex
Map,Worcester,25027,Not selected,25027-0,319,-72.135388,42.063146,,boundary vertex
Map,Worcester,25027,Not selected,25027-0,320,-72.13518,42.083514,,boundary vertex
Map,Worcester,25027,Not selected,25027-0,321,-72.135112,42.090665,,boundary vertex
Map,Worcester,25027,Not selected,25027-0,322,-72.135082,42.111445,,boundary vertex
Map,Worcester,25027,Not selected,25027-0,323,-72.135086,42.111803,,boundary vertex
Map,Worcester,25027,Not selected,25027-0,324,-72.135042,42.140602,,boundary vertex
Map,Worcester,25027,Not selected,25027-0,325,-72.135011,42.161784,,boundary vertex
Map,Worcester,25027,Not selected,25027-0,326,-72.141886,42.161,,boundary vertex
Map,Worcester,25027,Not selected,25027-0,327,-72.199348,42.153707,,boundary vertex
Map,Worcester,25027,Not selected,25027-0,328,-72.200626,42.161287,,boundary vertex
Map,Worcester,25027,Not selected,25027-0,329,-72.207907,42.163879,,boundary vertex
Map,Worcester,25027,Not selected,25027-0,330,-72.255924,42.180976,,boundary vertex
Map,Worcester,25027,Not selected,25027-0,331,-72.263924,42.183831,,boundary vertex
Map,Worcester,25027,Not selected,25027-0,332,-72.26375,42.188323,,boundary vertex
Map,Worcester,25027,Not selected,25027-0,333,-72.263132,42.190109,,boundary vertex
Map,Worcester,25027,Not selected,25027-0,334,-72.263276,42.192601,,boundary vertex
Map,Worcester,25027,Not selected,25027-0,335,-72.264398,42.193529,,boundary vertex
Map,Worcester,25027,Not selected,25027-0,336,-72.264691,42.196725,,boundary vertex
Map,Worcester,25027,Not selected,25027-0,337,-72.264108,42.199501,,boundary vertex
Map,Worcester,25027,Not selected,25027-0,338,-72.262792,42.202534,,boundary vertex
Map,Worcester,25027,Not selected,25027-0,339,-72.260159,42.205869,,boundary vertex
Map,Worcester,25027,Not selected,25027-0,340,-72.257504,42.207809,,boundary vertex
Map,Worcester,25027,Not selected,25027-0,341,-72.255674,42.209707,,boundary vertex
Map,Worcester,25027,Not selected,25027-0,342,-72.239127,42.226812,,boundary vertex
Map,Worcester,25027,Not selected,25027-0,343,-72.221218,42.245252,,boundary vertex
Map,Worcester,25027,Not selected,25027-0,344,-72.218068,42.248605,,boundary vertex
Map,Worcester,25027,Not selected,25027-0,345,-72.214821,42.249041,,boundary vertex
Map,Worcester,25027,Not selected,25027-0,346,-72.214584,42.247571,,boundary vertex
Map,Worcester,25027,Not selected,25027-0,347,-72.21046,42.247205,,boundary vertex
Map,Worcester,25027,Not selected,25027-0,348,-72.211079,42.251262,,boundary vertex
Map,Worcester,25027,Not selected,25027-0,349,-72.211101,42.255677,,boundary vertex
Map,Worcester,25027,Not selected,25027-0,350,-72.216091,42.256197,,boundary vertex
Map,Worcester,25027,Not selected,25027-0,351,-72.216514,42.259648,,boundary vertex
Map,Worcester,25027,Not selected,25027-0,352,-72.21757,42.268198,,boundary vertex
Map,Worcester,25027,Not selected,25027-0,353,-72.217649,42.270172,,boundary vertex
Map,Worcester,25027,Not selected,25027-0,354,-72.212779,42.269805,,boundary vertex
Map,Worcester,25027,Not selected,25027-0,355,-72.212043,42.282652,,boundary vertex
Map,Worcester,25027,Not selected,25027-0,356,-72.207109,42.285246,,boundary vertex
Map,Worcester,25027,Not selected,25027-0,357,-72.203957,42.288878,,boundary vertex
Map,Worcester,25027,Not selected,25027-0,358,-72.203281,42.291182,,boundary vertex
Map,Worcester,25027,Not selected,25027-0,359,-72.210798,42.294479,,boundary vertex
Map,Worcester,25027,Not selected,25027-0,360,-72.213973,42.294257,,boundary vertex
Map,Worcester,25027,Not selected,25027-0,361,-72.216745,42.294056,,boundary vertex
Map,Worcester,25027,Not selected,25027-0,362,-72.216262,42.299307,,boundary vertex
Map,Worcester,25027,Not selected,25027-0,363,-72.212775,42.301514,,boundary vertex
Map,Worcester,25027,Not selected,25027-0,364,-72.213067,42.303809,,boundary vertex
Map,Worcester,25027,Not selected,25027-0,365,-72.212852,42.307566,,boundary vertex
Map,Worcester,25027,Not selected,25027-0,366,-72.212144,42.310218,,boundary vertex
Map,Worcester,25027,Not selected,25027-0,367,-72.210795,42.31138,,boundary vertex
Map,Worcester,25027,Not selected,25027-0,368,-72.232935,42.307875,,boundary vertex
Map,Worcester,25027,Not selected,25027-0,369,-72.244543,42.306033,,boundary vertex
Map,Worcester,25027,Not selected,25027-0,370,-72.261545,42.303331,,boundary vertex
Map,Worcester,25027,Not selected,25027-0,371,-72.261922,42.305258,,boundary vertex
Map,Worcester,25027,Not selected,25027-0,372,-72.268653,42.303524,,boundary vertex
Map,Worcester,25027,Not selected,25027-0,373,-72.274639,42.301963,,boundary vertex
Map,Worcester,25027,Not selected,25027-0,374,-72.280003,42.329091,,boundary vertex
Map,Worcester,25027,Not selected,25027-0,375,-72.277079,42.329405,,boundary vertex
Map,Worcester,25027,Not selected,25027-0,376,-72.278491,42.336465,,boundary vertex
Map,Worcester,25027,Not selected,25027-0,377,-72.281382,42.336127,,boundary vertex
Map,Worcester,25027,Not selected,25027-0,378,-72.284231,42.35201,,boundary vertex
Map,Worcester,25027,Not selected,25027-0,379,-72.288559,42.352078,,boundary vertex
Map,Worcester,25027,Not selected,25027-0,380,-72.288734,42.352024,,boundary vertex
Map,Worcester,25027,Not selected,25027-0,381,-72.291333,42.351736,,boundary vertex
Map,Worcester,25027,Not selected,25027-0,382,-72.295389,42.350569,,boundary vertex
Map,Worcester,25027,Not selected,25027-0,383,-72.296709,42.349369,,boundary vertex
Map,Worcester,25027,Not selected,25027-0,384,-72.298744,42.349322,,boundary vertex
Map,Worcester,25027,Not selected,25027-0,385,-72.301397,42.348229,,boundary vertex
Map,Worcester,25027,Not selected,25027-0,386,-72.303753,42.345757,,boundary vertex
Map,Worcester,25027,Not selected,25027-0,387,-72.306143,42.346127,,boundary vertex
Map,Worcester,25027,Not selected,25027-0,388,-72.306804,42.344282,,boundary vertex
Map,Worcester,25027,Not selected,25027-0,389,-72.308788,42.344891,,boundary vertex
Map,Worcester,25027,Not selected,25027-0,390,-72.309409,42.343761,,boundary vertex
Map,Worcester,25027,Not selected,25027-0,391,-72.312176,42.342802,,boundary vertex
Map,Worcester,25027,Not selected,25027-0,392,-72.314253,42.343688,,boundary vertex
Map,Worcester,25027,Not selected,25027-0,393,-72.314277,42.348338,,boundary vertex
Map,Worcester,25027,Not selected,25027-0,394,-72.312611,42.350796,,boundary vertex
Map,Worcester,25027,Not selected,25027-0,395,-72.312219,42.352524,,boundary vertex
Map,Worcester,25027,Not selected,25027-0,396,-72.313653,42.354336,,boundary vertex
Map,Worcester,25027,Not selected,25027-0,397,-72.313121,42.355697,,boundary vertex
Map,Worcester,25027,Not selected,25027-0,398,-72.313799,42.357791,,boundary vertex
Map,Worcester,25027,Not selected,25027-0,399,-72.311546,42.35885,,boundary vertex
Map,Worcester,25027,Not selected,25027-0,400,-72.312965,42.362114,,boundary vertex
Map,Worcester,25027,Not selected,25027-0,401,-72.310505,42.364294,,boundary vertex
Map,Worcester,25027,Not selected,25027-0,402,-72.313108,42.368557,,boundary vertex
Map,Worcester,25027,Not selected,25027-0,403,-72.315655,42.369479,,boundary vertex
Map,Worcester,25027,Not selected,25027-0,404,-72.314567,42.371405,,boundary vertex
Map,Worcester,25027,Not selected,25027-0,405,-72.311431,42.372206,,boundary vertex
Map,Worcester,25027,Not selected,25027-0,406,-72.312087,42.373765,,boundary vertex
Map,Worcester,25027,Not selected,25027-0,407,-72.313159,42.373587,,boundary vertex
Map,Worcester,25027,Not selected,25027-0,408,-72.312066,42.376431,,boundary vertex
Map,Worcester,25027,Not selected,25027-0,409,-72.313641,42.377584,,boundary vertex
Map,Worcester,25027,Not selected,25027-0,410,-72.313117,42.378751,,boundary vertex
Map,Worcester,25027,Not selected,25027-0,411,-72.31435,42.381656,,boundary vertex
Map,Worcester,25027,Not selected,25027-0,412,-72.312924,42.382687,,boundary vertex
Map,Worcester,25027,Not selected,25027-0,413,-72.310852,42.385866,,boundary vertex
Map,Worcester,25027,Not selected,25027-0,414,-72.311646,42.386609,,boundary vertex
Map,Worcester,25027,Not selected,25027-0,415,-72.310043,42.38739,,boundary vertex
Map,Worcester,25027,Not selected,25027-0,416,-72.312572,42.38867,,boundary vertex
Map,Worcester,25027,Not selected,25027-0,417,-72.312658,42.390932,,boundary vertex
Map,Worcester,25027,Not selected,25027-0,418,-72.314508,42.391655,,boundary vertex
Map,Worcester,25027,Not selected,25027-0,419,-72.313391,42.392759,,boundary vertex
Map,Worcester,25027,Not selected,25027-0,420,-72.315819,42.39454,,boundary vertex
Map,Worcester,25027,Not selected,25027-0,421,-72.313631,42.396404,,boundary vertex
